
Due to MODULEPATH changes, the following have been reloaded:
  1) mii/1.1.2

The following have been reloaded with a version change:
  1) StdEnv/2023 => StdEnv/2020           5) libfabric/1.18.0 => libfabric/1.10.1
  2) gcccore/.12.3 => gcccore/.9.3.0      6) openmpi/4.1.5 => openmpi/4.0.3
  3) gentoo/2023 => gentoo/2020           7) ucx/1.14.1 => ucx/1.8.0
  4) imkl/2023.2.0 => imkl/2020.1.217


Due to MODULEPATH changes, the following have been reloaded:
  1) libfabric/1.10.1     2) openmpi/4.0.3     3) ucx/1.8.0

/scratch/beum/motorVAE/env/lib/python3.9/site-packages/umap/distances.py:1063: NumbaDeprecationWarning: The 'nopython' keyword argument was not supplied to the 'numba.jit' decorator. The implicit default value for this argument is currently False, but it will be changed to True in Numba 0.59.0. See https://numba.readthedocs.io/en/stable/reference/deprecation.html#deprecation-of-object-mode-fall-back-behaviour-when-using-jit for details.
  @numba.jit()
/scratch/beum/motorVAE/env/lib/python3.9/site-packages/umap/distances.py:1071: NumbaDeprecationWarning: The 'nopython' keyword argument was not supplied to the 'numba.jit' decorator. The implicit default value for this argument is currently False, but it will be changed to True in Numba 0.59.0. See https://numba.readthedocs.io/en/stable/reference/deprecation.html#deprecation-of-object-mode-fall-back-behaviour-when-using-jit for details.
  @numba.jit()
/scratch/beum/motorVAE/env/lib/python3.9/site-packages/umap/distances.py:1086: NumbaDeprecationWarning: The 'nopython' keyword argument was not supplied to the 'numba.jit' decorator. The implicit default value for this argument is currently False, but it will be changed to True in Numba 0.59.0. See https://numba.readthedocs.io/en/stable/reference/deprecation.html#deprecation-of-object-mode-fall-back-behaviour-when-using-jit for details.
  @numba.jit()
/scratch/beum/motorVAE/env/lib/python3.9/site-packages/umap/umap_.py:660: NumbaDeprecationWarning: The 'nopython' keyword argument was not supplied to the 'numba.jit' decorator. The implicit default value for this argument is currently False, but it will be changed to True in Numba 0.59.0. See https://numba.readthedocs.io/en/stable/reference/deprecation.html#deprecation-of-object-mode-fall-back-behaviour-when-using-jit for details.
  @numba.jit()
Using device: cuda
Outputs will be saved to: outputs/res256_lat128_ep250_bat64_lrn0.00015_rec50.0_per2.5_gan0.1_kld0.75(tc0.02_mi0.2_dk1e-05)_cls0.25_pat16
Found 46434 valid images
Number of classes - Year: 19, Make: 28, Body: 8, Door: 2
No checkpoint found. Starting training from scratch.
Selected 2009_Audi_A4_3.2quattro_sedan_4Door_3.png for reconstruction tracking
Epoch 1/250:   0%|          | 0/719 [00:00<?, ?it/s]Epoch 1/250:   0%|          | 1/719 [00:05<1:03:16,  5.29s/it]Epoch 1/250:   0%|          | 2/719 [00:07<42:27,  3.55s/it]  Epoch 1/250:   0%|          | 3/719 [00:09<35:48,  3.00s/it]Epoch 1/250:   1%|          | 4/719 [00:12<32:36,  2.74s/it]Epoch 1/250:   1%|          | 5/719 [00:14<30:51,  2.59s/it]/tmp/coulombc/pytorch_build_2021-11-10_08-09-16/avx2/python3.9/pytorch/aten/src/ATen/native/cuda/Loss.cu:104: operator(): block: [32,0,0], thread: [0,0,0] Assertion `input_val >= zero && input_val <= one` failed.
/tmp/coulombc/pytorch_build_2021-11-10_08-09-16/avx2/python3.9/pytorch/aten/src/ATen/native/cuda/Loss.cu:104: operator(): block: [32,0,0], thread: [1,0,0] Assertion `input_val >= zero && input_val <= one` failed.
/tmp/coulombc/pytorch_build_2021-11-10_08-09-16/avx2/python3.9/pytorch/aten/src/ATen/native/cuda/Loss.cu:104: operator(): block: [32,0,0], thread: [2,0,0] Assertion `input_val >= zero && input_val <= one` failed.
/tmp/coulombc/pytorch_build_2021-11-10_08-09-16/avx2/python3.9/pytorch/aten/src/ATen/native/cuda/Loss.cu:104: operator(): block: [32,0,0], thread: [3,0,0] Assertion `input_val >= zero && input_val <= one` failed.
/tmp/coulombc/pytorch_build_2021-11-10_08-09-16/avx2/python3.9/pytorch/aten/src/ATen/native/cuda/Loss.cu:104: operator(): block: [32,0,0], thread: [4,0,0] Assertion `input_val >= zero && input_val <= one` failed.
/tmp/coulombc/pytorch_build_2021-11-10_08-09-16/avx2/python3.9/pytorch/aten/src/ATen/native/cuda/Loss.cu:104: operator(): block: [32,0,0], thread: [5,0,0] Assertion `input_val >= zero && input_val <= one` failed.
/tmp/coulombc/pytorch_build_2021-11-10_08-09-16/avx2/python3.9/pytorch/aten/src/ATen/native/cuda/Loss.cu:104: operator(): block: [32,0,0], thread: [6,0,0] Assertion `input_val >= zero && input_val <= one` failed.
/tmp/coulombc/pytorch_build_2021-11-10_08-09-16/avx2/python3.9/pytorch/aten/src/ATen/native/cuda/Loss.cu:104: operator(): block: [32,0,0], thread: [7,0,0] Assertion `input_val >= zero && input_val <= one` failed.
/tmp/coulombc/pytorch_build_2021-11-10_08-09-16/avx2/python3.9/pytorch/aten/src/ATen/native/cuda/Loss.cu:104: operator(): block: [32,0,0], thread: [8,0,0] Assertion `input_val >= zero && input_val <= one` failed.
/tmp/coulombc/pytorch_build_2021-11-10_08-09-16/avx2/python3.9/pytorch/aten/src/ATen/native/cuda/Loss.cu:104: operator(): block: [32,0,0], thread: [9,0,0] Assertion `input_val >= zero && input_val <= one` failed.
/tmp/coulombc/pytorch_build_2021-11-10_08-09-16/avx2/python3.9/pytorch/aten/src/ATen/native/cuda/Loss.cu:104: operator(): block: [32,0,0], thread: [10,0,0] Assertion `input_val >= zero && input_val <= one` failed.
/tmp/coulombc/pytorch_build_2021-11-10_08-09-16/avx2/python3.9/pytorch/aten/src/ATen/native/cuda/Loss.cu:104: operator(): block: [32,0,0], thread: [11,0,0] Assertion `input_val >= zero && input_val <= one` failed.
/tmp/coulombc/pytorch_build_2021-11-10_08-09-16/avx2/python3.9/pytorch/aten/src/ATen/native/cuda/Loss.cu:104: operator(): block: [32,0,0], thread: [12,0,0] Assertion `input_val >= zero && input_val <= one` failed.
/tmp/coulombc/pytorch_build_2021-11-10_08-09-16/avx2/python3.9/pytorch/aten/src/ATen/native/cuda/Loss.cu:104: operator(): block: [32,0,0], thread: [13,0,0] Assertion `input_val >= zero && input_val <= one` failed.
/tmp/coulombc/pytorch_build_2021-11-10_08-09-16/avx2/python3.9/pytorch/aten/src/ATen/native/cuda/Loss.cu:104: operator(): block: [32,0,0], thread: [14,0,0] Assertion `input_val >= zero && input_val <= one` failed.
/tmp/coulombc/pytorch_build_2021-11-10_08-09-16/avx2/python3.9/pytorch/aten/src/ATen/native/cuda/Loss.cu:104: operator(): block: [32,0,0], thread: [15,0,0] Assertion `input_val >= zero && input_val <= one` failed.
/tmp/coulombc/pytorch_build_2021-11-10_08-09-16/avx2/python3.9/pytorch/aten/src/ATen/native/cuda/Loss.cu:104: operator(): block: [32,0,0], thread: [16,0,0] Assertion `input_val >= zero && input_val <= one` failed.
/tmp/coulombc/pytorch_build_2021-11-10_08-09-16/avx2/python3.9/pytorch/aten/src/ATen/native/cuda/Loss.cu:104: operator(): block: [32,0,0], thread: [17,0,0] Assertion `input_val >= zero && input_val <= one` failed.
/tmp/coulombc/pytorch_build_2021-11-10_08-09-16/avx2/python3.9/pytorch/aten/src/ATen/native/cuda/Loss.cu:104: operator(): block: [32,0,0], thread: [18,0,0] Assertion `input_val >= zero && input_val <= one` failed.
/tmp/coulombc/pytorch_build_2021-11-10_08-09-16/avx2/python3.9/pytorch/aten/src/ATen/native/cuda/Loss.cu:104: operator(): block: [32,0,0], thread: [19,0,0] Assertion `input_val >= zero && input_val <= one` failed.
/tmp/coulombc/pytorch_build_2021-11-10_08-09-16/avx2/python3.9/pytorch/aten/src/ATen/native/cuda/Loss.cu:104: operator(): block: [32,0,0], thread: [20,0,0] Assertion `input_val >= zero && input_val <= one` failed.
/tmp/coulombc/pytorch_build_2021-11-10_08-09-16/avx2/python3.9/pytorch/aten/src/ATen/native/cuda/Loss.cu:104: operator(): block: [32,0,0], thread: [21,0,0] Assertion `input_val >= zero && input_val <= one` failed.
/tmp/coulombc/pytorch_build_2021-11-10_08-09-16/avx2/python3.9/pytorch/aten/src/ATen/native/cuda/Loss.cu:104: operator(): block: [32,0,0], thread: [22,0,0] Assertion `input_val >= zero && input_val <= one` failed.
/tmp/coulombc/pytorch_build_2021-11-10_08-09-16/avx2/python3.9/pytorch/aten/src/ATen/native/cuda/Loss.cu:104: operator(): block: [32,0,0], thread: [23,0,0] Assertion `input_val >= zero && input_val <= one` failed.
/tmp/coulombc/pytorch_build_2021-11-10_08-09-16/avx2/python3.9/pytorch/aten/src/ATen/native/cuda/Loss.cu:104: operator(): block: [32,0,0], thread: [24,0,0] Assertion `input_val >= zero && input_val <= one` failed.
/tmp/coulombc/pytorch_build_2021-11-10_08-09-16/avx2/python3.9/pytorch/aten/src/ATen/native/cuda/Loss.cu:104: operator(): block: [32,0,0], thread: [25,0,0] Assertion `input_val >= zero && input_val <= one` failed.
/tmp/coulombc/pytorch_build_2021-11-10_08-09-16/avx2/python3.9/pytorch/aten/src/ATen/native/cuda/Loss.cu:104: operator(): block: [32,0,0], thread: [26,0,0] Assertion `input_val >= zero && input_val <= one` failed.
/tmp/coulombc/pytorch_build_2021-11-10_08-09-16/avx2/python3.9/pytorch/aten/src/ATen/native/cuda/Loss.cu:104: operator(): block: [32,0,0], thread: [27,0,0] Assertion `input_val >= zero && input_val <= one` failed.
/tmp/coulombc/pytorch_build_2021-11-10_08-09-16/avx2/python3.9/pytorch/aten/src/ATen/native/cuda/Loss.cu:104: operator(): block: [32,0,0], thread: [28,0,0] Assertion `input_val >= zero && input_val <= one` failed.
/tmp/coulombc/pytorch_build_2021-11-10_08-09-16/avx2/python3.9/pytorch/aten/src/ATen/native/cuda/Loss.cu:104: operator(): block: [32,0,0], thread: [29,0,0] Assertion `input_val >= zero && input_val <= one` failed.
/tmp/coulombc/pytorch_build_2021-11-10_08-09-16/avx2/python3.9/pytorch/aten/src/ATen/native/cuda/Loss.cu:104: operator(): block: [32,0,0], thread: [30,0,0] Assertion `input_val >= zero && input_val <= one` failed.
/tmp/coulombc/pytorch_build_2021-11-10_08-09-16/avx2/python3.9/pytorch/aten/src/ATen/native/cuda/Loss.cu:104: operator(): block: [32,0,0], thread: [31,0,0] Assertion `input_val >= zero && input_val <= one` failed.
/tmp/coulombc/pytorch_build_2021-11-10_08-09-16/avx2/python3.9/pytorch/aten/src/ATen/native/cuda/Loss.cu:104: operator(): block: [37,0,0], thread: [0,0,0] Assertion `input_val >= zero && input_val <= one` failed.
/tmp/coulombc/pytorch_build_2021-11-10_08-09-16/avx2/python3.9/pytorch/aten/src/ATen/native/cuda/Loss.cu:104: operator(): block: [37,0,0], thread: [1,0,0] Assertion `input_val >= zero && input_val <= one` failed.
/tmp/coulombc/pytorch_build_2021-11-10_08-09-16/avx2/python3.9/pytorch/aten/src/ATen/native/cuda/Loss.cu:104: operator(): block: [37,0,0], thread: [2,0,0] Assertion `input_val >= zero && input_val <= one` failed.
/tmp/coulombc/pytorch_build_2021-11-10_08-09-16/avx2/python3.9/pytorch/aten/src/ATen/native/cuda/Loss.cu:104: operator(): block: [37,0,0], thread: [3,0,0] Assertion `input_val >= zero && input_val <= one` failed.
/tmp/coulombc/pytorch_build_2021-11-10_08-09-16/avx2/python3.9/pytorch/aten/src/ATen/native/cuda/Loss.cu:104: operator(): block: [37,0,0], thread: [4,0,0] Assertion `input_val >= zero && input_val <= one` failed.
/tmp/coulombc/pytorch_build_2021-11-10_08-09-16/avx2/python3.9/pytorch/aten/src/ATen/native/cuda/Loss.cu:104: operator(): block: [37,0,0], thread: [5,0,0] Assertion `input_val >= zero && input_val <= one` failed.
/tmp/coulombc/pytorch_build_2021-11-10_08-09-16/avx2/python3.9/pytorch/aten/src/ATen/native/cuda/Loss.cu:104: operator(): block: [37,0,0], thread: [6,0,0] Assertion `input_val >= zero && input_val <= one` failed.
/tmp/coulombc/pytorch_build_2021-11-10_08-09-16/avx2/python3.9/pytorch/aten/src/ATen/native/cuda/Loss.cu:104: operator(): block: [37,0,0], thread: [7,0,0] Assertion `input_val >= zero && input_val <= one` failed.
/tmp/coulombc/pytorch_build_2021-11-10_08-09-16/avx2/python3.9/pytorch/aten/src/ATen/native/cuda/Loss.cu:104: operator(): block: [37,0,0], thread: [8,0,0] Assertion `input_val >= zero && input_val <= one` failed.
/tmp/coulombc/pytorch_build_2021-11-10_08-09-16/avx2/python3.9/pytorch/aten/src/ATen/native/cuda/Loss.cu:104: operator(): block: [37,0,0], thread: [9,0,0] Assertion `input_val >= zero && input_val <= one` failed.
/tmp/coulombc/pytorch_build_2021-11-10_08-09-16/avx2/python3.9/pytorch/aten/src/ATen/native/cuda/Loss.cu:104: operator(): block: [37,0,0], thread: [10,0,0] Assertion `input_val >= zero && input_val <= one` failed.
/tmp/coulombc/pytorch_build_2021-11-10_08-09-16/avx2/python3.9/pytorch/aten/src/ATen/native/cuda/Loss.cu:104: operator(): block: [37,0,0], thread: [11,0,0] Assertion `input_val >= zero && input_val <= one` failed.
/tmp/coulombc/pytorch_build_2021-11-10_08-09-16/avx2/python3.9/pytorch/aten/src/ATen/native/cuda/Loss.cu:104: operator(): block: [37,0,0], thread: [12,0,0] Assertion `input_val >= zero && input_val <= one` failed.
/tmp/coulombc/pytorch_build_2021-11-10_08-09-16/avx2/python3.9/pytorch/aten/src/ATen/native/cuda/Loss.cu:104: operator(): block: [37,0,0], thread: [13,0,0] Assertion `input_val >= zero && input_val <= one` failed.
/tmp/coulombc/pytorch_build_2021-11-10_08-09-16/avx2/python3.9/pytorch/aten/src/ATen/native/cuda/Loss.cu:104: operator(): block: [37,0,0], thread: [14,0,0] Assertion `input_val >= zero && input_val <= one` failed.
/tmp/coulombc/pytorch_build_2021-11-10_08-09-16/avx2/python3.9/pytorch/aten/src/ATen/native/cuda/Loss.cu:104: operator(): block: [37,0,0], thread: [15,0,0] Assertion `input_val >= zero && input_val <= one` failed.
/tmp/coulombc/pytorch_build_2021-11-10_08-09-16/avx2/python3.9/pytorch/aten/src/ATen/native/cuda/Loss.cu:104: operator(): block: [37,0,0], thread: [16,0,0] Assertion `input_val >= zero && input_val <= one` failed.
/tmp/coulombc/pytorch_build_2021-11-10_08-09-16/avx2/python3.9/pytorch/aten/src/ATen/native/cuda/Loss.cu:104: operator(): block: [37,0,0], thread: [17,0,0] Assertion `input_val >= zero && input_val <= one` failed.
/tmp/coulombc/pytorch_build_2021-11-10_08-09-16/avx2/python3.9/pytorch/aten/src/ATen/native/cuda/Loss.cu:104: operator(): block: [37,0,0], thread: [18,0,0] Assertion `input_val >= zero && input_val <= one` failed.
/tmp/coulombc/pytorch_build_2021-11-10_08-09-16/avx2/python3.9/pytorch/aten/src/ATen/native/cuda/Loss.cu:104: operator(): block: [37,0,0], thread: [19,0,0] Assertion `input_val >= zero && input_val <= one` failed.
/tmp/coulombc/pytorch_build_2021-11-10_08-09-16/avx2/python3.9/pytorch/aten/src/ATen/native/cuda/Loss.cu:104: operator(): block: [37,0,0], thread: [20,0,0] Assertion `input_val >= zero && input_val <= one` failed.
/tmp/coulombc/pytorch_build_2021-11-10_08-09-16/avx2/python3.9/pytorch/aten/src/ATen/native/cuda/Loss.cu:104: operator(): block: [37,0,0], thread: [21,0,0] Assertion `input_val >= zero && input_val <= one` failed.
/tmp/coulombc/pytorch_build_2021-11-10_08-09-16/avx2/python3.9/pytorch/aten/src/ATen/native/cuda/Loss.cu:104: operator(): block: [37,0,0], thread: [22,0,0] Assertion `input_val >= zero && input_val <= one` failed.
/tmp/coulombc/pytorch_build_2021-11-10_08-09-16/avx2/python3.9/pytorch/aten/src/ATen/native/cuda/Loss.cu:104: operator(): block: [37,0,0], thread: [23,0,0] Assertion `input_val >= zero && input_val <= one` failed.
/tmp/coulombc/pytorch_build_2021-11-10_08-09-16/avx2/python3.9/pytorch/aten/src/ATen/native/cuda/Loss.cu:104: operator(): block: [37,0,0], thread: [24,0,0] Assertion `input_val >= zero && input_val <= one` failed.
/tmp/coulombc/pytorch_build_2021-11-10_08-09-16/avx2/python3.9/pytorch/aten/src/ATen/native/cuda/Loss.cu:104: operator(): block: [37,0,0], thread: [25,0,0] Assertion `input_val >= zero && input_val <= one` failed.
/tmp/coulombc/pytorch_build_2021-11-10_08-09-16/avx2/python3.9/pytorch/aten/src/ATen/native/cuda/Loss.cu:104: operator(): block: [37,0,0], thread: [26,0,0] Assertion `input_val >= zero && input_val <= one` failed.
/tmp/coulombc/pytorch_build_2021-11-10_08-09-16/avx2/python3.9/pytorch/aten/src/ATen/native/cuda/Loss.cu:104: operator(): block: [37,0,0], thread: [27,0,0] Assertion `input_val >= zero && input_val <= one` failed.
/tmp/coulombc/pytorch_build_2021-11-10_08-09-16/avx2/python3.9/pytorch/aten/src/ATen/native/cuda/Loss.cu:104: operator(): block: [37,0,0], thread: [28,0,0] Assertion `input_val >= zero && input_val <= one` failed.
/tmp/coulombc/pytorch_build_2021-11-10_08-09-16/avx2/python3.9/pytorch/aten/src/ATen/native/cuda/Loss.cu:104: operator(): block: [37,0,0], thread: [29,0,0] Assertion `input_val >= zero && input_val <= one` failed.
/tmp/coulombc/pytorch_build_2021-11-10_08-09-16/avx2/python3.9/pytorch/aten/src/ATen/native/cuda/Loss.cu:104: operator(): block: [37,0,0], thread: [30,0,0] Assertion `input_val >= zero && input_val <= one` failed.
/tmp/coulombc/pytorch_build_2021-11-10_08-09-16/avx2/python3.9/pytorch/aten/src/ATen/native/cuda/Loss.cu:104: operator(): block: [37,0,0], thread: [31,0,0] Assertion `input_val >= zero && input_val <= one` failed.
/tmp/coulombc/pytorch_build_2021-11-10_08-09-16/avx2/python3.9/pytorch/aten/src/ATen/native/cuda/Loss.cu:104: operator(): block: [36,0,0], thread: [0,0,0] Assertion `input_val >= zero && input_val <= one` failed.
/tmp/coulombc/pytorch_build_2021-11-10_08-09-16/avx2/python3.9/pytorch/aten/src/ATen/native/cuda/Loss.cu:104: operator(): block: [36,0,0], thread: [1,0,0] Assertion `input_val >= zero && input_val <= one` failed.
/tmp/coulombc/pytorch_build_2021-11-10_08-09-16/avx2/python3.9/pytorch/aten/src/ATen/native/cuda/Loss.cu:104: operator(): block: [36,0,0], thread: [2,0,0] Assertion `input_val >= zero && input_val <= one` failed.
/tmp/coulombc/pytorch_build_2021-11-10_08-09-16/avx2/python3.9/pytorch/aten/src/ATen/native/cuda/Loss.cu:104: operator(): block: [36,0,0], thread: [3,0,0] Assertion `input_val >= zero && input_val <= one` failed.
/tmp/coulombc/pytorch_build_2021-11-10_08-09-16/avx2/python3.9/pytorch/aten/src/ATen/native/cuda/Loss.cu:104: operator(): block: [36,0,0], thread: [4,0,0] Assertion `input_val >= zero && input_val <= one` failed.
/tmp/coulombc/pytorch_build_2021-11-10_08-09-16/avx2/python3.9/pytorch/aten/src/ATen/native/cuda/Loss.cu:104: operator(): block: [36,0,0], thread: [5,0,0] Assertion `input_val >= zero && input_val <= one` failed.
/tmp/coulombc/pytorch_build_2021-11-10_08-09-16/avx2/python3.9/pytorch/aten/src/ATen/native/cuda/Loss.cu:104: operator(): block: [36,0,0], thread: [6,0,0] Assertion `input_val >= zero && input_val <= one` failed.
/tmp/coulombc/pytorch_build_2021-11-10_08-09-16/avx2/python3.9/pytorch/aten/src/ATen/native/cuda/Loss.cu:104: operator(): block: [36,0,0], thread: [7,0,0] Assertion `input_val >= zero && input_val <= one` failed.
/tmp/coulombc/pytorch_build_2021-11-10_08-09-16/avx2/python3.9/pytorch/aten/src/ATen/native/cuda/Loss.cu:104: operator(): block: [36,0,0], thread: [8,0,0] Assertion `input_val >= zero && input_val <= one` failed.
/tmp/coulombc/pytorch_build_2021-11-10_08-09-16/avx2/python3.9/pytorch/aten/src/ATen/native/cuda/Loss.cu:104: operator(): block: [36,0,0], thread: [9,0,0] Assertion `input_val >= zero && input_val <= one` failed.
/tmp/coulombc/pytorch_build_2021-11-10_08-09-16/avx2/python3.9/pytorch/aten/src/ATen/native/cuda/Loss.cu:104: operator(): block: [36,0,0], thread: [10,0,0] Assertion `input_val >= zero && input_val <= one` failed.
/tmp/coulombc/pytorch_build_2021-11-10_08-09-16/avx2/python3.9/pytorch/aten/src/ATen/native/cuda/Loss.cu:104: operator(): block: [36,0,0], thread: [11,0,0] Assertion `input_val >= zero && input_val <= one` failed.
/tmp/coulombc/pytorch_build_2021-11-10_08-09-16/avx2/python3.9/pytorch/aten/src/ATen/native/cuda/Loss.cu:104: operator(): block: [36,0,0], thread: [12,0,0] Assertion `input_val >= zero && input_val <= one` failed.
/tmp/coulombc/pytorch_build_2021-11-10_08-09-16/avx2/python3.9/pytorch/aten/src/ATen/native/cuda/Loss.cu:104: operator(): block: [36,0,0], thread: [13,0,0] Assertion `input_val >= zero && input_val <= one` failed.
/tmp/coulombc/pytorch_build_2021-11-10_08-09-16/avx2/python3.9/pytorch/aten/src/ATen/native/cuda/Loss.cu:104: operator(): block: [36,0,0], thread: [14,0,0] Assertion `input_val >= zero && input_val <= one` failed.
/tmp/coulombc/pytorch_build_2021-11-10_08-09-16/avx2/python3.9/pytorch/aten/src/ATen/native/cuda/Loss.cu:104: operator(): block: [36,0,0], thread: [15,0,0] Assertion `input_val >= zero && input_val <= one` failed.
/tmp/coulombc/pytorch_build_2021-11-10_08-09-16/avx2/python3.9/pytorch/aten/src/ATen/native/cuda/Loss.cu:104: operator(): block: [36,0,0], thread: [16,0,0] Assertion `input_val >= zero && input_val <= one` failed.
/tmp/coulombc/pytorch_build_2021-11-10_08-09-16/avx2/python3.9/pytorch/aten/src/ATen/native/cuda/Loss.cu:104: operator(): block: [36,0,0], thread: [17,0,0] Assertion `input_val >= zero && input_val <= one` failed.
/tmp/coulombc/pytorch_build_2021-11-10_08-09-16/avx2/python3.9/pytorch/aten/src/ATen/native/cuda/Loss.cu:104: operator(): block: [36,0,0], thread: [18,0,0] Assertion `input_val >= zero && input_val <= one` failed.
/tmp/coulombc/pytorch_build_2021-11-10_08-09-16/avx2/python3.9/pytorch/aten/src/ATen/native/cuda/Loss.cu:104: operator(): block: [36,0,0], thread: [19,0,0] Assertion `input_val >= zero && input_val <= one` failed.
/tmp/coulombc/pytorch_build_2021-11-10_08-09-16/avx2/python3.9/pytorch/aten/src/ATen/native/cuda/Loss.cu:104: operator(): block: [36,0,0], thread: [20,0,0] Assertion `input_val >= zero && input_val <= one` failed.
/tmp/coulombc/pytorch_build_2021-11-10_08-09-16/avx2/python3.9/pytorch/aten/src/ATen/native/cuda/Loss.cu:104: operator(): block: [36,0,0], thread: [21,0,0] Assertion `input_val >= zero && input_val <= one` failed.
/tmp/coulombc/pytorch_build_2021-11-10_08-09-16/avx2/python3.9/pytorch/aten/src/ATen/native/cuda/Loss.cu:104: operator(): block: [36,0,0], thread: [22,0,0] Assertion `input_val >= zero && input_val <= one` failed.
/tmp/coulombc/pytorch_build_2021-11-10_08-09-16/avx2/python3.9/pytorch/aten/src/ATen/native/cuda/Loss.cu:104: operator(): block: [36,0,0], thread: [23,0,0] Assertion `input_val >= zero && input_val <= one` failed.
/tmp/coulombc/pytorch_build_2021-11-10_08-09-16/avx2/python3.9/pytorch/aten/src/ATen/native/cuda/Loss.cu:104: operator(): block: [36,0,0], thread: [24,0,0] Assertion `input_val >= zero && input_val <= one` failed.
/tmp/coulombc/pytorch_build_2021-11-10_08-09-16/avx2/python3.9/pytorch/aten/src/ATen/native/cuda/Loss.cu:104: operator(): block: [36,0,0], thread: [25,0,0] Assertion `input_val >= zero && input_val <= one` failed.
/tmp/coulombc/pytorch_build_2021-11-10_08-09-16/avx2/python3.9/pytorch/aten/src/ATen/native/cuda/Loss.cu:104: operator(): block: [36,0,0], thread: [26,0,0] Assertion `input_val >= zero && input_val <= one` failed.
/tmp/coulombc/pytorch_build_2021-11-10_08-09-16/avx2/python3.9/pytorch/aten/src/ATen/native/cuda/Loss.cu:104: operator(): block: [36,0,0], thread: [27,0,0] Assertion `input_val >= zero && input_val <= one` failed.
/tmp/coulombc/pytorch_build_2021-11-10_08-09-16/avx2/python3.9/pytorch/aten/src/ATen/native/cuda/Loss.cu:104: operator(): block: [36,0,0], thread: [28,0,0] Assertion `input_val >= zero && input_val <= one` failed.
/tmp/coulombc/pytorch_build_2021-11-10_08-09-16/avx2/python3.9/pytorch/aten/src/ATen/native/cuda/Loss.cu:104: operator(): block: [36,0,0], thread: [29,0,0] Assertion `input_val >= zero && input_val <= one` failed.
/tmp/coulombc/pytorch_build_2021-11-10_08-09-16/avx2/python3.9/pytorch/aten/src/ATen/native/cuda/Loss.cu:104: operator(): block: [36,0,0], thread: [30,0,0] Assertion `input_val >= zero && input_val <= one` failed.
/tmp/coulombc/pytorch_build_2021-11-10_08-09-16/avx2/python3.9/pytorch/aten/src/ATen/native/cuda/Loss.cu:104: operator(): block: [36,0,0], thread: [31,0,0] Assertion `input_val >= zero && input_val <= one` failed.
/tmp/coulombc/pytorch_build_2021-11-10_08-09-16/avx2/python3.9/pytorch/aten/src/ATen/native/cuda/Loss.cu:104: operator(): block: [22,0,0], thread: [0,0,0] Assertion `input_val >= zero && input_val <= one` failed.
/tmp/coulombc/pytorch_build_2021-11-10_08-09-16/avx2/python3.9/pytorch/aten/src/ATen/native/cuda/Loss.cu:104: operator(): block: [22,0,0], thread: [1,0,0] Assertion `input_val >= zero && input_val <= one` failed.
/tmp/coulombc/pytorch_build_2021-11-10_08-09-16/avx2/python3.9/pytorch/aten/src/ATen/native/cuda/Loss.cu:104: operator(): block: [22,0,0], thread: [2,0,0] Assertion `input_val >= zero && input_val <= one` failed.
/tmp/coulombc/pytorch_build_2021-11-10_08-09-16/avx2/python3.9/pytorch/aten/src/ATen/native/cuda/Loss.cu:104: operator(): block: [22,0,0], thread: [3,0,0] Assertion `input_val >= zero && input_val <= one` failed.
/tmp/coulombc/pytorch_build_2021-11-10_08-09-16/avx2/python3.9/pytorch/aten/src/ATen/native/cuda/Loss.cu:104: operator(): block: [22,0,0], thread: [4,0,0] Assertion `input_val >= zero && input_val <= one` failed.
/tmp/coulombc/pytorch_build_2021-11-10_08-09-16/avx2/python3.9/pytorch/aten/src/ATen/native/cuda/Loss.cu:104: operator(): block: [22,0,0], thread: [5,0,0] Assertion `input_val >= zero && input_val <= one` failed.
/tmp/coulombc/pytorch_build_2021-11-10_08-09-16/avx2/python3.9/pytorch/aten/src/ATen/native/cuda/Loss.cu:104: operator(): block: [22,0,0], thread: [6,0,0] Assertion `input_val >= zero && input_val <= one` failed.
/tmp/coulombc/pytorch_build_2021-11-10_08-09-16/avx2/python3.9/pytorch/aten/src/ATen/native/cuda/Loss.cu:104: operator(): block: [22,0,0], thread: [7,0,0] Assertion `input_val >= zero && input_val <= one` failed.
/tmp/coulombc/pytorch_build_2021-11-10_08-09-16/avx2/python3.9/pytorch/aten/src/ATen/native/cuda/Loss.cu:104: operator(): block: [22,0,0], thread: [8,0,0] Assertion `input_val >= zero && input_val <= one` failed.
/tmp/coulombc/pytorch_build_2021-11-10_08-09-16/avx2/python3.9/pytorch/aten/src/ATen/native/cuda/Loss.cu:104: operator(): block: [22,0,0], thread: [9,0,0] Assertion `input_val >= zero && input_val <= one` failed.
/tmp/coulombc/pytorch_build_2021-11-10_08-09-16/avx2/python3.9/pytorch/aten/src/ATen/native/cuda/Loss.cu:104: operator(): block: [22,0,0], thread: [10,0,0] Assertion `input_val >= zero && input_val <= one` failed.
/tmp/coulombc/pytorch_build_2021-11-10_08-09-16/avx2/python3.9/pytorch/aten/src/ATen/native/cuda/Loss.cu:104: operator(): block: [22,0,0], thread: [11,0,0] Assertion `input_val >= zero && input_val <= one` failed.
/tmp/coulombc/pytorch_build_2021-11-10_08-09-16/avx2/python3.9/pytorch/aten/src/ATen/native/cuda/Loss.cu:104: operator(): block: [22,0,0], thread: [12,0,0] Assertion `input_val >= zero && input_val <= one` failed.
/tmp/coulombc/pytorch_build_2021-11-10_08-09-16/avx2/python3.9/pytorch/aten/src/ATen/native/cuda/Loss.cu:104: operator(): block: [22,0,0], thread: [13,0,0] Assertion `input_val >= zero && input_val <= one` failed.
/tmp/coulombc/pytorch_build_2021-11-10_08-09-16/avx2/python3.9/pytorch/aten/src/ATen/native/cuda/Loss.cu:104: operator(): block: [22,0,0], thread: [14,0,0] Assertion `input_val >= zero && input_val <= one` failed.
/tmp/coulombc/pytorch_build_2021-11-10_08-09-16/avx2/python3.9/pytorch/aten/src/ATen/native/cuda/Loss.cu:104: operator(): block: [22,0,0], thread: [15,0,0] Assertion `input_val >= zero && input_val <= one` failed.
/tmp/coulombc/pytorch_build_2021-11-10_08-09-16/avx2/python3.9/pytorch/aten/src/ATen/native/cuda/Loss.cu:104: operator(): block: [22,0,0], thread: [16,0,0] Assertion `input_val >= zero && input_val <= one` failed.
/tmp/coulombc/pytorch_build_2021-11-10_08-09-16/avx2/python3.9/pytorch/aten/src/ATen/native/cuda/Loss.cu:104: operator(): block: [22,0,0], thread: [17,0,0] Assertion `input_val >= zero && input_val <= one` failed.
/tmp/coulombc/pytorch_build_2021-11-10_08-09-16/avx2/python3.9/pytorch/aten/src/ATen/native/cuda/Loss.cu:104: operator(): block: [22,0,0], thread: [18,0,0] Assertion `input_val >= zero && input_val <= one` failed.
/tmp/coulombc/pytorch_build_2021-11-10_08-09-16/avx2/python3.9/pytorch/aten/src/ATen/native/cuda/Loss.cu:104: operator(): block: [22,0,0], thread: [19,0,0] Assertion `input_val >= zero && input_val <= one` failed.
/tmp/coulombc/pytorch_build_2021-11-10_08-09-16/avx2/python3.9/pytorch/aten/src/ATen/native/cuda/Loss.cu:104: operator(): block: [22,0,0], thread: [20,0,0] Assertion `input_val >= zero && input_val <= one` failed.
/tmp/coulombc/pytorch_build_2021-11-10_08-09-16/avx2/python3.9/pytorch/aten/src/ATen/native/cuda/Loss.cu:104: operator(): block: [22,0,0], thread: [21,0,0] Assertion `input_val >= zero && input_val <= one` failed.
/tmp/coulombc/pytorch_build_2021-11-10_08-09-16/avx2/python3.9/pytorch/aten/src/ATen/native/cuda/Loss.cu:104: operator(): block: [22,0,0], thread: [22,0,0] Assertion `input_val >= zero && input_val <= one` failed.
/tmp/coulombc/pytorch_build_2021-11-10_08-09-16/avx2/python3.9/pytorch/aten/src/ATen/native/cuda/Loss.cu:104: operator(): block: [22,0,0], thread: [23,0,0] Assertion `input_val >= zero && input_val <= one` failed.
/tmp/coulombc/pytorch_build_2021-11-10_08-09-16/avx2/python3.9/pytorch/aten/src/ATen/native/cuda/Loss.cu:104: operator(): block: [22,0,0], thread: [24,0,0] Assertion `input_val >= zero && input_val <= one` failed.
/tmp/coulombc/pytorch_build_2021-11-10_08-09-16/avx2/python3.9/pytorch/aten/src/ATen/native/cuda/Loss.cu:104: operator(): block: [22,0,0], thread: [25,0,0] Assertion `input_val >= zero && input_val <= one` failed.
/tmp/coulombc/pytorch_build_2021-11-10_08-09-16/avx2/python3.9/pytorch/aten/src/ATen/native/cuda/Loss.cu:104: operator(): block: [22,0,0], thread: [26,0,0] Assertion `input_val >= zero && input_val <= one` failed.
/tmp/coulombc/pytorch_build_2021-11-10_08-09-16/avx2/python3.9/pytorch/aten/src/ATen/native/cuda/Loss.cu:104: operator(): block: [22,0,0], thread: [27,0,0] Assertion `input_val >= zero && input_val <= one` failed.
/tmp/coulombc/pytorch_build_2021-11-10_08-09-16/avx2/python3.9/pytorch/aten/src/ATen/native/cuda/Loss.cu:104: operator(): block: [22,0,0], thread: [28,0,0] Assertion `input_val >= zero && input_val <= one` failed.
/tmp/coulombc/pytorch_build_2021-11-10_08-09-16/avx2/python3.9/pytorch/aten/src/ATen/native/cuda/Loss.cu:104: operator(): block: [22,0,0], thread: [29,0,0] Assertion `input_val >= zero && input_val <= one` failed.
/tmp/coulombc/pytorch_build_2021-11-10_08-09-16/avx2/python3.9/pytorch/aten/src/ATen/native/cuda/Loss.cu:104: operator(): block: [22,0,0], thread: [30,0,0] Assertion `input_val >= zero && input_val <= one` failed.
/tmp/coulombc/pytorch_build_2021-11-10_08-09-16/avx2/python3.9/pytorch/aten/src/ATen/native/cuda/Loss.cu:104: operator(): block: [22,0,0], thread: [31,0,0] Assertion `input_val >= zero && input_val <= one` failed.
/tmp/coulombc/pytorch_build_2021-11-10_08-09-16/avx2/python3.9/pytorch/aten/src/ATen/native/cuda/Loss.cu:104: operator(): block: [32,0,0], thread: [32,0,0] Assertion `input_val >= zero && input_val <= one` failed.
/tmp/coulombc/pytorch_build_2021-11-10_08-09-16/avx2/python3.9/pytorch/aten/src/ATen/native/cuda/Loss.cu:104: operator(): block: [32,0,0], thread: [33,0,0] Assertion `input_val >= zero && input_val <= one` failed.
/tmp/coulombc/pytorch_build_2021-11-10_08-09-16/avx2/python3.9/pytorch/aten/src/ATen/native/cuda/Loss.cu:104: operator(): block: [32,0,0], thread: [34,0,0] Assertion `input_val >= zero && input_val <= one` failed.
/tmp/coulombc/pytorch_build_2021-11-10_08-09-16/avx2/python3.9/pytorch/aten/src/ATen/native/cuda/Loss.cu:104: operator(): block: [32,0,0], thread: [35,0,0] Assertion `input_val >= zero && input_val <= one` failed.
/tmp/coulombc/pytorch_build_2021-11-10_08-09-16/avx2/python3.9/pytorch/aten/src/ATen/native/cuda/Loss.cu:104: operator(): block: [32,0,0], thread: [36,0,0] Assertion `input_val >= zero && input_val <= one` failed.
/tmp/coulombc/pytorch_build_2021-11-10_08-09-16/avx2/python3.9/pytorch/aten/src/ATen/native/cuda/Loss.cu:104: operator(): block: [32,0,0], thread: [37,0,0] Assertion `input_val >= zero && input_val <= one` failed.
/tmp/coulombc/pytorch_build_2021-11-10_08-09-16/avx2/python3.9/pytorch/aten/src/ATen/native/cuda/Loss.cu:104: operator(): block: [32,0,0], thread: [38,0,0] Assertion `input_val >= zero && input_val <= one` failed.
/tmp/coulombc/pytorch_build_2021-11-10_08-09-16/avx2/python3.9/pytorch/aten/src/ATen/native/cuda/Loss.cu:104: operator(): block: [32,0,0], thread: [39,0,0] Assertion `input_val >= zero && input_val <= one` failed.
/tmp/coulombc/pytorch_build_2021-11-10_08-09-16/avx2/python3.9/pytorch/aten/src/ATen/native/cuda/Loss.cu:104: operator(): block: [32,0,0], thread: [40,0,0] Assertion `input_val >= zero && input_val <= one` failed.
/tmp/coulombc/pytorch_build_2021-11-10_08-09-16/avx2/python3.9/pytorch/aten/src/ATen/native/cuda/Loss.cu:104: operator(): block: [32,0,0], thread: [41,0,0] Assertion `input_val >= zero && input_val <= one` failed.
/tmp/coulombc/pytorch_build_2021-11-10_08-09-16/avx2/python3.9/pytorch/aten/src/ATen/native/cuda/Loss.cu:104: operator(): block: [32,0,0], thread: [42,0,0] Assertion `input_val >= zero && input_val <= one` failed.
/tmp/coulombc/pytorch_build_2021-11-10_08-09-16/avx2/python3.9/pytorch/aten/src/ATen/native/cuda/Loss.cu:104: operator(): block: [32,0,0], thread: [43,0,0] Assertion `input_val >= zero && input_val <= one` failed.
/tmp/coulombc/pytorch_build_2021-11-10_08-09-16/avx2/python3.9/pytorch/aten/src/ATen/native/cuda/Loss.cu:104: operator(): block: [32,0,0], thread: [44,0,0] Assertion `input_val >= zero && input_val <= one` failed.
/tmp/coulombc/pytorch_build_2021-11-10_08-09-16/avx2/python3.9/pytorch/aten/src/ATen/native/cuda/Loss.cu:104: operator(): block: [32,0,0], thread: [45,0,0] Assertion `input_val >= zero && input_val <= one` failed.
/tmp/coulombc/pytorch_build_2021-11-10_08-09-16/avx2/python3.9/pytorch/aten/src/ATen/native/cuda/Loss.cu:104: operator(): block: [32,0,0], thread: [46,0,0] Assertion `input_val >= zero && input_val <= one` failed.
/tmp/coulombc/pytorch_build_2021-11-10_08-09-16/avx2/python3.9/pytorch/aten/src/ATen/native/cuda/Loss.cu:104: operator(): block: [32,0,0], thread: [47,0,0] Assertion `input_val >= zero && input_val <= one` failed.
/tmp/coulombc/pytorch_build_2021-11-10_08-09-16/avx2/python3.9/pytorch/aten/src/ATen/native/cuda/Loss.cu:104: operator(): block: [32,0,0], thread: [48,0,0] Assertion `input_val >= zero && input_val <= one` failed.
/tmp/coulombc/pytorch_build_2021-11-10_08-09-16/avx2/python3.9/pytorch/aten/src/ATen/native/cuda/Loss.cu:104: operator(): block: [32,0,0], thread: [49,0,0] Assertion `input_val >= zero && input_val <= one` failed.
/tmp/coulombc/pytorch_build_2021-11-10_08-09-16/avx2/python3.9/pytorch/aten/src/ATen/native/cuda/Loss.cu:104: operator(): block: [32,0,0], thread: [50,0,0] Assertion `input_val >= zero && input_val <= one` failed.
/tmp/coulombc/pytorch_build_2021-11-10_08-09-16/avx2/python3.9/pytorch/aten/src/ATen/native/cuda/Loss.cu:104: operator(): block: [32,0,0], thread: [51,0,0] Assertion `input_val >= zero && input_val <= one` failed.
/tmp/coulombc/pytorch_build_2021-11-10_08-09-16/avx2/python3.9/pytorch/aten/src/ATen/native/cuda/Loss.cu:104: operator(): block: [32,0,0], thread: [52,0,0] Assertion `input_val >= zero && input_val <= one` failed.
/tmp/coulombc/pytorch_build_2021-11-10_08-09-16/avx2/python3.9/pytorch/aten/src/ATen/native/cuda/Loss.cu:104: operator(): block: [32,0,0], thread: [53,0,0] Assertion `input_val >= zero && input_val <= one` failed.
/tmp/coulombc/pytorch_build_2021-11-10_08-09-16/avx2/python3.9/pytorch/aten/src/ATen/native/cuda/Loss.cu:104: operator(): block: [32,0,0], thread: [54,0,0] Assertion `input_val >= zero && input_val <= one` failed.
/tmp/coulombc/pytorch_build_2021-11-10_08-09-16/avx2/python3.9/pytorch/aten/src/ATen/native/cuda/Loss.cu:104: operator(): block: [32,0,0], thread: [55,0,0] Assertion `input_val >= zero && input_val <= one` failed.
/tmp/coulombc/pytorch_build_2021-11-10_08-09-16/avx2/python3.9/pytorch/aten/src/ATen/native/cuda/Loss.cu:104: operator(): block: [32,0,0], thread: [56,0,0] Assertion `input_val >= zero && input_val <= one` failed.
/tmp/coulombc/pytorch_build_2021-11-10_08-09-16/avx2/python3.9/pytorch/aten/src/ATen/native/cuda/Loss.cu:104: operator(): block: [32,0,0], thread: [57,0,0] Assertion `input_val >= zero && input_val <= one` failed.
/tmp/coulombc/pytorch_build_2021-11-10_08-09-16/avx2/python3.9/pytorch/aten/src/ATen/native/cuda/Loss.cu:104: operator(): block: [32,0,0], thread: [58,0,0] Assertion `input_val >= zero && input_val <= one` failed.
/tmp/coulombc/pytorch_build_2021-11-10_08-09-16/avx2/python3.9/pytorch/aten/src/ATen/native/cuda/Loss.cu:104: operator(): block: [32,0,0], thread: [59,0,0] Assertion `input_val >= zero && input_val <= one` failed.
/tmp/coulombc/pytorch_build_2021-11-10_08-09-16/avx2/python3.9/pytorch/aten/src/ATen/native/cuda/Loss.cu:104: operator(): block: [32,0,0], thread: [60,0,0] Assertion `input_val >= zero && input_val <= one` failed.
/tmp/coulombc/pytorch_build_2021-11-10_08-09-16/avx2/python3.9/pytorch/aten/src/ATen/native/cuda/Loss.cu:104: operator(): block: [32,0,0], thread: [61,0,0] Assertion `input_val >= zero && input_val <= one` failed.
/tmp/coulombc/pytorch_build_2021-11-10_08-09-16/avx2/python3.9/pytorch/aten/src/ATen/native/cuda/Loss.cu:104: operator(): block: [32,0,0], thread: [62,0,0] Assertion `input_val >= zero && input_val <= one` failed.
/tmp/coulombc/pytorch_build_2021-11-10_08-09-16/avx2/python3.9/pytorch/aten/src/ATen/native/cuda/Loss.cu:104: operator(): block: [32,0,0], thread: [63,0,0] Assertion `input_val >= zero && input_val <= one` failed.
/tmp/coulombc/pytorch_build_2021-11-10_08-09-16/avx2/python3.9/pytorch/aten/src/ATen/native/cuda/Loss.cu:104: operator(): block: [37,0,0], thread: [32,0,0] Assertion `input_val >= zero && input_val <= one` failed.
/tmp/coulombc/pytorch_build_2021-11-10_08-09-16/avx2/python3.9/pytorch/aten/src/ATen/native/cuda/Loss.cu:104: operator(): block: [37,0,0], thread: [33,0,0] Assertion `input_val >= zero && input_val <= one` failed.
/tmp/coulombc/pytorch_build_2021-11-10_08-09-16/avx2/python3.9/pytorch/aten/src/ATen/native/cuda/Loss.cu:104: operator(): block: [37,0,0], thread: [34,0,0] Assertion `input_val >= zero && input_val <= one` failed.
/tmp/coulombc/pytorch_build_2021-11-10_08-09-16/avx2/python3.9/pytorch/aten/src/ATen/native/cuda/Loss.cu:104: operator(): block: [37,0,0], thread: [35,0,0] Assertion `input_val >= zero && input_val <= one` failed.
/tmp/coulombc/pytorch_build_2021-11-10_08-09-16/avx2/python3.9/pytorch/aten/src/ATen/native/cuda/Loss.cu:104: operator(): block: [37,0,0], thread: [36,0,0] Assertion `input_val >= zero && input_val <= one` failed.
/tmp/coulombc/pytorch_build_2021-11-10_08-09-16/avx2/python3.9/pytorch/aten/src/ATen/native/cuda/Loss.cu:104: operator(): block: [37,0,0], thread: [37,0,0] Assertion `input_val >= zero && input_val <= one` failed.
/tmp/coulombc/pytorch_build_2021-11-10_08-09-16/avx2/python3.9/pytorch/aten/src/ATen/native/cuda/Loss.cu:104: operator(): block: [37,0,0], thread: [38,0,0] Assertion `input_val >= zero && input_val <= one` failed.
/tmp/coulombc/pytorch_build_2021-11-10_08-09-16/avx2/python3.9/pytorch/aten/src/ATen/native/cuda/Loss.cu:104: operator(): block: [37,0,0], thread: [39,0,0] Assertion `input_val >= zero && input_val <= one` failed.
/tmp/coulombc/pytorch_build_2021-11-10_08-09-16/avx2/python3.9/pytorch/aten/src/ATen/native/cuda/Loss.cu:104: operator(): block: [37,0,0], thread: [40,0,0] Assertion `input_val >= zero && input_val <= one` failed.
/tmp/coulombc/pytorch_build_2021-11-10_08-09-16/avx2/python3.9/pytorch/aten/src/ATen/native/cuda/Loss.cu:104: operator(): block: [37,0,0], thread: [41,0,0] Assertion `input_val >= zero && input_val <= one` failed.
/tmp/coulombc/pytorch_build_2021-11-10_08-09-16/avx2/python3.9/pytorch/aten/src/ATen/native/cuda/Loss.cu:104: operator(): block: [37,0,0], thread: [42,0,0] Assertion `input_val >= zero && input_val <= one` failed.
/tmp/coulombc/pytorch_build_2021-11-10_08-09-16/avx2/python3.9/pytorch/aten/src/ATen/native/cuda/Loss.cu:104: operator(): block: [37,0,0], thread: [43,0,0] Assertion `input_val >= zero && input_val <= one` failed.
/tmp/coulombc/pytorch_build_2021-11-10_08-09-16/avx2/python3.9/pytorch/aten/src/ATen/native/cuda/Loss.cu:104: operator(): block: [37,0,0], thread: [44,0,0] Assertion `input_val >= zero && input_val <= one` failed.
/tmp/coulombc/pytorch_build_2021-11-10_08-09-16/avx2/python3.9/pytorch/aten/src/ATen/native/cuda/Loss.cu:104: operator(): block: [37,0,0], thread: [45,0,0] Assertion `input_val >= zero && input_val <= one` failed.
/tmp/coulombc/pytorch_build_2021-11-10_08-09-16/avx2/python3.9/pytorch/aten/src/ATen/native/cuda/Loss.cu:104: operator(): block: [37,0,0], thread: [46,0,0] Assertion `input_val >= zero && input_val <= one` failed.
/tmp/coulombc/pytorch_build_2021-11-10_08-09-16/avx2/python3.9/pytorch/aten/src/ATen/native/cuda/Loss.cu:104: operator(): block: [37,0,0], thread: [47,0,0] Assertion `input_val >= zero && input_val <= one` failed.
/tmp/coulombc/pytorch_build_2021-11-10_08-09-16/avx2/python3.9/pytorch/aten/src/ATen/native/cuda/Loss.cu:104: operator(): block: [37,0,0], thread: [48,0,0] Assertion `input_val >= zero && input_val <= one` failed.
/tmp/coulombc/pytorch_build_2021-11-10_08-09-16/avx2/python3.9/pytorch/aten/src/ATen/native/cuda/Loss.cu:104: operator(): block: [37,0,0], thread: [49,0,0] Assertion `input_val >= zero && input_val <= one` failed.
/tmp/coulombc/pytorch_build_2021-11-10_08-09-16/avx2/python3.9/pytorch/aten/src/ATen/native/cuda/Loss.cu:104: operator(): block: [37,0,0], thread: [50,0,0] Assertion `input_val >= zero && input_val <= one` failed.
/tmp/coulombc/pytorch_build_2021-11-10_08-09-16/avx2/python3.9/pytorch/aten/src/ATen/native/cuda/Loss.cu:104: operator(): block: [37,0,0], thread: [51,0,0] Assertion `input_val >= zero && input_val <= one` failed.
/tmp/coulombc/pytorch_build_2021-11-10_08-09-16/avx2/python3.9/pytorch/aten/src/ATen/native/cuda/Loss.cu:104: operator(): block: [37,0,0], thread: [52,0,0] Assertion `input_val >= zero && input_val <= one` failed.
/tmp/coulombc/pytorch_build_2021-11-10_08-09-16/avx2/python3.9/pytorch/aten/src/ATen/native/cuda/Loss.cu:104: operator(): block: [37,0,0], thread: [53,0,0] Assertion `input_val >= zero && input_val <= one` failed.
/tmp/coulombc/pytorch_build_2021-11-10_08-09-16/avx2/python3.9/pytorch/aten/src/ATen/native/cuda/Loss.cu:104: operator(): block: [37,0,0], thread: [54,0,0] Assertion `input_val >= zero && input_val <= one` failed.
/tmp/coulombc/pytorch_build_2021-11-10_08-09-16/avx2/python3.9/pytorch/aten/src/ATen/native/cuda/Loss.cu:104: operator(): block: [37,0,0], thread: [55,0,0] Assertion `input_val >= zero && input_val <= one` failed.
/tmp/coulombc/pytorch_build_2021-11-10_08-09-16/avx2/python3.9/pytorch/aten/src/ATen/native/cuda/Loss.cu:104: operator(): block: [37,0,0], thread: [56,0,0] Assertion `input_val >= zero && input_val <= one` failed.
/tmp/coulombc/pytorch_build_2021-11-10_08-09-16/avx2/python3.9/pytorch/aten/src/ATen/native/cuda/Loss.cu:104: operator(): block: [37,0,0], thread: [57,0,0] Assertion `input_val >= zero && input_val <= one` failed.
/tmp/coulombc/pytorch_build_2021-11-10_08-09-16/avx2/python3.9/pytorch/aten/src/ATen/native/cuda/Loss.cu:104: operator(): block: [37,0,0], thread: [58,0,0] Assertion `input_val >= zero && input_val <= one` failed.
/tmp/coulombc/pytorch_build_2021-11-10_08-09-16/avx2/python3.9/pytorch/aten/src/ATen/native/cuda/Loss.cu:104: operator(): block: [37,0,0], thread: [59,0,0] Assertion `input_val >= zero && input_val <= one` failed.
/tmp/coulombc/pytorch_build_2021-11-10_08-09-16/avx2/python3.9/pytorch/aten/src/ATen/native/cuda/Loss.cu:104: operator(): block: [37,0,0], thread: [60,0,0] Assertion `input_val >= zero && input_val <= one` failed.
/tmp/coulombc/pytorch_build_2021-11-10_08-09-16/avx2/python3.9/pytorch/aten/src/ATen/native/cuda/Loss.cu:104: operator(): block: [37,0,0], thread: [61,0,0] Assertion `input_val >= zero && input_val <= one` failed.
/tmp/coulombc/pytorch_build_2021-11-10_08-09-16/avx2/python3.9/pytorch/aten/src/ATen/native/cuda/Loss.cu:104: operator(): block: [37,0,0], thread: [62,0,0] Assertion `input_val >= zero && input_val <= one` failed.
/tmp/coulombc/pytorch_build_2021-11-10_08-09-16/avx2/python3.9/pytorch/aten/src/ATen/native/cuda/Loss.cu:104: operator(): block: [37,0,0], thread: [63,0,0] Assertion `input_val >= zero && input_val <= one` failed.
/tmp/coulombc/pytorch_build_2021-11-10_08-09-16/avx2/python3.9/pytorch/aten/src/ATen/native/cuda/Loss.cu:104: operator(): block: [36,0,0], thread: [32,0,0] Assertion `input_val >= zero && input_val <= one` failed.
/tmp/coulombc/pytorch_build_2021-11-10_08-09-16/avx2/python3.9/pytorch/aten/src/ATen/native/cuda/Loss.cu:104: operator(): block: [36,0,0], thread: [33,0,0] Assertion `input_val >= zero && input_val <= one` failed.
/tmp/coulombc/pytorch_build_2021-11-10_08-09-16/avx2/python3.9/pytorch/aten/src/ATen/native/cuda/Loss.cu:104: operator(): block: [36,0,0], thread: [34,0,0] Assertion `input_val >= zero && input_val <= one` failed.
/tmp/coulombc/pytorch_build_2021-11-10_08-09-16/avx2/python3.9/pytorch/aten/src/ATen/native/cuda/Loss.cu:104: operator(): block: [36,0,0], thread: [35,0,0] Assertion `input_val >= zero && input_val <= one` failed.
/tmp/coulombc/pytorch_build_2021-11-10_08-09-16/avx2/python3.9/pytorch/aten/src/ATen/native/cuda/Loss.cu:104: operator(): block: [36,0,0], thread: [36,0,0] Assertion `input_val >= zero && input_val <= one` failed.
/tmp/coulombc/pytorch_build_2021-11-10_08-09-16/avx2/python3.9/pytorch/aten/src/ATen/native/cuda/Loss.cu:104: operator(): block: [36,0,0], thread: [37,0,0] Assertion `input_val >= zero && input_val <= one` failed.
/tmp/coulombc/pytorch_build_2021-11-10_08-09-16/avx2/python3.9/pytorch/aten/src/ATen/native/cuda/Loss.cu:104: operator(): block: [36,0,0], thread: [38,0,0] Assertion `input_val >= zero && input_val <= one` failed.
/tmp/coulombc/pytorch_build_2021-11-10_08-09-16/avx2/python3.9/pytorch/aten/src/ATen/native/cuda/Loss.cu:104: operator(): block: [36,0,0], thread: [39,0,0] Assertion `input_val >= zero && input_val <= one` failed.
/tmp/coulombc/pytorch_build_2021-11-10_08-09-16/avx2/python3.9/pytorch/aten/src/ATen/native/cuda/Loss.cu:104: operator(): block: [36,0,0], thread: [40,0,0] Assertion `input_val >= zero && input_val <= one` failed.
/tmp/coulombc/pytorch_build_2021-11-10_08-09-16/avx2/python3.9/pytorch/aten/src/ATen/native/cuda/Loss.cu:104: operator(): block: [36,0,0], thread: [41,0,0] Assertion `input_val >= zero && input_val <= one` failed.
/tmp/coulombc/pytorch_build_2021-11-10_08-09-16/avx2/python3.9/pytorch/aten/src/ATen/native/cuda/Loss.cu:104: operator(): block: [36,0,0], thread: [42,0,0] Assertion `input_val >= zero && input_val <= one` failed.
/tmp/coulombc/pytorch_build_2021-11-10_08-09-16/avx2/python3.9/pytorch/aten/src/ATen/native/cuda/Loss.cu:104: operator(): block: [36,0,0], thread: [43,0,0] Assertion `input_val >= zero && input_val <= one` failed.
/tmp/coulombc/pytorch_build_2021-11-10_08-09-16/avx2/python3.9/pytorch/aten/src/ATen/native/cuda/Loss.cu:104: operator(): block: [36,0,0], thread: [44,0,0] Assertion `input_val >= zero && input_val <= one` failed.
/tmp/coulombc/pytorch_build_2021-11-10_08-09-16/avx2/python3.9/pytorch/aten/src/ATen/native/cuda/Loss.cu:104: operator(): block: [36,0,0], thread: [45,0,0] Assertion `input_val >= zero && input_val <= one` failed.
/tmp/coulombc/pytorch_build_2021-11-10_08-09-16/avx2/python3.9/pytorch/aten/src/ATen/native/cuda/Loss.cu:104: operator(): block: [36,0,0], thread: [46,0,0] Assertion `input_val >= zero && input_val <= one` failed.
/tmp/coulombc/pytorch_build_2021-11-10_08-09-16/avx2/python3.9/pytorch/aten/src/ATen/native/cuda/Loss.cu:104: operator(): block: [36,0,0], thread: [47,0,0] Assertion `input_val >= zero && input_val <= one` failed.
/tmp/coulombc/pytorch_build_2021-11-10_08-09-16/avx2/python3.9/pytorch/aten/src/ATen/native/cuda/Loss.cu:104: operator(): block: [36,0,0], thread: [48,0,0] Assertion `input_val >= zero && input_val <= one` failed.
/tmp/coulombc/pytorch_build_2021-11-10_08-09-16/avx2/python3.9/pytorch/aten/src/ATen/native/cuda/Loss.cu:104: operator(): block: [36,0,0], thread: [49,0,0] Assertion `input_val >= zero && input_val <= one` failed.
/tmp/coulombc/pytorch_build_2021-11-10_08-09-16/avx2/python3.9/pytorch/aten/src/ATen/native/cuda/Loss.cu:104: operator(): block: [36,0,0], thread: [50,0,0] Assertion `input_val >= zero && input_val <= one` failed.
/tmp/coulombc/pytorch_build_2021-11-10_08-09-16/avx2/python3.9/pytorch/aten/src/ATen/native/cuda/Loss.cu:104: operator(): block: [36,0,0], thread: [51,0,0] Assertion `input_val >= zero && input_val <= one` failed.
/tmp/coulombc/pytorch_build_2021-11-10_08-09-16/avx2/python3.9/pytorch/aten/src/ATen/native/cuda/Loss.cu:104: operator(): block: [36,0,0], thread: [52,0,0] Assertion `input_val >= zero && input_val <= one` failed.
/tmp/coulombc/pytorch_build_2021-11-10_08-09-16/avx2/python3.9/pytorch/aten/src/ATen/native/cuda/Loss.cu:104: operator(): block: [36,0,0], thread: [53,0,0] Assertion `input_val >= zero && input_val <= one` failed.
/tmp/coulombc/pytorch_build_2021-11-10_08-09-16/avx2/python3.9/pytorch/aten/src/ATen/native/cuda/Loss.cu:104: operator(): block: [36,0,0], thread: [54,0,0] Assertion `input_val >= zero && input_val <= one` failed.
/tmp/coulombc/pytorch_build_2021-11-10_08-09-16/avx2/python3.9/pytorch/aten/src/ATen/native/cuda/Loss.cu:104: operator(): block: [36,0,0], thread: [55,0,0] Assertion `input_val >= zero && input_val <= one` failed.
/tmp/coulombc/pytorch_build_2021-11-10_08-09-16/avx2/python3.9/pytorch/aten/src/ATen/native/cuda/Loss.cu:104: operator(): block: [36,0,0], thread: [56,0,0] Assertion `input_val >= zero && input_val <= one` failed.
/tmp/coulombc/pytorch_build_2021-11-10_08-09-16/avx2/python3.9/pytorch/aten/src/ATen/native/cuda/Loss.cu:104: operator(): block: [36,0,0], thread: [57,0,0] Assertion `input_val >= zero && input_val <= one` failed.
/tmp/coulombc/pytorch_build_2021-11-10_08-09-16/avx2/python3.9/pytorch/aten/src/ATen/native/cuda/Loss.cu:104: operator(): block: [36,0,0], thread: [58,0,0] Assertion `input_val >= zero && input_val <= one` failed.
/tmp/coulombc/pytorch_build_2021-11-10_08-09-16/avx2/python3.9/pytorch/aten/src/ATen/native/cuda/Loss.cu:104: operator(): block: [36,0,0], thread: [59,0,0] Assertion `input_val >= zero && input_val <= one` failed.
/tmp/coulombc/pytorch_build_2021-11-10_08-09-16/avx2/python3.9/pytorch/aten/src/ATen/native/cuda/Loss.cu:104: operator(): block: [36,0,0], thread: [60,0,0] Assertion `input_val >= zero && input_val <= one` failed.
/tmp/coulombc/pytorch_build_2021-11-10_08-09-16/avx2/python3.9/pytorch/aten/src/ATen/native/cuda/Loss.cu:104: operator(): block: [36,0,0], thread: [61,0,0] Assertion `input_val >= zero && input_val <= one` failed.
/tmp/coulombc/pytorch_build_2021-11-10_08-09-16/avx2/python3.9/pytorch/aten/src/ATen/native/cuda/Loss.cu:104: operator(): block: [36,0,0], thread: [62,0,0] Assertion `input_val >= zero && input_val <= one` failed.
/tmp/coulombc/pytorch_build_2021-11-10_08-09-16/avx2/python3.9/pytorch/aten/src/ATen/native/cuda/Loss.cu:104: operator(): block: [36,0,0], thread: [63,0,0] Assertion `input_val >= zero && input_val <= one` failed.
/tmp/coulombc/pytorch_build_2021-11-10_08-09-16/avx2/python3.9/pytorch/aten/src/ATen/native/cuda/Loss.cu:104: operator(): block: [27,0,0], thread: [0,0,0] Assertion `input_val >= zero && input_val <= one` failed.
/tmp/coulombc/pytorch_build_2021-11-10_08-09-16/avx2/python3.9/pytorch/aten/src/ATen/native/cuda/Loss.cu:104: operator(): block: [27,0,0], thread: [1,0,0] Assertion `input_val >= zero && input_val <= one` failed.
/tmp/coulombc/pytorch_build_2021-11-10_08-09-16/avx2/python3.9/pytorch/aten/src/ATen/native/cuda/Loss.cu:104: operator(): block: [27,0,0], thread: [2,0,0] Assertion `input_val >= zero && input_val <= one` failed.
/tmp/coulombc/pytorch_build_2021-11-10_08-09-16/avx2/python3.9/pytorch/aten/src/ATen/native/cuda/Loss.cu:104: operator(): block: [27,0,0], thread: [3,0,0] Assertion `input_val >= zero && input_val <= one` failed.
/tmp/coulombc/pytorch_build_2021-11-10_08-09-16/avx2/python3.9/pytorch/aten/src/ATen/native/cuda/Loss.cu:104: operator(): block: [27,0,0], thread: [4,0,0] Assertion `input_val >= zero && input_val <= one` failed.
/tmp/coulombc/pytorch_build_2021-11-10_08-09-16/avx2/python3.9/pytorch/aten/src/ATen/native/cuda/Loss.cu:104: operator(): block: [27,0,0], thread: [5,0,0] Assertion `input_val >= zero && input_val <= one` failed.
/tmp/coulombc/pytorch_build_2021-11-10_08-09-16/avx2/python3.9/pytorch/aten/src/ATen/native/cuda/Loss.cu:104: operator(): block: [27,0,0], thread: [6,0,0] Assertion `input_val >= zero && input_val <= one` failed.
/tmp/coulombc/pytorch_build_2021-11-10_08-09-16/avx2/python3.9/pytorch/aten/src/ATen/native/cuda/Loss.cu:104: operator(): block: [27,0,0], thread: [7,0,0] Assertion `input_val >= zero && input_val <= one` failed.
/tmp/coulombc/pytorch_build_2021-11-10_08-09-16/avx2/python3.9/pytorch/aten/src/ATen/native/cuda/Loss.cu:104: operator(): block: [27,0,0], thread: [8,0,0] Assertion `input_val >= zero && input_val <= one` failed.
/tmp/coulombc/pytorch_build_2021-11-10_08-09-16/avx2/python3.9/pytorch/aten/src/ATen/native/cuda/Loss.cu:104: operator(): block: [27,0,0], thread: [9,0,0] Assertion `input_val >= zero && input_val <= one` failed.
/tmp/coulombc/pytorch_build_2021-11-10_08-09-16/avx2/python3.9/pytorch/aten/src/ATen/native/cuda/Loss.cu:104: operator(): block: [27,0,0], thread: [10,0,0] Assertion `input_val >= zero && input_val <= one` failed.
/tmp/coulombc/pytorch_build_2021-11-10_08-09-16/avx2/python3.9/pytorch/aten/src/ATen/native/cuda/Loss.cu:104: operator(): block: [27,0,0], thread: [11,0,0] Assertion `input_val >= zero && input_val <= one` failed.
/tmp/coulombc/pytorch_build_2021-11-10_08-09-16/avx2/python3.9/pytorch/aten/src/ATen/native/cuda/Loss.cu:104: operator(): block: [27,0,0], thread: [12,0,0] Assertion `input_val >= zero && input_val <= one` failed.
/tmp/coulombc/pytorch_build_2021-11-10_08-09-16/avx2/python3.9/pytorch/aten/src/ATen/native/cuda/Loss.cu:104: operator(): block: [27,0,0], thread: [13,0,0] Assertion `input_val >= zero && input_val <= one` failed.
/tmp/coulombc/pytorch_build_2021-11-10_08-09-16/avx2/python3.9/pytorch/aten/src/ATen/native/cuda/Loss.cu:104: operator(): block: [27,0,0], thread: [14,0,0] Assertion `input_val >= zero && input_val <= one` failed.
/tmp/coulombc/pytorch_build_2021-11-10_08-09-16/avx2/python3.9/pytorch/aten/src/ATen/native/cuda/Loss.cu:104: operator(): block: [27,0,0], thread: [15,0,0] Assertion `input_val >= zero && input_val <= one` failed.
/tmp/coulombc/pytorch_build_2021-11-10_08-09-16/avx2/python3.9/pytorch/aten/src/ATen/native/cuda/Loss.cu:104: operator(): block: [27,0,0], thread: [16,0,0] Assertion `input_val >= zero && input_val <= one` failed.
/tmp/coulombc/pytorch_build_2021-11-10_08-09-16/avx2/python3.9/pytorch/aten/src/ATen/native/cuda/Loss.cu:104: operator(): block: [27,0,0], thread: [17,0,0] Assertion `input_val >= zero && input_val <= one` failed.
/tmp/coulombc/pytorch_build_2021-11-10_08-09-16/avx2/python3.9/pytorch/aten/src/ATen/native/cuda/Loss.cu:104: operator(): block: [27,0,0], thread: [18,0,0] Assertion `input_val >= zero && input_val <= one` failed.
/tmp/coulombc/pytorch_build_2021-11-10_08-09-16/avx2/python3.9/pytorch/aten/src/ATen/native/cuda/Loss.cu:104: operator(): block: [27,0,0], thread: [19,0,0] Assertion `input_val >= zero && input_val <= one` failed.
/tmp/coulombc/pytorch_build_2021-11-10_08-09-16/avx2/python3.9/pytorch/aten/src/ATen/native/cuda/Loss.cu:104: operator(): block: [27,0,0], thread: [20,0,0] Assertion `input_val >= zero && input_val <= one` failed.
/tmp/coulombc/pytorch_build_2021-11-10_08-09-16/avx2/python3.9/pytorch/aten/src/ATen/native/cuda/Loss.cu:104: operator(): block: [27,0,0], thread: [21,0,0] Assertion `input_val >= zero && input_val <= one` failed.
/tmp/coulombc/pytorch_build_2021-11-10_08-09-16/avx2/python3.9/pytorch/aten/src/ATen/native/cuda/Loss.cu:104: operator(): block: [27,0,0], thread: [22,0,0] Assertion `input_val >= zero && input_val <= one` failed.
/tmp/coulombc/pytorch_build_2021-11-10_08-09-16/avx2/python3.9/pytorch/aten/src/ATen/native/cuda/Loss.cu:104: operator(): block: [27,0,0], thread: [23,0,0] Assertion `input_val >= zero && input_val <= one` failed.
/tmp/coulombc/pytorch_build_2021-11-10_08-09-16/avx2/python3.9/pytorch/aten/src/ATen/native/cuda/Loss.cu:104: operator(): block: [27,0,0], thread: [24,0,0] Assertion `input_val >= zero && input_val <= one` failed.
/tmp/coulombc/pytorch_build_2021-11-10_08-09-16/avx2/python3.9/pytorch/aten/src/ATen/native/cuda/Loss.cu:104: operator(): block: [27,0,0], thread: [25,0,0] Assertion `input_val >= zero && input_val <= one` failed.
/tmp/coulombc/pytorch_build_2021-11-10_08-09-16/avx2/python3.9/pytorch/aten/src/ATen/native/cuda/Loss.cu:104: operator(): block: [27,0,0], thread: [26,0,0] Assertion `input_val >= zero && input_val <= one` failed.
/tmp/coulombc/pytorch_build_2021-11-10_08-09-16/avx2/python3.9/pytorch/aten/src/ATen/native/cuda/Loss.cu:104: operator(): block: [27,0,0], thread: [27,0,0] Assertion `input_val >= zero && input_val <= one` failed.
/tmp/coulombc/pytorch_build_2021-11-10_08-09-16/avx2/python3.9/pytorch/aten/src/ATen/native/cuda/Loss.cu:104: operator(): block: [27,0,0], thread: [28,0,0] Assertion `input_val >= zero && input_val <= one` failed.
/tmp/coulombc/pytorch_build_2021-11-10_08-09-16/avx2/python3.9/pytorch/aten/src/ATen/native/cuda/Loss.cu:104: operator(): block: [27,0,0], thread: [29,0,0] Assertion `input_val >= zero && input_val <= one` failed.
/tmp/coulombc/pytorch_build_2021-11-10_08-09-16/avx2/python3.9/pytorch/aten/src/ATen/native/cuda/Loss.cu:104: operator(): block: [27,0,0], thread: [30,0,0] Assertion `input_val >= zero && input_val <= one` failed.
/tmp/coulombc/pytorch_build_2021-11-10_08-09-16/avx2/python3.9/pytorch/aten/src/ATen/native/cuda/Loss.cu:104: operator(): block: [27,0,0], thread: [31,0,0] Assertion `input_val >= zero && input_val <= one` failed.
/tmp/coulombc/pytorch_build_2021-11-10_08-09-16/avx2/python3.9/pytorch/aten/src/ATen/native/cuda/Loss.cu:104: operator(): block: [22,0,0], thread: [32,0,0] Assertion `input_val >= zero && input_val <= one` failed.
/tmp/coulombc/pytorch_build_2021-11-10_08-09-16/avx2/python3.9/pytorch/aten/src/ATen/native/cuda/Loss.cu:104: operator(): block: [22,0,0], thread: [33,0,0] Assertion `input_val >= zero && input_val <= one` failed.
/tmp/coulombc/pytorch_build_2021-11-10_08-09-16/avx2/python3.9/pytorch/aten/src/ATen/native/cuda/Loss.cu:104: operator(): block: [22,0,0], thread: [34,0,0] Assertion `input_val >= zero && input_val <= one` failed.
/tmp/coulombc/pytorch_build_2021-11-10_08-09-16/avx2/python3.9/pytorch/aten/src/ATen/native/cuda/Loss.cu:104: operator(): block: [22,0,0], thread: [35,0,0] Assertion `input_val >= zero && input_val <= one` failed.
/tmp/coulombc/pytorch_build_2021-11-10_08-09-16/avx2/python3.9/pytorch/aten/src/ATen/native/cuda/Loss.cu:104: operator(): block: [22,0,0], thread: [36,0,0] Assertion `input_val >= zero && input_val <= one` failed.
/tmp/coulombc/pytorch_build_2021-11-10_08-09-16/avx2/python3.9/pytorch/aten/src/ATen/native/cuda/Loss.cu:104: operator(): block: [22,0,0], thread: [37,0,0] Assertion `input_val >= zero && input_val <= one` failed.
/tmp/coulombc/pytorch_build_2021-11-10_08-09-16/avx2/python3.9/pytorch/aten/src/ATen/native/cuda/Loss.cu:104: operator(): block: [22,0,0], thread: [38,0,0] Assertion `input_val >= zero && input_val <= one` failed.
/tmp/coulombc/pytorch_build_2021-11-10_08-09-16/avx2/python3.9/pytorch/aten/src/ATen/native/cuda/Loss.cu:104: operator(): block: [22,0,0], thread: [39,0,0] Assertion `input_val >= zero && input_val <= one` failed.
/tmp/coulombc/pytorch_build_2021-11-10_08-09-16/avx2/python3.9/pytorch/aten/src/ATen/native/cuda/Loss.cu:104: operator(): block: [22,0,0], thread: [40,0,0] Assertion `input_val >= zero && input_val <= one` failed.
/tmp/coulombc/pytorch_build_2021-11-10_08-09-16/avx2/python3.9/pytorch/aten/src/ATen/native/cuda/Loss.cu:104: operator(): block: [22,0,0], thread: [41,0,0] Assertion `input_val >= zero && input_val <= one` failed.
/tmp/coulombc/pytorch_build_2021-11-10_08-09-16/avx2/python3.9/pytorch/aten/src/ATen/native/cuda/Loss.cu:104: operator(): block: [22,0,0], thread: [42,0,0] Assertion `input_val >= zero && input_val <= one` failed.
/tmp/coulombc/pytorch_build_2021-11-10_08-09-16/avx2/python3.9/pytorch/aten/src/ATen/native/cuda/Loss.cu:104: operator(): block: [22,0,0], thread: [43,0,0] Assertion `input_val >= zero && input_val <= one` failed.
/tmp/coulombc/pytorch_build_2021-11-10_08-09-16/avx2/python3.9/pytorch/aten/src/ATen/native/cuda/Loss.cu:104: operator(): block: [22,0,0], thread: [44,0,0] Assertion `input_val >= zero && input_val <= one` failed.
/tmp/coulombc/pytorch_build_2021-11-10_08-09-16/avx2/python3.9/pytorch/aten/src/ATen/native/cuda/Loss.cu:104: operator(): block: [22,0,0], thread: [45,0,0] Assertion `input_val >= zero && input_val <= one` failed.
/tmp/coulombc/pytorch_build_2021-11-10_08-09-16/avx2/python3.9/pytorch/aten/src/ATen/native/cuda/Loss.cu:104: operator(): block: [22,0,0], thread: [46,0,0] Assertion `input_val >= zero && input_val <= one` failed.
/tmp/coulombc/pytorch_build_2021-11-10_08-09-16/avx2/python3.9/pytorch/aten/src/ATen/native/cuda/Loss.cu:104: operator(): block: [22,0,0], thread: [47,0,0] Assertion `input_val >= zero && input_val <= one` failed.
/tmp/coulombc/pytorch_build_2021-11-10_08-09-16/avx2/python3.9/pytorch/aten/src/ATen/native/cuda/Loss.cu:104: operator(): block: [22,0,0], thread: [48,0,0] Assertion `input_val >= zero && input_val <= one` failed.
/tmp/coulombc/pytorch_build_2021-11-10_08-09-16/avx2/python3.9/pytorch/aten/src/ATen/native/cuda/Loss.cu:104: operator(): block: [22,0,0], thread: [49,0,0] Assertion `input_val >= zero && input_val <= one` failed.
/tmp/coulombc/pytorch_build_2021-11-10_08-09-16/avx2/python3.9/pytorch/aten/src/ATen/native/cuda/Loss.cu:104: operator(): block: [22,0,0], thread: [50,0,0] Assertion `input_val >= zero && input_val <= one` failed.
/tmp/coulombc/pytorch_build_2021-11-10_08-09-16/avx2/python3.9/pytorch/aten/src/ATen/native/cuda/Loss.cu:104: operator(): block: [22,0,0], thread: [51,0,0] Assertion `input_val >= zero && input_val <= one` failed.
/tmp/coulombc/pytorch_build_2021-11-10_08-09-16/avx2/python3.9/pytorch/aten/src/ATen/native/cuda/Loss.cu:104: operator(): block: [22,0,0], thread: [52,0,0] Assertion `input_val >= zero && input_val <= one` failed.
/tmp/coulombc/pytorch_build_2021-11-10_08-09-16/avx2/python3.9/pytorch/aten/src/ATen/native/cuda/Loss.cu:104: operator(): block: [22,0,0], thread: [53,0,0] Assertion `input_val >= zero && input_val <= one` failed.
/tmp/coulombc/pytorch_build_2021-11-10_08-09-16/avx2/python3.9/pytorch/aten/src/ATen/native/cuda/Loss.cu:104: operator(): block: [22,0,0], thread: [54,0,0] Assertion `input_val >= zero && input_val <= one` failed.
/tmp/coulombc/pytorch_build_2021-11-10_08-09-16/avx2/python3.9/pytorch/aten/src/ATen/native/cuda/Loss.cu:104: operator(): block: [22,0,0], thread: [55,0,0] Assertion `input_val >= zero && input_val <= one` failed.
/tmp/coulombc/pytorch_build_2021-11-10_08-09-16/avx2/python3.9/pytorch/aten/src/ATen/native/cuda/Loss.cu:104: operator(): block: [22,0,0], thread: [56,0,0] Assertion `input_val >= zero && input_val <= one` failed.
/tmp/coulombc/pytorch_build_2021-11-10_08-09-16/avx2/python3.9/pytorch/aten/src/ATen/native/cuda/Loss.cu:104: operator(): block: [22,0,0], thread: [57,0,0] Assertion `input_val >= zero && input_val <= one` failed.
/tmp/coulombc/pytorch_build_2021-11-10_08-09-16/avx2/python3.9/pytorch/aten/src/ATen/native/cuda/Loss.cu:104: operator(): block: [22,0,0], thread: [58,0,0] Assertion `input_val >= zero && input_val <= one` failed.
/tmp/coulombc/pytorch_build_2021-11-10_08-09-16/avx2/python3.9/pytorch/aten/src/ATen/native/cuda/Loss.cu:104: operator(): block: [22,0,0], thread: [59,0,0] Assertion `input_val >= zero && input_val <= one` failed.
/tmp/coulombc/pytorch_build_2021-11-10_08-09-16/avx2/python3.9/pytorch/aten/src/ATen/native/cuda/Loss.cu:104: operator(): block: [22,0,0], thread: [60,0,0] Assertion `input_val >= zero && input_val <= one` failed.
/tmp/coulombc/pytorch_build_2021-11-10_08-09-16/avx2/python3.9/pytorch/aten/src/ATen/native/cuda/Loss.cu:104: operator(): block: [22,0,0], thread: [61,0,0] Assertion `input_val >= zero && input_val <= one` failed.
/tmp/coulombc/pytorch_build_2021-11-10_08-09-16/avx2/python3.9/pytorch/aten/src/ATen/native/cuda/Loss.cu:104: operator(): block: [22,0,0], thread: [62,0,0] Assertion `input_val >= zero && input_val <= one` failed.
/tmp/coulombc/pytorch_build_2021-11-10_08-09-16/avx2/python3.9/pytorch/aten/src/ATen/native/cuda/Loss.cu:104: operator(): block: [22,0,0], thread: [63,0,0] Assertion `input_val >= zero && input_val <= one` failed.
/tmp/coulombc/pytorch_build_2021-11-10_08-09-16/avx2/python3.9/pytorch/aten/src/ATen/native/cuda/Loss.cu:104: operator(): block: [27,0,0], thread: [32,0,0] Assertion `input_val >= zero && input_val <= one` failed.
/tmp/coulombc/pytorch_build_2021-11-10_08-09-16/avx2/python3.9/pytorch/aten/src/ATen/native/cuda/Loss.cu:104: operator(): block: [27,0,0], thread: [33,0,0] Assertion `input_val >= zero && input_val <= one` failed.
/tmp/coulombc/pytorch_build_2021-11-10_08-09-16/avx2/python3.9/pytorch/aten/src/ATen/native/cuda/Loss.cu:104: operator(): block: [27,0,0], thread: [34,0,0] Assertion `input_val >= zero && input_val <= one` failed.
/tmp/coulombc/pytorch_build_2021-11-10_08-09-16/avx2/python3.9/pytorch/aten/src/ATen/native/cuda/Loss.cu:104: operator(): block: [27,0,0], thread: [35,0,0] Assertion `input_val >= zero && input_val <= one` failed.
/tmp/coulombc/pytorch_build_2021-11-10_08-09-16/avx2/python3.9/pytorch/aten/src/ATen/native/cuda/Loss.cu:104: operator(): block: [27,0,0], thread: [36,0,0] Assertion `input_val >= zero && input_val <= one` failed.
/tmp/coulombc/pytorch_build_2021-11-10_08-09-16/avx2/python3.9/pytorch/aten/src/ATen/native/cuda/Loss.cu:104: operator(): block: [27,0,0], thread: [37,0,0] Assertion `input_val >= zero && input_val <= one` failed.
/tmp/coulombc/pytorch_build_2021-11-10_08-09-16/avx2/python3.9/pytorch/aten/src/ATen/native/cuda/Loss.cu:104: operator(): block: [27,0,0], thread: [38,0,0] Assertion `input_val >= zero && input_val <= one` failed.
/tmp/coulombc/pytorch_build_2021-11-10_08-09-16/avx2/python3.9/pytorch/aten/src/ATen/native/cuda/Loss.cu:104: operator(): block: [27,0,0], thread: [39,0,0] Assertion `input_val >= zero && input_val <= one` failed.
/tmp/coulombc/pytorch_build_2021-11-10_08-09-16/avx2/python3.9/pytorch/aten/src/ATen/native/cuda/Loss.cu:104: operator(): block: [27,0,0], thread: [40,0,0] Assertion `input_val >= zero && input_val <= one` failed.
/tmp/coulombc/pytorch_build_2021-11-10_08-09-16/avx2/python3.9/pytorch/aten/src/ATen/native/cuda/Loss.cu:104: operator(): block: [27,0,0], thread: [41,0,0] Assertion `input_val >= zero && input_val <= one` failed.
/tmp/coulombc/pytorch_build_2021-11-10_08-09-16/avx2/python3.9/pytorch/aten/src/ATen/native/cuda/Loss.cu:104: operator(): block: [27,0,0], thread: [42,0,0] Assertion `input_val >= zero && input_val <= one` failed.
/tmp/coulombc/pytorch_build_2021-11-10_08-09-16/avx2/python3.9/pytorch/aten/src/ATen/native/cuda/Loss.cu:104: operator(): block: [27,0,0], thread: [43,0,0] Assertion `input_val >= zero && input_val <= one` failed.
/tmp/coulombc/pytorch_build_2021-11-10_08-09-16/avx2/python3.9/pytorch/aten/src/ATen/native/cuda/Loss.cu:104: operator(): block: [27,0,0], thread: [44,0,0] Assertion `input_val >= zero && input_val <= one` failed.
/tmp/coulombc/pytorch_build_2021-11-10_08-09-16/avx2/python3.9/pytorch/aten/src/ATen/native/cuda/Loss.cu:104: operator(): block: [27,0,0], thread: [45,0,0] Assertion `input_val >= zero && input_val <= one` failed.
/tmp/coulombc/pytorch_build_2021-11-10_08-09-16/avx2/python3.9/pytorch/aten/src/ATen/native/cuda/Loss.cu:104: operator(): block: [27,0,0], thread: [46,0,0] Assertion `input_val >= zero && input_val <= one` failed.
/tmp/coulombc/pytorch_build_2021-11-10_08-09-16/avx2/python3.9/pytorch/aten/src/ATen/native/cuda/Loss.cu:104: operator(): block: [27,0,0], thread: [47,0,0] Assertion `input_val >= zero && input_val <= one` failed.
/tmp/coulombc/pytorch_build_2021-11-10_08-09-16/avx2/python3.9/pytorch/aten/src/ATen/native/cuda/Loss.cu:104: operator(): block: [27,0,0], thread: [48,0,0] Assertion `input_val >= zero && input_val <= one` failed.
/tmp/coulombc/pytorch_build_2021-11-10_08-09-16/avx2/python3.9/pytorch/aten/src/ATen/native/cuda/Loss.cu:104: operator(): block: [27,0,0], thread: [49,0,0] Assertion `input_val >= zero && input_val <= one` failed.
/tmp/coulombc/pytorch_build_2021-11-10_08-09-16/avx2/python3.9/pytorch/aten/src/ATen/native/cuda/Loss.cu:104: operator(): block: [27,0,0], thread: [50,0,0] Assertion `input_val >= zero && input_val <= one` failed.
/tmp/coulombc/pytorch_build_2021-11-10_08-09-16/avx2/python3.9/pytorch/aten/src/ATen/native/cuda/Loss.cu:104: operator(): block: [27,0,0], thread: [51,0,0] Assertion `input_val >= zero && input_val <= one` failed.
/tmp/coulombc/pytorch_build_2021-11-10_08-09-16/avx2/python3.9/pytorch/aten/src/ATen/native/cuda/Loss.cu:104: operator(): block: [27,0,0], thread: [52,0,0] Assertion `input_val >= zero && input_val <= one` failed.
/tmp/coulombc/pytorch_build_2021-11-10_08-09-16/avx2/python3.9/pytorch/aten/src/ATen/native/cuda/Loss.cu:104: operator(): block: [27,0,0], thread: [53,0,0] Assertion `input_val >= zero && input_val <= one` failed.
/tmp/coulombc/pytorch_build_2021-11-10_08-09-16/avx2/python3.9/pytorch/aten/src/ATen/native/cuda/Loss.cu:104: operator(): block: [27,0,0], thread: [54,0,0] Assertion `input_val >= zero && input_val <= one` failed.
/tmp/coulombc/pytorch_build_2021-11-10_08-09-16/avx2/python3.9/pytorch/aten/src/ATen/native/cuda/Loss.cu:104: operator(): block: [27,0,0], thread: [55,0,0] Assertion `input_val >= zero && input_val <= one` failed.
/tmp/coulombc/pytorch_build_2021-11-10_08-09-16/avx2/python3.9/pytorch/aten/src/ATen/native/cuda/Loss.cu:104: operator(): block: [27,0,0], thread: [56,0,0] Assertion `input_val >= zero && input_val <= one` failed.
/tmp/coulombc/pytorch_build_2021-11-10_08-09-16/avx2/python3.9/pytorch/aten/src/ATen/native/cuda/Loss.cu:104: operator(): block: [27,0,0], thread: [57,0,0] Assertion `input_val >= zero && input_val <= one` failed.
/tmp/coulombc/pytorch_build_2021-11-10_08-09-16/avx2/python3.9/pytorch/aten/src/ATen/native/cuda/Loss.cu:104: operator(): block: [27,0,0], thread: [58,0,0] Assertion `input_val >= zero && input_val <= one` failed.
/tmp/coulombc/pytorch_build_2021-11-10_08-09-16/avx2/python3.9/pytorch/aten/src/ATen/native/cuda/Loss.cu:104: operator(): block: [27,0,0], thread: [59,0,0] Assertion `input_val >= zero && input_val <= one` failed.
/tmp/coulombc/pytorch_build_2021-11-10_08-09-16/avx2/python3.9/pytorch/aten/src/ATen/native/cuda/Loss.cu:104: operator(): block: [27,0,0], thread: [60,0,0] Assertion `input_val >= zero && input_val <= one` failed.
/tmp/coulombc/pytorch_build_2021-11-10_08-09-16/avx2/python3.9/pytorch/aten/src/ATen/native/cuda/Loss.cu:104: operator(): block: [27,0,0], thread: [61,0,0] Assertion `input_val >= zero && input_val <= one` failed.
/tmp/coulombc/pytorch_build_2021-11-10_08-09-16/avx2/python3.9/pytorch/aten/src/ATen/native/cuda/Loss.cu:104: operator(): block: [27,0,0], thread: [62,0,0] Assertion `input_val >= zero && input_val <= one` failed.
/tmp/coulombc/pytorch_build_2021-11-10_08-09-16/avx2/python3.9/pytorch/aten/src/ATen/native/cuda/Loss.cu:104: operator(): block: [27,0,0], thread: [63,0,0] Assertion `input_val >= zero && input_val <= one` failed.
/tmp/coulombc/pytorch_build_2021-11-10_08-09-16/avx2/python3.9/pytorch/aten/src/ATen/native/cuda/Loss.cu:104: operator(): block: [26,0,0], thread: [0,0,0] Assertion `input_val >= zero && input_val <= one` failed.
/tmp/coulombc/pytorch_build_2021-11-10_08-09-16/avx2/python3.9/pytorch/aten/src/ATen/native/cuda/Loss.cu:104: operator(): block: [26,0,0], thread: [1,0,0] Assertion `input_val >= zero && input_val <= one` failed.
/tmp/coulombc/pytorch_build_2021-11-10_08-09-16/avx2/python3.9/pytorch/aten/src/ATen/native/cuda/Loss.cu:104: operator(): block: [26,0,0], thread: [2,0,0] Assertion `input_val >= zero && input_val <= one` failed.
/tmp/coulombc/pytorch_build_2021-11-10_08-09-16/avx2/python3.9/pytorch/aten/src/ATen/native/cuda/Loss.cu:104: operator(): block: [26,0,0], thread: [3,0,0] Assertion `input_val >= zero && input_val <= one` failed.
/tmp/coulombc/pytorch_build_2021-11-10_08-09-16/avx2/python3.9/pytorch/aten/src/ATen/native/cuda/Loss.cu:104: operator(): block: [26,0,0], thread: [4,0,0] Assertion `input_val >= zero && input_val <= one` failed.
/tmp/coulombc/pytorch_build_2021-11-10_08-09-16/avx2/python3.9/pytorch/aten/src/ATen/native/cuda/Loss.cu:104: operator(): block: [26,0,0], thread: [5,0,0] Assertion `input_val >= zero && input_val <= one` failed.
/tmp/coulombc/pytorch_build_2021-11-10_08-09-16/avx2/python3.9/pytorch/aten/src/ATen/native/cuda/Loss.cu:104: operator(): block: [26,0,0], thread: [6,0,0] Assertion `input_val >= zero && input_val <= one` failed.
/tmp/coulombc/pytorch_build_2021-11-10_08-09-16/avx2/python3.9/pytorch/aten/src/ATen/native/cuda/Loss.cu:104: operator(): block: [26,0,0], thread: [7,0,0] Assertion `input_val >= zero && input_val <= one` failed.
/tmp/coulombc/pytorch_build_2021-11-10_08-09-16/avx2/python3.9/pytorch/aten/src/ATen/native/cuda/Loss.cu:104: operator(): block: [26,0,0], thread: [8,0,0] Assertion `input_val >= zero && input_val <= one` failed.
/tmp/coulombc/pytorch_build_2021-11-10_08-09-16/avx2/python3.9/pytorch/aten/src/ATen/native/cuda/Loss.cu:104: operator(): block: [26,0,0], thread: [9,0,0] Assertion `input_val >= zero && input_val <= one` failed.
/tmp/coulombc/pytorch_build_2021-11-10_08-09-16/avx2/python3.9/pytorch/aten/src/ATen/native/cuda/Loss.cu:104: operator(): block: [26,0,0], thread: [10,0,0] Assertion `input_val >= zero && input_val <= one` failed.
/tmp/coulombc/pytorch_build_2021-11-10_08-09-16/avx2/python3.9/pytorch/aten/src/ATen/native/cuda/Loss.cu:104: operator(): block: [26,0,0], thread: [11,0,0] Assertion `input_val >= zero && input_val <= one` failed.
/tmp/coulombc/pytorch_build_2021-11-10_08-09-16/avx2/python3.9/pytorch/aten/src/ATen/native/cuda/Loss.cu:104: operator(): block: [26,0,0], thread: [12,0,0] Assertion `input_val >= zero && input_val <= one` failed.
/tmp/coulombc/pytorch_build_2021-11-10_08-09-16/avx2/python3.9/pytorch/aten/src/ATen/native/cuda/Loss.cu:104: operator(): block: [26,0,0], thread: [13,0,0] Assertion `input_val >= zero && input_val <= one` failed.
/tmp/coulombc/pytorch_build_2021-11-10_08-09-16/avx2/python3.9/pytorch/aten/src/ATen/native/cuda/Loss.cu:104: operator(): block: [26,0,0], thread: [14,0,0] Assertion `input_val >= zero && input_val <= one` failed.
/tmp/coulombc/pytorch_build_2021-11-10_08-09-16/avx2/python3.9/pytorch/aten/src/ATen/native/cuda/Loss.cu:104: operator(): block: [26,0,0], thread: [15,0,0] Assertion `input_val >= zero && input_val <= one` failed.
/tmp/coulombc/pytorch_build_2021-11-10_08-09-16/avx2/python3.9/pytorch/aten/src/ATen/native/cuda/Loss.cu:104: operator(): block: [26,0,0], thread: [16,0,0] Assertion `input_val >= zero && input_val <= one` failed.
/tmp/coulombc/pytorch_build_2021-11-10_08-09-16/avx2/python3.9/pytorch/aten/src/ATen/native/cuda/Loss.cu:104: operator(): block: [26,0,0], thread: [17,0,0] Assertion `input_val >= zero && input_val <= one` failed.
/tmp/coulombc/pytorch_build_2021-11-10_08-09-16/avx2/python3.9/pytorch/aten/src/ATen/native/cuda/Loss.cu:104: operator(): block: [26,0,0], thread: [18,0,0] Assertion `input_val >= zero && input_val <= one` failed.
/tmp/coulombc/pytorch_build_2021-11-10_08-09-16/avx2/python3.9/pytorch/aten/src/ATen/native/cuda/Loss.cu:104: operator(): block: [26,0,0], thread: [19,0,0] Assertion `input_val >= zero && input_val <= one` failed.
/tmp/coulombc/pytorch_build_2021-11-10_08-09-16/avx2/python3.9/pytorch/aten/src/ATen/native/cuda/Loss.cu:104: operator(): block: [26,0,0], thread: [20,0,0] Assertion `input_val >= zero && input_val <= one` failed.
/tmp/coulombc/pytorch_build_2021-11-10_08-09-16/avx2/python3.9/pytorch/aten/src/ATen/native/cuda/Loss.cu:104: operator(): block: [26,0,0], thread: [21,0,0] Assertion `input_val >= zero && input_val <= one` failed.
/tmp/coulombc/pytorch_build_2021-11-10_08-09-16/avx2/python3.9/pytorch/aten/src/ATen/native/cuda/Loss.cu:104: operator(): block: [26,0,0], thread: [22,0,0] Assertion `input_val >= zero && input_val <= one` failed.
/tmp/coulombc/pytorch_build_2021-11-10_08-09-16/avx2/python3.9/pytorch/aten/src/ATen/native/cuda/Loss.cu:104: operator(): block: [26,0,0], thread: [23,0,0] Assertion `input_val >= zero && input_val <= one` failed.
/tmp/coulombc/pytorch_build_2021-11-10_08-09-16/avx2/python3.9/pytorch/aten/src/ATen/native/cuda/Loss.cu:104: operator(): block: [26,0,0], thread: [24,0,0] Assertion `input_val >= zero && input_val <= one` failed.
/tmp/coulombc/pytorch_build_2021-11-10_08-09-16/avx2/python3.9/pytorch/aten/src/ATen/native/cuda/Loss.cu:104: operator(): block: [26,0,0], thread: [25,0,0] Assertion `input_val >= zero && input_val <= one` failed.
/tmp/coulombc/pytorch_build_2021-11-10_08-09-16/avx2/python3.9/pytorch/aten/src/ATen/native/cuda/Loss.cu:104: operator(): block: [26,0,0], thread: [26,0,0] Assertion `input_val >= zero && input_val <= one` failed.
/tmp/coulombc/pytorch_build_2021-11-10_08-09-16/avx2/python3.9/pytorch/aten/src/ATen/native/cuda/Loss.cu:104: operator(): block: [26,0,0], thread: [27,0,0] Assertion `input_val >= zero && input_val <= one` failed.
/tmp/coulombc/pytorch_build_2021-11-10_08-09-16/avx2/python3.9/pytorch/aten/src/ATen/native/cuda/Loss.cu:104: operator(): block: [26,0,0], thread: [28,0,0] Assertion `input_val >= zero && input_val <= one` failed.
/tmp/coulombc/pytorch_build_2021-11-10_08-09-16/avx2/python3.9/pytorch/aten/src/ATen/native/cuda/Loss.cu:104: operator(): block: [26,0,0], thread: [29,0,0] Assertion `input_val >= zero && input_val <= one` failed.
/tmp/coulombc/pytorch_build_2021-11-10_08-09-16/avx2/python3.9/pytorch/aten/src/ATen/native/cuda/Loss.cu:104: operator(): block: [26,0,0], thread: [30,0,0] Assertion `input_val >= zero && input_val <= one` failed.
/tmp/coulombc/pytorch_build_2021-11-10_08-09-16/avx2/python3.9/pytorch/aten/src/ATen/native/cuda/Loss.cu:104: operator(): block: [26,0,0], thread: [31,0,0] Assertion `input_val >= zero && input_val <= one` failed.
/tmp/coulombc/pytorch_build_2021-11-10_08-09-16/avx2/python3.9/pytorch/aten/src/ATen/native/cuda/Loss.cu:104: operator(): block: [26,0,0], thread: [32,0,0] Assertion `input_val >= zero && input_val <= one` failed.
/tmp/coulombc/pytorch_build_2021-11-10_08-09-16/avx2/python3.9/pytorch/aten/src/ATen/native/cuda/Loss.cu:104: operator(): block: [26,0,0], thread: [33,0,0] Assertion `input_val >= zero && input_val <= one` failed.
/tmp/coulombc/pytorch_build_2021-11-10_08-09-16/avx2/python3.9/pytorch/aten/src/ATen/native/cuda/Loss.cu:104: operator(): block: [26,0,0], thread: [34,0,0] Assertion `input_val >= zero && input_val <= one` failed.
/tmp/coulombc/pytorch_build_2021-11-10_08-09-16/avx2/python3.9/pytorch/aten/src/ATen/native/cuda/Loss.cu:104: operator(): block: [26,0,0], thread: [35,0,0] Assertion `input_val >= zero && input_val <= one` failed.
/tmp/coulombc/pytorch_build_2021-11-10_08-09-16/avx2/python3.9/pytorch/aten/src/ATen/native/cuda/Loss.cu:104: operator(): block: [26,0,0], thread: [36,0,0] Assertion `input_val >= zero && input_val <= one` failed.
/tmp/coulombc/pytorch_build_2021-11-10_08-09-16/avx2/python3.9/pytorch/aten/src/ATen/native/cuda/Loss.cu:104: operator(): block: [26,0,0], thread: [37,0,0] Assertion `input_val >= zero && input_val <= one` failed.
/tmp/coulombc/pytorch_build_2021-11-10_08-09-16/avx2/python3.9/pytorch/aten/src/ATen/native/cuda/Loss.cu:104: operator(): block: [26,0,0], thread: [38,0,0] Assertion `input_val >= zero && input_val <= one` failed.
/tmp/coulombc/pytorch_build_2021-11-10_08-09-16/avx2/python3.9/pytorch/aten/src/ATen/native/cuda/Loss.cu:104: operator(): block: [26,0,0], thread: [39,0,0] Assertion `input_val >= zero && input_val <= one` failed.
/tmp/coulombc/pytorch_build_2021-11-10_08-09-16/avx2/python3.9/pytorch/aten/src/ATen/native/cuda/Loss.cu:104: operator(): block: [26,0,0], thread: [40,0,0] Assertion `input_val >= zero && input_val <= one` failed.
/tmp/coulombc/pytorch_build_2021-11-10_08-09-16/avx2/python3.9/pytorch/aten/src/ATen/native/cuda/Loss.cu:104: operator(): block: [26,0,0], thread: [41,0,0] Assertion `input_val >= zero && input_val <= one` failed.
/tmp/coulombc/pytorch_build_2021-11-10_08-09-16/avx2/python3.9/pytorch/aten/src/ATen/native/cuda/Loss.cu:104: operator(): block: [26,0,0], thread: [42,0,0] Assertion `input_val >= zero && input_val <= one` failed.
/tmp/coulombc/pytorch_build_2021-11-10_08-09-16/avx2/python3.9/pytorch/aten/src/ATen/native/cuda/Loss.cu:104: operator(): block: [26,0,0], thread: [43,0,0] Assertion `input_val >= zero && input_val <= one` failed.
/tmp/coulombc/pytorch_build_2021-11-10_08-09-16/avx2/python3.9/pytorch/aten/src/ATen/native/cuda/Loss.cu:104: operator(): block: [26,0,0], thread: [44,0,0] Assertion `input_val >= zero && input_val <= one` failed.
/tmp/coulombc/pytorch_build_2021-11-10_08-09-16/avx2/python3.9/pytorch/aten/src/ATen/native/cuda/Loss.cu:104: operator(): block: [26,0,0], thread: [45,0,0] Assertion `input_val >= zero && input_val <= one` failed.
/tmp/coulombc/pytorch_build_2021-11-10_08-09-16/avx2/python3.9/pytorch/aten/src/ATen/native/cuda/Loss.cu:104: operator(): block: [26,0,0], thread: [46,0,0] Assertion `input_val >= zero && input_val <= one` failed.
/tmp/coulombc/pytorch_build_2021-11-10_08-09-16/avx2/python3.9/pytorch/aten/src/ATen/native/cuda/Loss.cu:104: operator(): block: [26,0,0], thread: [47,0,0] Assertion `input_val >= zero && input_val <= one` failed.
/tmp/coulombc/pytorch_build_2021-11-10_08-09-16/avx2/python3.9/pytorch/aten/src/ATen/native/cuda/Loss.cu:104: operator(): block: [26,0,0], thread: [48,0,0] Assertion `input_val >= zero && input_val <= one` failed.
/tmp/coulombc/pytorch_build_2021-11-10_08-09-16/avx2/python3.9/pytorch/aten/src/ATen/native/cuda/Loss.cu:104: operator(): block: [26,0,0], thread: [49,0,0] Assertion `input_val >= zero && input_val <= one` failed.
/tmp/coulombc/pytorch_build_2021-11-10_08-09-16/avx2/python3.9/pytorch/aten/src/ATen/native/cuda/Loss.cu:104: operator(): block: [26,0,0], thread: [50,0,0] Assertion `input_val >= zero && input_val <= one` failed.
/tmp/coulombc/pytorch_build_2021-11-10_08-09-16/avx2/python3.9/pytorch/aten/src/ATen/native/cuda/Loss.cu:104: operator(): block: [26,0,0], thread: [51,0,0] Assertion `input_val >= zero && input_val <= one` failed.
/tmp/coulombc/pytorch_build_2021-11-10_08-09-16/avx2/python3.9/pytorch/aten/src/ATen/native/cuda/Loss.cu:104: operator(): block: [26,0,0], thread: [52,0,0] Assertion `input_val >= zero && input_val <= one` failed.
/tmp/coulombc/pytorch_build_2021-11-10_08-09-16/avx2/python3.9/pytorch/aten/src/ATen/native/cuda/Loss.cu:104: operator(): block: [26,0,0], thread: [53,0,0] Assertion `input_val >= zero && input_val <= one` failed.
/tmp/coulombc/pytorch_build_2021-11-10_08-09-16/avx2/python3.9/pytorch/aten/src/ATen/native/cuda/Loss.cu:104: operator(): block: [26,0,0], thread: [54,0,0] Assertion `input_val >= zero && input_val <= one` failed.
/tmp/coulombc/pytorch_build_2021-11-10_08-09-16/avx2/python3.9/pytorch/aten/src/ATen/native/cuda/Loss.cu:104: operator(): block: [26,0,0], thread: [55,0,0] Assertion `input_val >= zero && input_val <= one` failed.
/tmp/coulombc/pytorch_build_2021-11-10_08-09-16/avx2/python3.9/pytorch/aten/src/ATen/native/cuda/Loss.cu:104: operator(): block: [26,0,0], thread: [56,0,0] Assertion `input_val >= zero && input_val <= one` failed.
/tmp/coulombc/pytorch_build_2021-11-10_08-09-16/avx2/python3.9/pytorch/aten/src/ATen/native/cuda/Loss.cu:104: operator(): block: [26,0,0], thread: [57,0,0] Assertion `input_val >= zero && input_val <= one` failed.
/tmp/coulombc/pytorch_build_2021-11-10_08-09-16/avx2/python3.9/pytorch/aten/src/ATen/native/cuda/Loss.cu:104: operator(): block: [26,0,0], thread: [58,0,0] Assertion `input_val >= zero && input_val <= one` failed.
/tmp/coulombc/pytorch_build_2021-11-10_08-09-16/avx2/python3.9/pytorch/aten/src/ATen/native/cuda/Loss.cu:104: operator(): block: [26,0,0], thread: [59,0,0] Assertion `input_val >= zero && input_val <= one` failed.
/tmp/coulombc/pytorch_build_2021-11-10_08-09-16/avx2/python3.9/pytorch/aten/src/ATen/native/cuda/Loss.cu:104: operator(): block: [26,0,0], thread: [60,0,0] Assertion `input_val >= zero && input_val <= one` failed.
/tmp/coulombc/pytorch_build_2021-11-10_08-09-16/avx2/python3.9/pytorch/aten/src/ATen/native/cuda/Loss.cu:104: operator(): block: [26,0,0], thread: [61,0,0] Assertion `input_val >= zero && input_val <= one` failed.
/tmp/coulombc/pytorch_build_2021-11-10_08-09-16/avx2/python3.9/pytorch/aten/src/ATen/native/cuda/Loss.cu:104: operator(): block: [26,0,0], thread: [62,0,0] Assertion `input_val >= zero && input_val <= one` failed.
/tmp/coulombc/pytorch_build_2021-11-10_08-09-16/avx2/python3.9/pytorch/aten/src/ATen/native/cuda/Loss.cu:104: operator(): block: [26,0,0], thread: [63,0,0] Assertion `input_val >= zero && input_val <= one` failed.
/tmp/coulombc/pytorch_build_2021-11-10_08-09-16/avx2/python3.9/pytorch/aten/src/ATen/native/cuda/Loss.cu:104: operator(): block: [28,0,0], thread: [0,0,0] Assertion `input_val >= zero && input_val <= one` failed.
/tmp/coulombc/pytorch_build_2021-11-10_08-09-16/avx2/python3.9/pytorch/aten/src/ATen/native/cuda/Loss.cu:104: operator(): block: [28,0,0], thread: [1,0,0] Assertion `input_val >= zero && input_val <= one` failed.
/tmp/coulombc/pytorch_build_2021-11-10_08-09-16/avx2/python3.9/pytorch/aten/src/ATen/native/cuda/Loss.cu:104: operator(): block: [28,0,0], thread: [2,0,0] Assertion `input_val >= zero && input_val <= one` failed.
/tmp/coulombc/pytorch_build_2021-11-10_08-09-16/avx2/python3.9/pytorch/aten/src/ATen/native/cuda/Loss.cu:104: operator(): block: [28,0,0], thread: [3,0,0] Assertion `input_val >= zero && input_val <= one` failed.
/tmp/coulombc/pytorch_build_2021-11-10_08-09-16/avx2/python3.9/pytorch/aten/src/ATen/native/cuda/Loss.cu:104: operator(): block: [28,0,0], thread: [4,0,0] Assertion `input_val >= zero && input_val <= one` failed.
/tmp/coulombc/pytorch_build_2021-11-10_08-09-16/avx2/python3.9/pytorch/aten/src/ATen/native/cuda/Loss.cu:104: operator(): block: [28,0,0], thread: [5,0,0] Assertion `input_val >= zero && input_val <= one` failed.
/tmp/coulombc/pytorch_build_2021-11-10_08-09-16/avx2/python3.9/pytorch/aten/src/ATen/native/cuda/Loss.cu:104: operator(): block: [28,0,0], thread: [6,0,0] Assertion `input_val >= zero && input_val <= one` failed.
/tmp/coulombc/pytorch_build_2021-11-10_08-09-16/avx2/python3.9/pytorch/aten/src/ATen/native/cuda/Loss.cu:104: operator(): block: [28,0,0], thread: [7,0,0] Assertion `input_val >= zero && input_val <= one` failed.
/tmp/coulombc/pytorch_build_2021-11-10_08-09-16/avx2/python3.9/pytorch/aten/src/ATen/native/cuda/Loss.cu:104: operator(): block: [28,0,0], thread: [8,0,0] Assertion `input_val >= zero && input_val <= one` failed.
/tmp/coulombc/pytorch_build_2021-11-10_08-09-16/avx2/python3.9/pytorch/aten/src/ATen/native/cuda/Loss.cu:104: operator(): block: [28,0,0], thread: [9,0,0] Assertion `input_val >= zero && input_val <= one` failed.
/tmp/coulombc/pytorch_build_2021-11-10_08-09-16/avx2/python3.9/pytorch/aten/src/ATen/native/cuda/Loss.cu:104: operator(): block: [28,0,0], thread: [10,0,0] Assertion `input_val >= zero && input_val <= one` failed.
/tmp/coulombc/pytorch_build_2021-11-10_08-09-16/avx2/python3.9/pytorch/aten/src/ATen/native/cuda/Loss.cu:104: operator(): block: [28,0,0], thread: [11,0,0] Assertion `input_val >= zero && input_val <= one` failed.
/tmp/coulombc/pytorch_build_2021-11-10_08-09-16/avx2/python3.9/pytorch/aten/src/ATen/native/cuda/Loss.cu:104: operator(): block: [28,0,0], thread: [12,0,0] Assertion `input_val >= zero && input_val <= one` failed.
/tmp/coulombc/pytorch_build_2021-11-10_08-09-16/avx2/python3.9/pytorch/aten/src/ATen/native/cuda/Loss.cu:104: operator(): block: [28,0,0], thread: [13,0,0] Assertion `input_val >= zero && input_val <= one` failed.
/tmp/coulombc/pytorch_build_2021-11-10_08-09-16/avx2/python3.9/pytorch/aten/src/ATen/native/cuda/Loss.cu:104: operator(): block: [28,0,0], thread: [14,0,0] Assertion `input_val >= zero && input_val <= one` failed.
/tmp/coulombc/pytorch_build_2021-11-10_08-09-16/avx2/python3.9/pytorch/aten/src/ATen/native/cuda/Loss.cu:104: operator(): block: [28,0,0], thread: [15,0,0] Assertion `input_val >= zero && input_val <= one` failed.
/tmp/coulombc/pytorch_build_2021-11-10_08-09-16/avx2/python3.9/pytorch/aten/src/ATen/native/cuda/Loss.cu:104: operator(): block: [28,0,0], thread: [16,0,0] Assertion `input_val >= zero && input_val <= one` failed.
/tmp/coulombc/pytorch_build_2021-11-10_08-09-16/avx2/python3.9/pytorch/aten/src/ATen/native/cuda/Loss.cu:104: operator(): block: [28,0,0], thread: [17,0,0] Assertion `input_val >= zero && input_val <= one` failed.
/tmp/coulombc/pytorch_build_2021-11-10_08-09-16/avx2/python3.9/pytorch/aten/src/ATen/native/cuda/Loss.cu:104: operator(): block: [28,0,0], thread: [18,0,0] Assertion `input_val >= zero && input_val <= one` failed.
/tmp/coulombc/pytorch_build_2021-11-10_08-09-16/avx2/python3.9/pytorch/aten/src/ATen/native/cuda/Loss.cu:104: operator(): block: [28,0,0], thread: [19,0,0] Assertion `input_val >= zero && input_val <= one` failed.
/tmp/coulombc/pytorch_build_2021-11-10_08-09-16/avx2/python3.9/pytorch/aten/src/ATen/native/cuda/Loss.cu:104: operator(): block: [28,0,0], thread: [20,0,0] Assertion `input_val >= zero && input_val <= one` failed.
/tmp/coulombc/pytorch_build_2021-11-10_08-09-16/avx2/python3.9/pytorch/aten/src/ATen/native/cuda/Loss.cu:104: operator(): block: [28,0,0], thread: [21,0,0] Assertion `input_val >= zero && input_val <= one` failed.
/tmp/coulombc/pytorch_build_2021-11-10_08-09-16/avx2/python3.9/pytorch/aten/src/ATen/native/cuda/Loss.cu:104: operator(): block: [28,0,0], thread: [22,0,0] Assertion `input_val >= zero && input_val <= one` failed.
/tmp/coulombc/pytorch_build_2021-11-10_08-09-16/avx2/python3.9/pytorch/aten/src/ATen/native/cuda/Loss.cu:104: operator(): block: [28,0,0], thread: [23,0,0] Assertion `input_val >= zero && input_val <= one` failed.
/tmp/coulombc/pytorch_build_2021-11-10_08-09-16/avx2/python3.9/pytorch/aten/src/ATen/native/cuda/Loss.cu:104: operator(): block: [28,0,0], thread: [24,0,0] Assertion `input_val >= zero && input_val <= one` failed.
/tmp/coulombc/pytorch_build_2021-11-10_08-09-16/avx2/python3.9/pytorch/aten/src/ATen/native/cuda/Loss.cu:104: operator(): block: [28,0,0], thread: [25,0,0] Assertion `input_val >= zero && input_val <= one` failed.
/tmp/coulombc/pytorch_build_2021-11-10_08-09-16/avx2/python3.9/pytorch/aten/src/ATen/native/cuda/Loss.cu:104: operator(): block: [28,0,0], thread: [26,0,0] Assertion `input_val >= zero && input_val <= one` failed.
/tmp/coulombc/pytorch_build_2021-11-10_08-09-16/avx2/python3.9/pytorch/aten/src/ATen/native/cuda/Loss.cu:104: operator(): block: [28,0,0], thread: [27,0,0] Assertion `input_val >= zero && input_val <= one` failed.
/tmp/coulombc/pytorch_build_2021-11-10_08-09-16/avx2/python3.9/pytorch/aten/src/ATen/native/cuda/Loss.cu:104: operator(): block: [28,0,0], thread: [28,0,0] Assertion `input_val >= zero && input_val <= one` failed.
/tmp/coulombc/pytorch_build_2021-11-10_08-09-16/avx2/python3.9/pytorch/aten/src/ATen/native/cuda/Loss.cu:104: operator(): block: [28,0,0], thread: [29,0,0] Assertion `input_val >= zero && input_val <= one` failed.
/tmp/coulombc/pytorch_build_2021-11-10_08-09-16/avx2/python3.9/pytorch/aten/src/ATen/native/cuda/Loss.cu:104: operator(): block: [28,0,0], thread: [30,0,0] Assertion `input_val >= zero && input_val <= one` failed.
/tmp/coulombc/pytorch_build_2021-11-10_08-09-16/avx2/python3.9/pytorch/aten/src/ATen/native/cuda/Loss.cu:104: operator(): block: [28,0,0], thread: [31,0,0] Assertion `input_val >= zero && input_val <= one` failed.
/tmp/coulombc/pytorch_build_2021-11-10_08-09-16/avx2/python3.9/pytorch/aten/src/ATen/native/cuda/Loss.cu:104: operator(): block: [31,0,0], thread: [0,0,0] Assertion `input_val >= zero && input_val <= one` failed.
/tmp/coulombc/pytorch_build_2021-11-10_08-09-16/avx2/python3.9/pytorch/aten/src/ATen/native/cuda/Loss.cu:104: operator(): block: [31,0,0], thread: [1,0,0] Assertion `input_val >= zero && input_val <= one` failed.
/tmp/coulombc/pytorch_build_2021-11-10_08-09-16/avx2/python3.9/pytorch/aten/src/ATen/native/cuda/Loss.cu:104: operator(): block: [31,0,0], thread: [2,0,0] Assertion `input_val >= zero && input_val <= one` failed.
/tmp/coulombc/pytorch_build_2021-11-10_08-09-16/avx2/python3.9/pytorch/aten/src/ATen/native/cuda/Loss.cu:104: operator(): block: [31,0,0], thread: [3,0,0] Assertion `input_val >= zero && input_val <= one` failed.
/tmp/coulombc/pytorch_build_2021-11-10_08-09-16/avx2/python3.9/pytorch/aten/src/ATen/native/cuda/Loss.cu:104: operator(): block: [31,0,0], thread: [4,0,0] Assertion `input_val >= zero && input_val <= one` failed.
/tmp/coulombc/pytorch_build_2021-11-10_08-09-16/avx2/python3.9/pytorch/aten/src/ATen/native/cuda/Loss.cu:104: operator(): block: [31,0,0], thread: [5,0,0] Assertion `input_val >= zero && input_val <= one` failed.
/tmp/coulombc/pytorch_build_2021-11-10_08-09-16/avx2/python3.9/pytorch/aten/src/ATen/native/cuda/Loss.cu:104: operator(): block: [31,0,0], thread: [6,0,0] Assertion `input_val >= zero && input_val <= one` failed.
/tmp/coulombc/pytorch_build_2021-11-10_08-09-16/avx2/python3.9/pytorch/aten/src/ATen/native/cuda/Loss.cu:104: operator(): block: [31,0,0], thread: [7,0,0] Assertion `input_val >= zero && input_val <= one` failed.
/tmp/coulombc/pytorch_build_2021-11-10_08-09-16/avx2/python3.9/pytorch/aten/src/ATen/native/cuda/Loss.cu:104: operator(): block: [31,0,0], thread: [8,0,0] Assertion `input_val >= zero && input_val <= one` failed.
/tmp/coulombc/pytorch_build_2021-11-10_08-09-16/avx2/python3.9/pytorch/aten/src/ATen/native/cuda/Loss.cu:104: operator(): block: [31,0,0], thread: [9,0,0] Assertion `input_val >= zero && input_val <= one` failed.
/tmp/coulombc/pytorch_build_2021-11-10_08-09-16/avx2/python3.9/pytorch/aten/src/ATen/native/cuda/Loss.cu:104: operator(): block: [31,0,0], thread: [10,0,0] Assertion `input_val >= zero && input_val <= one` failed.
/tmp/coulombc/pytorch_build_2021-11-10_08-09-16/avx2/python3.9/pytorch/aten/src/ATen/native/cuda/Loss.cu:104: operator(): block: [31,0,0], thread: [11,0,0] Assertion `input_val >= zero && input_val <= one` failed.
/tmp/coulombc/pytorch_build_2021-11-10_08-09-16/avx2/python3.9/pytorch/aten/src/ATen/native/cuda/Loss.cu:104: operator(): block: [31,0,0], thread: [12,0,0] Assertion `input_val >= zero && input_val <= one` failed.
/tmp/coulombc/pytorch_build_2021-11-10_08-09-16/avx2/python3.9/pytorch/aten/src/ATen/native/cuda/Loss.cu:104: operator(): block: [31,0,0], thread: [13,0,0] Assertion `input_val >= zero && input_val <= one` failed.
/tmp/coulombc/pytorch_build_2021-11-10_08-09-16/avx2/python3.9/pytorch/aten/src/ATen/native/cuda/Loss.cu:104: operator(): block: [31,0,0], thread: [14,0,0] Assertion `input_val >= zero && input_val <= one` failed.
/tmp/coulombc/pytorch_build_2021-11-10_08-09-16/avx2/python3.9/pytorch/aten/src/ATen/native/cuda/Loss.cu:104: operator(): block: [31,0,0], thread: [15,0,0] Assertion `input_val >= zero && input_val <= one` failed.
/tmp/coulombc/pytorch_build_2021-11-10_08-09-16/avx2/python3.9/pytorch/aten/src/ATen/native/cuda/Loss.cu:104: operator(): block: [31,0,0], thread: [16,0,0] Assertion `input_val >= zero && input_val <= one` failed.
/tmp/coulombc/pytorch_build_2021-11-10_08-09-16/avx2/python3.9/pytorch/aten/src/ATen/native/cuda/Loss.cu:104: operator(): block: [31,0,0], thread: [17,0,0] Assertion `input_val >= zero && input_val <= one` failed.
/tmp/coulombc/pytorch_build_2021-11-10_08-09-16/avx2/python3.9/pytorch/aten/src/ATen/native/cuda/Loss.cu:104: operator(): block: [31,0,0], thread: [18,0,0] Assertion `input_val >= zero && input_val <= one` failed.
/tmp/coulombc/pytorch_build_2021-11-10_08-09-16/avx2/python3.9/pytorch/aten/src/ATen/native/cuda/Loss.cu:104: operator(): block: [31,0,0], thread: [19,0,0] Assertion `input_val >= zero && input_val <= one` failed.
/tmp/coulombc/pytorch_build_2021-11-10_08-09-16/avx2/python3.9/pytorch/aten/src/ATen/native/cuda/Loss.cu:104: operator(): block: [31,0,0], thread: [20,0,0] Assertion `input_val >= zero && input_val <= one` failed.
/tmp/coulombc/pytorch_build_2021-11-10_08-09-16/avx2/python3.9/pytorch/aten/src/ATen/native/cuda/Loss.cu:104: operator(): block: [31,0,0], thread: [21,0,0] Assertion `input_val >= zero && input_val <= one` failed.
/tmp/coulombc/pytorch_build_2021-11-10_08-09-16/avx2/python3.9/pytorch/aten/src/ATen/native/cuda/Loss.cu:104: operator(): block: [31,0,0], thread: [22,0,0] Assertion `input_val >= zero && input_val <= one` failed.
/tmp/coulombc/pytorch_build_2021-11-10_08-09-16/avx2/python3.9/pytorch/aten/src/ATen/native/cuda/Loss.cu:104: operator(): block: [31,0,0], thread: [23,0,0] Assertion `input_val >= zero && input_val <= one` failed.
/tmp/coulombc/pytorch_build_2021-11-10_08-09-16/avx2/python3.9/pytorch/aten/src/ATen/native/cuda/Loss.cu:104: operator(): block: [31,0,0], thread: [24,0,0] Assertion `input_val >= zero && input_val <= one` failed.
/tmp/coulombc/pytorch_build_2021-11-10_08-09-16/avx2/python3.9/pytorch/aten/src/ATen/native/cuda/Loss.cu:104: operator(): block: [31,0,0], thread: [25,0,0] Assertion `input_val >= zero && input_val <= one` failed.
/tmp/coulombc/pytorch_build_2021-11-10_08-09-16/avx2/python3.9/pytorch/aten/src/ATen/native/cuda/Loss.cu:104: operator(): block: [31,0,0], thread: [26,0,0] Assertion `input_val >= zero && input_val <= one` failed.
/tmp/coulombc/pytorch_build_2021-11-10_08-09-16/avx2/python3.9/pytorch/aten/src/ATen/native/cuda/Loss.cu:104: operator(): block: [31,0,0], thread: [27,0,0] Assertion `input_val >= zero && input_val <= one` failed.
/tmp/coulombc/pytorch_build_2021-11-10_08-09-16/avx2/python3.9/pytorch/aten/src/ATen/native/cuda/Loss.cu:104: operator(): block: [31,0,0], thread: [28,0,0] Assertion `input_val >= zero && input_val <= one` failed.
/tmp/coulombc/pytorch_build_2021-11-10_08-09-16/avx2/python3.9/pytorch/aten/src/ATen/native/cuda/Loss.cu:104: operator(): block: [31,0,0], thread: [29,0,0] Assertion `input_val >= zero && input_val <= one` failed.
/tmp/coulombc/pytorch_build_2021-11-10_08-09-16/avx2/python3.9/pytorch/aten/src/ATen/native/cuda/Loss.cu:104: operator(): block: [31,0,0], thread: [30,0,0] Assertion `input_val >= zero && input_val <= one` failed.
/tmp/coulombc/pytorch_build_2021-11-10_08-09-16/avx2/python3.9/pytorch/aten/src/ATen/native/cuda/Loss.cu:104: operator(): block: [31,0,0], thread: [31,0,0] Assertion `input_val >= zero && input_val <= one` failed.
/tmp/coulombc/pytorch_build_2021-11-10_08-09-16/avx2/python3.9/pytorch/aten/src/ATen/native/cuda/Loss.cu:104: operator(): block: [43,0,0], thread: [32,0,0] Assertion `input_val >= zero && input_val <= one` failed.
/tmp/coulombc/pytorch_build_2021-11-10_08-09-16/avx2/python3.9/pytorch/aten/src/ATen/native/cuda/Loss.cu:104: operator(): block: [43,0,0], thread: [33,0,0] Assertion `input_val >= zero && input_val <= one` failed.
/tmp/coulombc/pytorch_build_2021-11-10_08-09-16/avx2/python3.9/pytorch/aten/src/ATen/native/cuda/Loss.cu:104: operator(): block: [43,0,0], thread: [34,0,0] Assertion `input_val >= zero && input_val <= one` failed.
/tmp/coulombc/pytorch_build_2021-11-10_08-09-16/avx2/python3.9/pytorch/aten/src/ATen/native/cuda/Loss.cu:104: operator(): block: [43,0,0], thread: [35,0,0] Assertion `input_val >= zero && input_val <= one` failed.
/tmp/coulombc/pytorch_build_2021-11-10_08-09-16/avx2/python3.9/pytorch/aten/src/ATen/native/cuda/Loss.cu:104: operator(): block: [43,0,0], thread: [36,0,0] Assertion `input_val >= zero && input_val <= one` failed.
/tmp/coulombc/pytorch_build_2021-11-10_08-09-16/avx2/python3.9/pytorch/aten/src/ATen/native/cuda/Loss.cu:104: operator(): block: [43,0,0], thread: [37,0,0] Assertion `input_val >= zero && input_val <= one` failed.
/tmp/coulombc/pytorch_build_2021-11-10_08-09-16/avx2/python3.9/pytorch/aten/src/ATen/native/cuda/Loss.cu:104: operator(): block: [43,0,0], thread: [38,0,0] Assertion `input_val >= zero && input_val <= one` failed.
/tmp/coulombc/pytorch_build_2021-11-10_08-09-16/avx2/python3.9/pytorch/aten/src/ATen/native/cuda/Loss.cu:104: operator(): block: [43,0,0], thread: [39,0,0] Assertion `input_val >= zero && input_val <= one` failed.
/tmp/coulombc/pytorch_build_2021-11-10_08-09-16/avx2/python3.9/pytorch/aten/src/ATen/native/cuda/Loss.cu:104: operator(): block: [43,0,0], thread: [40,0,0] Assertion `input_val >= zero && input_val <= one` failed.
/tmp/coulombc/pytorch_build_2021-11-10_08-09-16/avx2/python3.9/pytorch/aten/src/ATen/native/cuda/Loss.cu:104: operator(): block: [43,0,0], thread: [41,0,0] Assertion `input_val >= zero && input_val <= one` failed.
/tmp/coulombc/pytorch_build_2021-11-10_08-09-16/avx2/python3.9/pytorch/aten/src/ATen/native/cuda/Loss.cu:104: operator(): block: [43,0,0], thread: [42,0,0] Assertion `input_val >= zero && input_val <= one` failed.
/tmp/coulombc/pytorch_build_2021-11-10_08-09-16/avx2/python3.9/pytorch/aten/src/ATen/native/cuda/Loss.cu:104: operator(): block: [43,0,0], thread: [43,0,0] Assertion `input_val >= zero && input_val <= one` failed.
/tmp/coulombc/pytorch_build_2021-11-10_08-09-16/avx2/python3.9/pytorch/aten/src/ATen/native/cuda/Loss.cu:104: operator(): block: [43,0,0], thread: [44,0,0] Assertion `input_val >= zero && input_val <= one` failed.
/tmp/coulombc/pytorch_build_2021-11-10_08-09-16/avx2/python3.9/pytorch/aten/src/ATen/native/cuda/Loss.cu:104: operator(): block: [43,0,0], thread: [45,0,0] Assertion `input_val >= zero && input_val <= one` failed.
/tmp/coulombc/pytorch_build_2021-11-10_08-09-16/avx2/python3.9/pytorch/aten/src/ATen/native/cuda/Loss.cu:104: operator(): block: [43,0,0], thread: [46,0,0] Assertion `input_val >= zero && input_val <= one` failed.
/tmp/coulombc/pytorch_build_2021-11-10_08-09-16/avx2/python3.9/pytorch/aten/src/ATen/native/cuda/Loss.cu:104: operator(): block: [43,0,0], thread: [47,0,0] Assertion `input_val >= zero && input_val <= one` failed.
/tmp/coulombc/pytorch_build_2021-11-10_08-09-16/avx2/python3.9/pytorch/aten/src/ATen/native/cuda/Loss.cu:104: operator(): block: [43,0,0], thread: [48,0,0] Assertion `input_val >= zero && input_val <= one` failed.
/tmp/coulombc/pytorch_build_2021-11-10_08-09-16/avx2/python3.9/pytorch/aten/src/ATen/native/cuda/Loss.cu:104: operator(): block: [43,0,0], thread: [49,0,0] Assertion `input_val >= zero && input_val <= one` failed.
/tmp/coulombc/pytorch_build_2021-11-10_08-09-16/avx2/python3.9/pytorch/aten/src/ATen/native/cuda/Loss.cu:104: operator(): block: [43,0,0], thread: [50,0,0] Assertion `input_val >= zero && input_val <= one` failed.
/tmp/coulombc/pytorch_build_2021-11-10_08-09-16/avx2/python3.9/pytorch/aten/src/ATen/native/cuda/Loss.cu:104: operator(): block: [43,0,0], thread: [51,0,0] Assertion `input_val >= zero && input_val <= one` failed.
/tmp/coulombc/pytorch_build_2021-11-10_08-09-16/avx2/python3.9/pytorch/aten/src/ATen/native/cuda/Loss.cu:104: operator(): block: [43,0,0], thread: [52,0,0] Assertion `input_val >= zero && input_val <= one` failed.
/tmp/coulombc/pytorch_build_2021-11-10_08-09-16/avx2/python3.9/pytorch/aten/src/ATen/native/cuda/Loss.cu:104: operator(): block: [43,0,0], thread: [53,0,0] Assertion `input_val >= zero && input_val <= one` failed.
/tmp/coulombc/pytorch_build_2021-11-10_08-09-16/avx2/python3.9/pytorch/aten/src/ATen/native/cuda/Loss.cu:104: operator(): block: [43,0,0], thread: [54,0,0] Assertion `input_val >= zero && input_val <= one` failed.
/tmp/coulombc/pytorch_build_2021-11-10_08-09-16/avx2/python3.9/pytorch/aten/src/ATen/native/cuda/Loss.cu:104: operator(): block: [43,0,0], thread: [55,0,0] Assertion `input_val >= zero && input_val <= one` failed.
/tmp/coulombc/pytorch_build_2021-11-10_08-09-16/avx2/python3.9/pytorch/aten/src/ATen/native/cuda/Loss.cu:104: operator(): block: [43,0,0], thread: [56,0,0] Assertion `input_val >= zero && input_val <= one` failed.
/tmp/coulombc/pytorch_build_2021-11-10_08-09-16/avx2/python3.9/pytorch/aten/src/ATen/native/cuda/Loss.cu:104: operator(): block: [43,0,0], thread: [57,0,0] Assertion `input_val >= zero && input_val <= one` failed.
/tmp/coulombc/pytorch_build_2021-11-10_08-09-16/avx2/python3.9/pytorch/aten/src/ATen/native/cuda/Loss.cu:104: operator(): block: [43,0,0], thread: [58,0,0] Assertion `input_val >= zero && input_val <= one` failed.
/tmp/coulombc/pytorch_build_2021-11-10_08-09-16/avx2/python3.9/pytorch/aten/src/ATen/native/cuda/Loss.cu:104: operator(): block: [43,0,0], thread: [59,0,0] Assertion `input_val >= zero && input_val <= one` failed.
/tmp/coulombc/pytorch_build_2021-11-10_08-09-16/avx2/python3.9/pytorch/aten/src/ATen/native/cuda/Loss.cu:104: operator(): block: [43,0,0], thread: [60,0,0] Assertion `input_val >= zero && input_val <= one` failed.
/tmp/coulombc/pytorch_build_2021-11-10_08-09-16/avx2/python3.9/pytorch/aten/src/ATen/native/cuda/Loss.cu:104: operator(): block: [43,0,0], thread: [61,0,0] Assertion `input_val >= zero && input_val <= one` failed.
/tmp/coulombc/pytorch_build_2021-11-10_08-09-16/avx2/python3.9/pytorch/aten/src/ATen/native/cuda/Loss.cu:104: operator(): block: [43,0,0], thread: [62,0,0] Assertion `input_val >= zero && input_val <= one` failed.
/tmp/coulombc/pytorch_build_2021-11-10_08-09-16/avx2/python3.9/pytorch/aten/src/ATen/native/cuda/Loss.cu:104: operator(): block: [43,0,0], thread: [63,0,0] Assertion `input_val >= zero && input_val <= one` failed.
/tmp/coulombc/pytorch_build_2021-11-10_08-09-16/avx2/python3.9/pytorch/aten/src/ATen/native/cuda/Loss.cu:104: operator(): block: [41,0,0], thread: [0,0,0] Assertion `input_val >= zero && input_val <= one` failed.
/tmp/coulombc/pytorch_build_2021-11-10_08-09-16/avx2/python3.9/pytorch/aten/src/ATen/native/cuda/Loss.cu:104: operator(): block: [41,0,0], thread: [1,0,0] Assertion `input_val >= zero && input_val <= one` failed.
/tmp/coulombc/pytorch_build_2021-11-10_08-09-16/avx2/python3.9/pytorch/aten/src/ATen/native/cuda/Loss.cu:104: operator(): block: [41,0,0], thread: [2,0,0] Assertion `input_val >= zero && input_val <= one` failed.
/tmp/coulombc/pytorch_build_2021-11-10_08-09-16/avx2/python3.9/pytorch/aten/src/ATen/native/cuda/Loss.cu:104: operator(): block: [41,0,0], thread: [3,0,0] Assertion `input_val >= zero && input_val <= one` failed.
/tmp/coulombc/pytorch_build_2021-11-10_08-09-16/avx2/python3.9/pytorch/aten/src/ATen/native/cuda/Loss.cu:104: operator(): block: [41,0,0], thread: [4,0,0] Assertion `input_val >= zero && input_val <= one` failed.
/tmp/coulombc/pytorch_build_2021-11-10_08-09-16/avx2/python3.9/pytorch/aten/src/ATen/native/cuda/Loss.cu:104: operator(): block: [41,0,0], thread: [5,0,0] Assertion `input_val >= zero && input_val <= one` failed.
/tmp/coulombc/pytorch_build_2021-11-10_08-09-16/avx2/python3.9/pytorch/aten/src/ATen/native/cuda/Loss.cu:104: operator(): block: [41,0,0], thread: [6,0,0] Assertion `input_val >= zero && input_val <= one` failed.
/tmp/coulombc/pytorch_build_2021-11-10_08-09-16/avx2/python3.9/pytorch/aten/src/ATen/native/cuda/Loss.cu:104: operator(): block: [41,0,0], thread: [7,0,0] Assertion `input_val >= zero && input_val <= one` failed.
/tmp/coulombc/pytorch_build_2021-11-10_08-09-16/avx2/python3.9/pytorch/aten/src/ATen/native/cuda/Loss.cu:104: operator(): block: [41,0,0], thread: [8,0,0] Assertion `input_val >= zero && input_val <= one` failed.
/tmp/coulombc/pytorch_build_2021-11-10_08-09-16/avx2/python3.9/pytorch/aten/src/ATen/native/cuda/Loss.cu:104: operator(): block: [41,0,0], thread: [9,0,0] Assertion `input_val >= zero && input_val <= one` failed.
/tmp/coulombc/pytorch_build_2021-11-10_08-09-16/avx2/python3.9/pytorch/aten/src/ATen/native/cuda/Loss.cu:104: operator(): block: [41,0,0], thread: [10,0,0] Assertion `input_val >= zero && input_val <= one` failed.
/tmp/coulombc/pytorch_build_2021-11-10_08-09-16/avx2/python3.9/pytorch/aten/src/ATen/native/cuda/Loss.cu:104: operator(): block: [41,0,0], thread: [11,0,0] Assertion `input_val >= zero && input_val <= one` failed.
/tmp/coulombc/pytorch_build_2021-11-10_08-09-16/avx2/python3.9/pytorch/aten/src/ATen/native/cuda/Loss.cu:104: operator(): block: [41,0,0], thread: [12,0,0] Assertion `input_val >= zero && input_val <= one` failed.
/tmp/coulombc/pytorch_build_2021-11-10_08-09-16/avx2/python3.9/pytorch/aten/src/ATen/native/cuda/Loss.cu:104: operator(): block: [41,0,0], thread: [13,0,0] Assertion `input_val >= zero && input_val <= one` failed.
/tmp/coulombc/pytorch_build_2021-11-10_08-09-16/avx2/python3.9/pytorch/aten/src/ATen/native/cuda/Loss.cu:104: operator(): block: [41,0,0], thread: [14,0,0] Assertion `input_val >= zero && input_val <= one` failed.
/tmp/coulombc/pytorch_build_2021-11-10_08-09-16/avx2/python3.9/pytorch/aten/src/ATen/native/cuda/Loss.cu:104: operator(): block: [41,0,0], thread: [15,0,0] Assertion `input_val >= zero && input_val <= one` failed.
/tmp/coulombc/pytorch_build_2021-11-10_08-09-16/avx2/python3.9/pytorch/aten/src/ATen/native/cuda/Loss.cu:104: operator(): block: [41,0,0], thread: [16,0,0] Assertion `input_val >= zero && input_val <= one` failed.
/tmp/coulombc/pytorch_build_2021-11-10_08-09-16/avx2/python3.9/pytorch/aten/src/ATen/native/cuda/Loss.cu:104: operator(): block: [41,0,0], thread: [17,0,0] Assertion `input_val >= zero && input_val <= one` failed.
/tmp/coulombc/pytorch_build_2021-11-10_08-09-16/avx2/python3.9/pytorch/aten/src/ATen/native/cuda/Loss.cu:104: operator(): block: [41,0,0], thread: [18,0,0] Assertion `input_val >= zero && input_val <= one` failed.
/tmp/coulombc/pytorch_build_2021-11-10_08-09-16/avx2/python3.9/pytorch/aten/src/ATen/native/cuda/Loss.cu:104: operator(): block: [41,0,0], thread: [19,0,0] Assertion `input_val >= zero && input_val <= one` failed.
/tmp/coulombc/pytorch_build_2021-11-10_08-09-16/avx2/python3.9/pytorch/aten/src/ATen/native/cuda/Loss.cu:104: operator(): block: [41,0,0], thread: [20,0,0] Assertion `input_val >= zero && input_val <= one` failed.
/tmp/coulombc/pytorch_build_2021-11-10_08-09-16/avx2/python3.9/pytorch/aten/src/ATen/native/cuda/Loss.cu:104: operator(): block: [41,0,0], thread: [21,0,0] Assertion `input_val >= zero && input_val <= one` failed.
/tmp/coulombc/pytorch_build_2021-11-10_08-09-16/avx2/python3.9/pytorch/aten/src/ATen/native/cuda/Loss.cu:104: operator(): block: [41,0,0], thread: [22,0,0] Assertion `input_val >= zero && input_val <= one` failed.
/tmp/coulombc/pytorch_build_2021-11-10_08-09-16/avx2/python3.9/pytorch/aten/src/ATen/native/cuda/Loss.cu:104: operator(): block: [41,0,0], thread: [23,0,0] Assertion `input_val >= zero && input_val <= one` failed.
/tmp/coulombc/pytorch_build_2021-11-10_08-09-16/avx2/python3.9/pytorch/aten/src/ATen/native/cuda/Loss.cu:104: operator(): block: [41,0,0], thread: [24,0,0] Assertion `input_val >= zero && input_val <= one` failed.
/tmp/coulombc/pytorch_build_2021-11-10_08-09-16/avx2/python3.9/pytorch/aten/src/ATen/native/cuda/Loss.cu:104: operator(): block: [41,0,0], thread: [25,0,0] Assertion `input_val >= zero && input_val <= one` failed.
/tmp/coulombc/pytorch_build_2021-11-10_08-09-16/avx2/python3.9/pytorch/aten/src/ATen/native/cuda/Loss.cu:104: operator(): block: [41,0,0], thread: [26,0,0] Assertion `input_val >= zero && input_val <= one` failed.
/tmp/coulombc/pytorch_build_2021-11-10_08-09-16/avx2/python3.9/pytorch/aten/src/ATen/native/cuda/Loss.cu:104: operator(): block: [41,0,0], thread: [27,0,0] Assertion `input_val >= zero && input_val <= one` failed.
/tmp/coulombc/pytorch_build_2021-11-10_08-09-16/avx2/python3.9/pytorch/aten/src/ATen/native/cuda/Loss.cu:104: operator(): block: [41,0,0], thread: [28,0,0] Assertion `input_val >= zero && input_val <= one` failed.
/tmp/coulombc/pytorch_build_2021-11-10_08-09-16/avx2/python3.9/pytorch/aten/src/ATen/native/cuda/Loss.cu:104: operator(): block: [41,0,0], thread: [29,0,0] Assertion `input_val >= zero && input_val <= one` failed.
/tmp/coulombc/pytorch_build_2021-11-10_08-09-16/avx2/python3.9/pytorch/aten/src/ATen/native/cuda/Loss.cu:104: operator(): block: [41,0,0], thread: [30,0,0] Assertion `input_val >= zero && input_val <= one` failed.
/tmp/coulombc/pytorch_build_2021-11-10_08-09-16/avx2/python3.9/pytorch/aten/src/ATen/native/cuda/Loss.cu:104: operator(): block: [41,0,0], thread: [31,0,0] Assertion `input_val >= zero && input_val <= one` failed.
/tmp/coulombc/pytorch_build_2021-11-10_08-09-16/avx2/python3.9/pytorch/aten/src/ATen/native/cuda/Loss.cu:104: operator(): block: [31,0,0], thread: [32,0,0] Assertion `input_val >= zero && input_val <= one` failed.
/tmp/coulombc/pytorch_build_2021-11-10_08-09-16/avx2/python3.9/pytorch/aten/src/ATen/native/cuda/Loss.cu:104: operator(): block: [31,0,0], thread: [33,0,0] Assertion `input_val >= zero && input_val <= one` failed.
/tmp/coulombc/pytorch_build_2021-11-10_08-09-16/avx2/python3.9/pytorch/aten/src/ATen/native/cuda/Loss.cu:104: operator(): block: [31,0,0], thread: [34,0,0] Assertion `input_val >= zero && input_val <= one` failed.
/tmp/coulombc/pytorch_build_2021-11-10_08-09-16/avx2/python3.9/pytorch/aten/src/ATen/native/cuda/Loss.cu:104: operator(): block: [31,0,0], thread: [35,0,0] Assertion `input_val >= zero && input_val <= one` failed.
/tmp/coulombc/pytorch_build_2021-11-10_08-09-16/avx2/python3.9/pytorch/aten/src/ATen/native/cuda/Loss.cu:104: operator(): block: [31,0,0], thread: [36,0,0] Assertion `input_val >= zero && input_val <= one` failed.
/tmp/coulombc/pytorch_build_2021-11-10_08-09-16/avx2/python3.9/pytorch/aten/src/ATen/native/cuda/Loss.cu:104: operator(): block: [31,0,0], thread: [37,0,0] Assertion `input_val >= zero && input_val <= one` failed.
/tmp/coulombc/pytorch_build_2021-11-10_08-09-16/avx2/python3.9/pytorch/aten/src/ATen/native/cuda/Loss.cu:104: operator(): block: [31,0,0], thread: [38,0,0] Assertion `input_val >= zero && input_val <= one` failed.
/tmp/coulombc/pytorch_build_2021-11-10_08-09-16/avx2/python3.9/pytorch/aten/src/ATen/native/cuda/Loss.cu:104: operator(): block: [31,0,0], thread: [39,0,0] Assertion `input_val >= zero && input_val <= one` failed.
/tmp/coulombc/pytorch_build_2021-11-10_08-09-16/avx2/python3.9/pytorch/aten/src/ATen/native/cuda/Loss.cu:104: operator(): block: [31,0,0], thread: [40,0,0] Assertion `input_val >= zero && input_val <= one` failed.
/tmp/coulombc/pytorch_build_2021-11-10_08-09-16/avx2/python3.9/pytorch/aten/src/ATen/native/cuda/Loss.cu:104: operator(): block: [31,0,0], thread: [41,0,0] Assertion `input_val >= zero && input_val <= one` failed.
/tmp/coulombc/pytorch_build_2021-11-10_08-09-16/avx2/python3.9/pytorch/aten/src/ATen/native/cuda/Loss.cu:104: operator(): block: [31,0,0], thread: [42,0,0] Assertion `input_val >= zero && input_val <= one` failed.
/tmp/coulombc/pytorch_build_2021-11-10_08-09-16/avx2/python3.9/pytorch/aten/src/ATen/native/cuda/Loss.cu:104: operator(): block: [31,0,0], thread: [43,0,0] Assertion `input_val >= zero && input_val <= one` failed.
/tmp/coulombc/pytorch_build_2021-11-10_08-09-16/avx2/python3.9/pytorch/aten/src/ATen/native/cuda/Loss.cu:104: operator(): block: [31,0,0], thread: [44,0,0] Assertion `input_val >= zero && input_val <= one` failed.
/tmp/coulombc/pytorch_build_2021-11-10_08-09-16/avx2/python3.9/pytorch/aten/src/ATen/native/cuda/Loss.cu:104: operator(): block: [31,0,0], thread: [45,0,0] Assertion `input_val >= zero && input_val <= one` failed.
/tmp/coulombc/pytorch_build_2021-11-10_08-09-16/avx2/python3.9/pytorch/aten/src/ATen/native/cuda/Loss.cu:104: operator(): block: [31,0,0], thread: [46,0,0] Assertion `input_val >= zero && input_val <= one` failed.
/tmp/coulombc/pytorch_build_2021-11-10_08-09-16/avx2/python3.9/pytorch/aten/src/ATen/native/cuda/Loss.cu:104: operator(): block: [31,0,0], thread: [47,0,0] Assertion `input_val >= zero && input_val <= one` failed.
/tmp/coulombc/pytorch_build_2021-11-10_08-09-16/avx2/python3.9/pytorch/aten/src/ATen/native/cuda/Loss.cu:104: operator(): block: [31,0,0], thread: [48,0,0] Assertion `input_val >= zero && input_val <= one` failed.
/tmp/coulombc/pytorch_build_2021-11-10_08-09-16/avx2/python3.9/pytorch/aten/src/ATen/native/cuda/Loss.cu:104: operator(): block: [31,0,0], thread: [49,0,0] Assertion `input_val >= zero && input_val <= one` failed.
/tmp/coulombc/pytorch_build_2021-11-10_08-09-16/avx2/python3.9/pytorch/aten/src/ATen/native/cuda/Loss.cu:104: operator(): block: [31,0,0], thread: [50,0,0] Assertion `input_val >= zero && input_val <= one` failed.
/tmp/coulombc/pytorch_build_2021-11-10_08-09-16/avx2/python3.9/pytorch/aten/src/ATen/native/cuda/Loss.cu:104: operator(): block: [31,0,0], thread: [51,0,0] Assertion `input_val >= zero && input_val <= one` failed.
/tmp/coulombc/pytorch_build_2021-11-10_08-09-16/avx2/python3.9/pytorch/aten/src/ATen/native/cuda/Loss.cu:104: operator(): block: [31,0,0], thread: [52,0,0] Assertion `input_val >= zero && input_val <= one` failed.
/tmp/coulombc/pytorch_build_2021-11-10_08-09-16/avx2/python3.9/pytorch/aten/src/ATen/native/cuda/Loss.cu:104: operator(): block: [31,0,0], thread: [53,0,0] Assertion `input_val >= zero && input_val <= one` failed.
/tmp/coulombc/pytorch_build_2021-11-10_08-09-16/avx2/python3.9/pytorch/aten/src/ATen/native/cuda/Loss.cu:104: operator(): block: [31,0,0], thread: [54,0,0] Assertion `input_val >= zero && input_val <= one` failed.
/tmp/coulombc/pytorch_build_2021-11-10_08-09-16/avx2/python3.9/pytorch/aten/src/ATen/native/cuda/Loss.cu:104: operator(): block: [31,0,0], thread: [55,0,0] Assertion `input_val >= zero && input_val <= one` failed.
/tmp/coulombc/pytorch_build_2021-11-10_08-09-16/avx2/python3.9/pytorch/aten/src/ATen/native/cuda/Loss.cu:104: operator(): block: [31,0,0], thread: [56,0,0] Assertion `input_val >= zero && input_val <= one` failed.
/tmp/coulombc/pytorch_build_2021-11-10_08-09-16/avx2/python3.9/pytorch/aten/src/ATen/native/cuda/Loss.cu:104: operator(): block: [31,0,0], thread: [57,0,0] Assertion `input_val >= zero && input_val <= one` failed.
/tmp/coulombc/pytorch_build_2021-11-10_08-09-16/avx2/python3.9/pytorch/aten/src/ATen/native/cuda/Loss.cu:104: operator(): block: [31,0,0], thread: [58,0,0] Assertion `input_val >= zero && input_val <= one` failed.
/tmp/coulombc/pytorch_build_2021-11-10_08-09-16/avx2/python3.9/pytorch/aten/src/ATen/native/cuda/Loss.cu:104: operator(): block: [31,0,0], thread: [59,0,0] Assertion `input_val >= zero && input_val <= one` failed.
/tmp/coulombc/pytorch_build_2021-11-10_08-09-16/avx2/python3.9/pytorch/aten/src/ATen/native/cuda/Loss.cu:104: operator(): block: [31,0,0], thread: [60,0,0] Assertion `input_val >= zero && input_val <= one` failed.
/tmp/coulombc/pytorch_build_2021-11-10_08-09-16/avx2/python3.9/pytorch/aten/src/ATen/native/cuda/Loss.cu:104: operator(): block: [31,0,0], thread: [61,0,0] Assertion `input_val >= zero && input_val <= one` failed.
/tmp/coulombc/pytorch_build_2021-11-10_08-09-16/avx2/python3.9/pytorch/aten/src/ATen/native/cuda/Loss.cu:104: operator(): block: [31,0,0], thread: [62,0,0] Assertion `input_val >= zero && input_val <= one` failed.
/tmp/coulombc/pytorch_build_2021-11-10_08-09-16/avx2/python3.9/pytorch/aten/src/ATen/native/cuda/Loss.cu:104: operator(): block: [31,0,0], thread: [63,0,0] Assertion `input_val >= zero && input_val <= one` failed.
/tmp/coulombc/pytorch_build_2021-11-10_08-09-16/avx2/python3.9/pytorch/aten/src/ATen/native/cuda/Loss.cu:104: operator(): block: [41,0,0], thread: [32,0,0] Assertion `input_val >= zero && input_val <= one` failed.
/tmp/coulombc/pytorch_build_2021-11-10_08-09-16/avx2/python3.9/pytorch/aten/src/ATen/native/cuda/Loss.cu:104: operator(): block: [41,0,0], thread: [33,0,0] Assertion `input_val >= zero && input_val <= one` failed.
/tmp/coulombc/pytorch_build_2021-11-10_08-09-16/avx2/python3.9/pytorch/aten/src/ATen/native/cuda/Loss.cu:104: operator(): block: [41,0,0], thread: [34,0,0] Assertion `input_val >= zero && input_val <= one` failed.
/tmp/coulombc/pytorch_build_2021-11-10_08-09-16/avx2/python3.9/pytorch/aten/src/ATen/native/cuda/Loss.cu:104: operator(): block: [41,0,0], thread: [35,0,0] Assertion `input_val >= zero && input_val <= one` failed.
/tmp/coulombc/pytorch_build_2021-11-10_08-09-16/avx2/python3.9/pytorch/aten/src/ATen/native/cuda/Loss.cu:104: operator(): block: [41,0,0], thread: [36,0,0] Assertion `input_val >= zero && input_val <= one` failed.
/tmp/coulombc/pytorch_build_2021-11-10_08-09-16/avx2/python3.9/pytorch/aten/src/ATen/native/cuda/Loss.cu:104: operator(): block: [41,0,0], thread: [37,0,0] Assertion `input_val >= zero && input_val <= one` failed.
/tmp/coulombc/pytorch_build_2021-11-10_08-09-16/avx2/python3.9/pytorch/aten/src/ATen/native/cuda/Loss.cu:104: operator(): block: [41,0,0], thread: [38,0,0] Assertion `input_val >= zero && input_val <= one` failed.
/tmp/coulombc/pytorch_build_2021-11-10_08-09-16/avx2/python3.9/pytorch/aten/src/ATen/native/cuda/Loss.cu:104: operator(): block: [41,0,0], thread: [39,0,0] Assertion `input_val >= zero && input_val <= one` failed.
/tmp/coulombc/pytorch_build_2021-11-10_08-09-16/avx2/python3.9/pytorch/aten/src/ATen/native/cuda/Loss.cu:104: operator(): block: [41,0,0], thread: [40,0,0] Assertion `input_val >= zero && input_val <= one` failed.
/tmp/coulombc/pytorch_build_2021-11-10_08-09-16/avx2/python3.9/pytorch/aten/src/ATen/native/cuda/Loss.cu:104: operator(): block: [41,0,0], thread: [41,0,0] Assertion `input_val >= zero && input_val <= one` failed.
/tmp/coulombc/pytorch_build_2021-11-10_08-09-16/avx2/python3.9/pytorch/aten/src/ATen/native/cuda/Loss.cu:104: operator(): block: [41,0,0], thread: [42,0,0] Assertion `input_val >= zero && input_val <= one` failed.
/tmp/coulombc/pytorch_build_2021-11-10_08-09-16/avx2/python3.9/pytorch/aten/src/ATen/native/cuda/Loss.cu:104: operator(): block: [41,0,0], thread: [43,0,0] Assertion `input_val >= zero && input_val <= one` failed.
/tmp/coulombc/pytorch_build_2021-11-10_08-09-16/avx2/python3.9/pytorch/aten/src/ATen/native/cuda/Loss.cu:104: operator(): block: [41,0,0], thread: [44,0,0] Assertion `input_val >= zero && input_val <= one` failed.
/tmp/coulombc/pytorch_build_2021-11-10_08-09-16/avx2/python3.9/pytorch/aten/src/ATen/native/cuda/Loss.cu:104: operator(): block: [41,0,0], thread: [45,0,0] Assertion `input_val >= zero && input_val <= one` failed.
/tmp/coulombc/pytorch_build_2021-11-10_08-09-16/avx2/python3.9/pytorch/aten/src/ATen/native/cuda/Loss.cu:104: operator(): block: [41,0,0], thread: [46,0,0] Assertion `input_val >= zero && input_val <= one` failed.
/tmp/coulombc/pytorch_build_2021-11-10_08-09-16/avx2/python3.9/pytorch/aten/src/ATen/native/cuda/Loss.cu:104: operator(): block: [41,0,0], thread: [47,0,0] Assertion `input_val >= zero && input_val <= one` failed.
/tmp/coulombc/pytorch_build_2021-11-10_08-09-16/avx2/python3.9/pytorch/aten/src/ATen/native/cuda/Loss.cu:104: operator(): block: [41,0,0], thread: [48,0,0] Assertion `input_val >= zero && input_val <= one` failed.
/tmp/coulombc/pytorch_build_2021-11-10_08-09-16/avx2/python3.9/pytorch/aten/src/ATen/native/cuda/Loss.cu:104: operator(): block: [41,0,0], thread: [49,0,0] Assertion `input_val >= zero && input_val <= one` failed.
/tmp/coulombc/pytorch_build_2021-11-10_08-09-16/avx2/python3.9/pytorch/aten/src/ATen/native/cuda/Loss.cu:104: operator(): block: [41,0,0], thread: [50,0,0] Assertion `input_val >= zero && input_val <= one` failed.
/tmp/coulombc/pytorch_build_2021-11-10_08-09-16/avx2/python3.9/pytorch/aten/src/ATen/native/cuda/Loss.cu:104: operator(): block: [41,0,0], thread: [51,0,0] Assertion `input_val >= zero && input_val <= one` failed.
/tmp/coulombc/pytorch_build_2021-11-10_08-09-16/avx2/python3.9/pytorch/aten/src/ATen/native/cuda/Loss.cu:104: operator(): block: [41,0,0], thread: [52,0,0] Assertion `input_val >= zero && input_val <= one` failed.
/tmp/coulombc/pytorch_build_2021-11-10_08-09-16/avx2/python3.9/pytorch/aten/src/ATen/native/cuda/Loss.cu:104: operator(): block: [41,0,0], thread: [53,0,0] Assertion `input_val >= zero && input_val <= one` failed.
/tmp/coulombc/pytorch_build_2021-11-10_08-09-16/avx2/python3.9/pytorch/aten/src/ATen/native/cuda/Loss.cu:104: operator(): block: [41,0,0], thread: [54,0,0] Assertion `input_val >= zero && input_val <= one` failed.
/tmp/coulombc/pytorch_build_2021-11-10_08-09-16/avx2/python3.9/pytorch/aten/src/ATen/native/cuda/Loss.cu:104: operator(): block: [41,0,0], thread: [55,0,0] Assertion `input_val >= zero && input_val <= one` failed.
/tmp/coulombc/pytorch_build_2021-11-10_08-09-16/avx2/python3.9/pytorch/aten/src/ATen/native/cuda/Loss.cu:104: operator(): block: [41,0,0], thread: [56,0,0] Assertion `input_val >= zero && input_val <= one` failed.
/tmp/coulombc/pytorch_build_2021-11-10_08-09-16/avx2/python3.9/pytorch/aten/src/ATen/native/cuda/Loss.cu:104: operator(): block: [41,0,0], thread: [57,0,0] Assertion `input_val >= zero && input_val <= one` failed.
/tmp/coulombc/pytorch_build_2021-11-10_08-09-16/avx2/python3.9/pytorch/aten/src/ATen/native/cuda/Loss.cu:104: operator(): block: [41,0,0], thread: [58,0,0] Assertion `input_val >= zero && input_val <= one` failed.
/tmp/coulombc/pytorch_build_2021-11-10_08-09-16/avx2/python3.9/pytorch/aten/src/ATen/native/cuda/Loss.cu:104: operator(): block: [41,0,0], thread: [59,0,0] Assertion `input_val >= zero && input_val <= one` failed.
/tmp/coulombc/pytorch_build_2021-11-10_08-09-16/avx2/python3.9/pytorch/aten/src/ATen/native/cuda/Loss.cu:104: operator(): block: [41,0,0], thread: [60,0,0] Assertion `input_val >= zero && input_val <= one` failed.
/tmp/coulombc/pytorch_build_2021-11-10_08-09-16/avx2/python3.9/pytorch/aten/src/ATen/native/cuda/Loss.cu:104: operator(): block: [41,0,0], thread: [61,0,0] Assertion `input_val >= zero && input_val <= one` failed.
/tmp/coulombc/pytorch_build_2021-11-10_08-09-16/avx2/python3.9/pytorch/aten/src/ATen/native/cuda/Loss.cu:104: operator(): block: [41,0,0], thread: [62,0,0] Assertion `input_val >= zero && input_val <= one` failed.
/tmp/coulombc/pytorch_build_2021-11-10_08-09-16/avx2/python3.9/pytorch/aten/src/ATen/native/cuda/Loss.cu:104: operator(): block: [41,0,0], thread: [63,0,0] Assertion `input_val >= zero && input_val <= one` failed.
/tmp/coulombc/pytorch_build_2021-11-10_08-09-16/avx2/python3.9/pytorch/aten/src/ATen/native/cuda/Loss.cu:104: operator(): block: [28,0,0], thread: [32,0,0] Assertion `input_val >= zero && input_val <= one` failed.
/tmp/coulombc/pytorch_build_2021-11-10_08-09-16/avx2/python3.9/pytorch/aten/src/ATen/native/cuda/Loss.cu:104: operator(): block: [28,0,0], thread: [33,0,0] Assertion `input_val >= zero && input_val <= one` failed.
/tmp/coulombc/pytorch_build_2021-11-10_08-09-16/avx2/python3.9/pytorch/aten/src/ATen/native/cuda/Loss.cu:104: operator(): block: [28,0,0], thread: [34,0,0] Assertion `input_val >= zero && input_val <= one` failed.
/tmp/coulombc/pytorch_build_2021-11-10_08-09-16/avx2/python3.9/pytorch/aten/src/ATen/native/cuda/Loss.cu:104: operator(): block: [28,0,0], thread: [35,0,0] Assertion `input_val >= zero && input_val <= one` failed.
/tmp/coulombc/pytorch_build_2021-11-10_08-09-16/avx2/python3.9/pytorch/aten/src/ATen/native/cuda/Loss.cu:104: operator(): block: [28,0,0], thread: [36,0,0] Assertion `input_val >= zero && input_val <= one` failed.
/tmp/coulombc/pytorch_build_2021-11-10_08-09-16/avx2/python3.9/pytorch/aten/src/ATen/native/cuda/Loss.cu:104: operator(): block: [28,0,0], thread: [37,0,0] Assertion `input_val >= zero && input_val <= one` failed.
/tmp/coulombc/pytorch_build_2021-11-10_08-09-16/avx2/python3.9/pytorch/aten/src/ATen/native/cuda/Loss.cu:104: operator(): block: [28,0,0], thread: [38,0,0] Assertion `input_val >= zero && input_val <= one` failed.
/tmp/coulombc/pytorch_build_2021-11-10_08-09-16/avx2/python3.9/pytorch/aten/src/ATen/native/cuda/Loss.cu:104: operator(): block: [28,0,0], thread: [39,0,0] Assertion `input_val >= zero && input_val <= one` failed.
/tmp/coulombc/pytorch_build_2021-11-10_08-09-16/avx2/python3.9/pytorch/aten/src/ATen/native/cuda/Loss.cu:104: operator(): block: [28,0,0], thread: [40,0,0] Assertion `input_val >= zero && input_val <= one` failed.
/tmp/coulombc/pytorch_build_2021-11-10_08-09-16/avx2/python3.9/pytorch/aten/src/ATen/native/cuda/Loss.cu:104: operator(): block: [28,0,0], thread: [41,0,0] Assertion `input_val >= zero && input_val <= one` failed.
/tmp/coulombc/pytorch_build_2021-11-10_08-09-16/avx2/python3.9/pytorch/aten/src/ATen/native/cuda/Loss.cu:104: operator(): block: [28,0,0], thread: [42,0,0] Assertion `input_val >= zero && input_val <= one` failed.
/tmp/coulombc/pytorch_build_2021-11-10_08-09-16/avx2/python3.9/pytorch/aten/src/ATen/native/cuda/Loss.cu:104: operator(): block: [28,0,0], thread: [43,0,0] Assertion `input_val >= zero && input_val <= one` failed.
/tmp/coulombc/pytorch_build_2021-11-10_08-09-16/avx2/python3.9/pytorch/aten/src/ATen/native/cuda/Loss.cu:104: operator(): block: [28,0,0], thread: [44,0,0] Assertion `input_val >= zero && input_val <= one` failed.
/tmp/coulombc/pytorch_build_2021-11-10_08-09-16/avx2/python3.9/pytorch/aten/src/ATen/native/cuda/Loss.cu:104: operator(): block: [28,0,0], thread: [45,0,0] Assertion `input_val >= zero && input_val <= one` failed.
/tmp/coulombc/pytorch_build_2021-11-10_08-09-16/avx2/python3.9/pytorch/aten/src/ATen/native/cuda/Loss.cu:104: operator(): block: [28,0,0], thread: [46,0,0] Assertion `input_val >= zero && input_val <= one` failed.
/tmp/coulombc/pytorch_build_2021-11-10_08-09-16/avx2/python3.9/pytorch/aten/src/ATen/native/cuda/Loss.cu:104: operator(): block: [28,0,0], thread: [47,0,0] Assertion `input_val >= zero && input_val <= one` failed.
/tmp/coulombc/pytorch_build_2021-11-10_08-09-16/avx2/python3.9/pytorch/aten/src/ATen/native/cuda/Loss.cu:104: operator(): block: [28,0,0], thread: [48,0,0] Assertion `input_val >= zero && input_val <= one` failed.
/tmp/coulombc/pytorch_build_2021-11-10_08-09-16/avx2/python3.9/pytorch/aten/src/ATen/native/cuda/Loss.cu:104: operator(): block: [28,0,0], thread: [49,0,0] Assertion `input_val >= zero && input_val <= one` failed.
/tmp/coulombc/pytorch_build_2021-11-10_08-09-16/avx2/python3.9/pytorch/aten/src/ATen/native/cuda/Loss.cu:104: operator(): block: [28,0,0], thread: [50,0,0] Assertion `input_val >= zero && input_val <= one` failed.
/tmp/coulombc/pytorch_build_2021-11-10_08-09-16/avx2/python3.9/pytorch/aten/src/ATen/native/cuda/Loss.cu:104: operator(): block: [28,0,0], thread: [51,0,0] Assertion `input_val >= zero && input_val <= one` failed.
/tmp/coulombc/pytorch_build_2021-11-10_08-09-16/avx2/python3.9/pytorch/aten/src/ATen/native/cuda/Loss.cu:104: operator(): block: [28,0,0], thread: [52,0,0] Assertion `input_val >= zero && input_val <= one` failed.
/tmp/coulombc/pytorch_build_2021-11-10_08-09-16/avx2/python3.9/pytorch/aten/src/ATen/native/cuda/Loss.cu:104: operator(): block: [28,0,0], thread: [53,0,0] Assertion `input_val >= zero && input_val <= one` failed.
/tmp/coulombc/pytorch_build_2021-11-10_08-09-16/avx2/python3.9/pytorch/aten/src/ATen/native/cuda/Loss.cu:104: operator(): block: [28,0,0], thread: [54,0,0] Assertion `input_val >= zero && input_val <= one` failed.
/tmp/coulombc/pytorch_build_2021-11-10_08-09-16/avx2/python3.9/pytorch/aten/src/ATen/native/cuda/Loss.cu:104: operator(): block: [28,0,0], thread: [55,0,0] Assertion `input_val >= zero && input_val <= one` failed.
/tmp/coulombc/pytorch_build_2021-11-10_08-09-16/avx2/python3.9/pytorch/aten/src/ATen/native/cuda/Loss.cu:104: operator(): block: [28,0,0], thread: [56,0,0] Assertion `input_val >= zero && input_val <= one` failed.
/tmp/coulombc/pytorch_build_2021-11-10_08-09-16/avx2/python3.9/pytorch/aten/src/ATen/native/cuda/Loss.cu:104: operator(): block: [28,0,0], thread: [57,0,0] Assertion `input_val >= zero && input_val <= one` failed.
/tmp/coulombc/pytorch_build_2021-11-10_08-09-16/avx2/python3.9/pytorch/aten/src/ATen/native/cuda/Loss.cu:104: operator(): block: [28,0,0], thread: [58,0,0] Assertion `input_val >= zero && input_val <= one` failed.
/tmp/coulombc/pytorch_build_2021-11-10_08-09-16/avx2/python3.9/pytorch/aten/src/ATen/native/cuda/Loss.cu:104: operator(): block: [28,0,0], thread: [59,0,0] Assertion `input_val >= zero && input_val <= one` failed.
/tmp/coulombc/pytorch_build_2021-11-10_08-09-16/avx2/python3.9/pytorch/aten/src/ATen/native/cuda/Loss.cu:104: operator(): block: [28,0,0], thread: [60,0,0] Assertion `input_val >= zero && input_val <= one` failed.
/tmp/coulombc/pytorch_build_2021-11-10_08-09-16/avx2/python3.9/pytorch/aten/src/ATen/native/cuda/Loss.cu:104: operator(): block: [28,0,0], thread: [61,0,0] Assertion `input_val >= zero && input_val <= one` failed.
/tmp/coulombc/pytorch_build_2021-11-10_08-09-16/avx2/python3.9/pytorch/aten/src/ATen/native/cuda/Loss.cu:104: operator(): block: [28,0,0], thread: [62,0,0] Assertion `input_val >= zero && input_val <= one` failed.
/tmp/coulombc/pytorch_build_2021-11-10_08-09-16/avx2/python3.9/pytorch/aten/src/ATen/native/cuda/Loss.cu:104: operator(): block: [28,0,0], thread: [63,0,0] Assertion `input_val >= zero && input_val <= one` failed.
/tmp/coulombc/pytorch_build_2021-11-10_08-09-16/avx2/python3.9/pytorch/aten/src/ATen/native/cuda/Loss.cu:104: operator(): block: [43,0,0], thread: [0,0,0] Assertion `input_val >= zero && input_val <= one` failed.
/tmp/coulombc/pytorch_build_2021-11-10_08-09-16/avx2/python3.9/pytorch/aten/src/ATen/native/cuda/Loss.cu:104: operator(): block: [43,0,0], thread: [1,0,0] Assertion `input_val >= zero && input_val <= one` failed.
/tmp/coulombc/pytorch_build_2021-11-10_08-09-16/avx2/python3.9/pytorch/aten/src/ATen/native/cuda/Loss.cu:104: operator(): block: [43,0,0], thread: [2,0,0] Assertion `input_val >= zero && input_val <= one` failed.
/tmp/coulombc/pytorch_build_2021-11-10_08-09-16/avx2/python3.9/pytorch/aten/src/ATen/native/cuda/Loss.cu:104: operator(): block: [43,0,0], thread: [3,0,0] Assertion `input_val >= zero && input_val <= one` failed.
/tmp/coulombc/pytorch_build_2021-11-10_08-09-16/avx2/python3.9/pytorch/aten/src/ATen/native/cuda/Loss.cu:104: operator(): block: [43,0,0], thread: [4,0,0] Assertion `input_val >= zero && input_val <= one` failed.
/tmp/coulombc/pytorch_build_2021-11-10_08-09-16/avx2/python3.9/pytorch/aten/src/ATen/native/cuda/Loss.cu:104: operator(): block: [43,0,0], thread: [5,0,0] Assertion `input_val >= zero && input_val <= one` failed.
/tmp/coulombc/pytorch_build_2021-11-10_08-09-16/avx2/python3.9/pytorch/aten/src/ATen/native/cuda/Loss.cu:104: operator(): block: [43,0,0], thread: [6,0,0] Assertion `input_val >= zero && input_val <= one` failed.
/tmp/coulombc/pytorch_build_2021-11-10_08-09-16/avx2/python3.9/pytorch/aten/src/ATen/native/cuda/Loss.cu:104: operator(): block: [43,0,0], thread: [7,0,0] Assertion `input_val >= zero && input_val <= one` failed.
/tmp/coulombc/pytorch_build_2021-11-10_08-09-16/avx2/python3.9/pytorch/aten/src/ATen/native/cuda/Loss.cu:104: operator(): block: [43,0,0], thread: [8,0,0] Assertion `input_val >= zero && input_val <= one` failed.
/tmp/coulombc/pytorch_build_2021-11-10_08-09-16/avx2/python3.9/pytorch/aten/src/ATen/native/cuda/Loss.cu:104: operator(): block: [43,0,0], thread: [9,0,0] Assertion `input_val >= zero && input_val <= one` failed.
/tmp/coulombc/pytorch_build_2021-11-10_08-09-16/avx2/python3.9/pytorch/aten/src/ATen/native/cuda/Loss.cu:104: operator(): block: [43,0,0], thread: [10,0,0] Assertion `input_val >= zero && input_val <= one` failed.
/tmp/coulombc/pytorch_build_2021-11-10_08-09-16/avx2/python3.9/pytorch/aten/src/ATen/native/cuda/Loss.cu:104: operator(): block: [43,0,0], thread: [11,0,0] Assertion `input_val >= zero && input_val <= one` failed.
/tmp/coulombc/pytorch_build_2021-11-10_08-09-16/avx2/python3.9/pytorch/aten/src/ATen/native/cuda/Loss.cu:104: operator(): block: [43,0,0], thread: [12,0,0] Assertion `input_val >= zero && input_val <= one` failed.
/tmp/coulombc/pytorch_build_2021-11-10_08-09-16/avx2/python3.9/pytorch/aten/src/ATen/native/cuda/Loss.cu:104: operator(): block: [43,0,0], thread: [13,0,0] Assertion `input_val >= zero && input_val <= one` failed.
/tmp/coulombc/pytorch_build_2021-11-10_08-09-16/avx2/python3.9/pytorch/aten/src/ATen/native/cuda/Loss.cu:104: operator(): block: [43,0,0], thread: [14,0,0] Assertion `input_val >= zero && input_val <= one` failed.
/tmp/coulombc/pytorch_build_2021-11-10_08-09-16/avx2/python3.9/pytorch/aten/src/ATen/native/cuda/Loss.cu:104: operator(): block: [43,0,0], thread: [15,0,0] Assertion `input_val >= zero && input_val <= one` failed.
/tmp/coulombc/pytorch_build_2021-11-10_08-09-16/avx2/python3.9/pytorch/aten/src/ATen/native/cuda/Loss.cu:104: operator(): block: [43,0,0], thread: [16,0,0] Assertion `input_val >= zero && input_val <= one` failed.
/tmp/coulombc/pytorch_build_2021-11-10_08-09-16/avx2/python3.9/pytorch/aten/src/ATen/native/cuda/Loss.cu:104: operator(): block: [43,0,0], thread: [17,0,0] Assertion `input_val >= zero && input_val <= one` failed.
/tmp/coulombc/pytorch_build_2021-11-10_08-09-16/avx2/python3.9/pytorch/aten/src/ATen/native/cuda/Loss.cu:104: operator(): block: [43,0,0], thread: [18,0,0] Assertion `input_val >= zero && input_val <= one` failed.
/tmp/coulombc/pytorch_build_2021-11-10_08-09-16/avx2/python3.9/pytorch/aten/src/ATen/native/cuda/Loss.cu:104: operator(): block: [43,0,0], thread: [19,0,0] Assertion `input_val >= zero && input_val <= one` failed.
/tmp/coulombc/pytorch_build_2021-11-10_08-09-16/avx2/python3.9/pytorch/aten/src/ATen/native/cuda/Loss.cu:104: operator(): block: [43,0,0], thread: [20,0,0] Assertion `input_val >= zero && input_val <= one` failed.
/tmp/coulombc/pytorch_build_2021-11-10_08-09-16/avx2/python3.9/pytorch/aten/src/ATen/native/cuda/Loss.cu:104: operator(): block: [43,0,0], thread: [21,0,0] Assertion `input_val >= zero && input_val <= one` failed.
/tmp/coulombc/pytorch_build_2021-11-10_08-09-16/avx2/python3.9/pytorch/aten/src/ATen/native/cuda/Loss.cu:104: operator(): block: [43,0,0], thread: [22,0,0] Assertion `input_val >= zero && input_val <= one` failed.
/tmp/coulombc/pytorch_build_2021-11-10_08-09-16/avx2/python3.9/pytorch/aten/src/ATen/native/cuda/Loss.cu:104: operator(): block: [43,0,0], thread: [23,0,0] Assertion `input_val >= zero && input_val <= one` failed.
/tmp/coulombc/pytorch_build_2021-11-10_08-09-16/avx2/python3.9/pytorch/aten/src/ATen/native/cuda/Loss.cu:104: operator(): block: [43,0,0], thread: [24,0,0] Assertion `input_val >= zero && input_val <= one` failed.
/tmp/coulombc/pytorch_build_2021-11-10_08-09-16/avx2/python3.9/pytorch/aten/src/ATen/native/cuda/Loss.cu:104: operator(): block: [43,0,0], thread: [25,0,0] Assertion `input_val >= zero && input_val <= one` failed.
/tmp/coulombc/pytorch_build_2021-11-10_08-09-16/avx2/python3.9/pytorch/aten/src/ATen/native/cuda/Loss.cu:104: operator(): block: [43,0,0], thread: [26,0,0] Assertion `input_val >= zero && input_val <= one` failed.
/tmp/coulombc/pytorch_build_2021-11-10_08-09-16/avx2/python3.9/pytorch/aten/src/ATen/native/cuda/Loss.cu:104: operator(): block: [43,0,0], thread: [27,0,0] Assertion `input_val >= zero && input_val <= one` failed.
/tmp/coulombc/pytorch_build_2021-11-10_08-09-16/avx2/python3.9/pytorch/aten/src/ATen/native/cuda/Loss.cu:104: operator(): block: [43,0,0], thread: [28,0,0] Assertion `input_val >= zero && input_val <= one` failed.
/tmp/coulombc/pytorch_build_2021-11-10_08-09-16/avx2/python3.9/pytorch/aten/src/ATen/native/cuda/Loss.cu:104: operator(): block: [43,0,0], thread: [29,0,0] Assertion `input_val >= zero && input_val <= one` failed.
/tmp/coulombc/pytorch_build_2021-11-10_08-09-16/avx2/python3.9/pytorch/aten/src/ATen/native/cuda/Loss.cu:104: operator(): block: [43,0,0], thread: [30,0,0] Assertion `input_val >= zero && input_val <= one` failed.
/tmp/coulombc/pytorch_build_2021-11-10_08-09-16/avx2/python3.9/pytorch/aten/src/ATen/native/cuda/Loss.cu:104: operator(): block: [43,0,0], thread: [31,0,0] Assertion `input_val >= zero && input_val <= one` failed.
/tmp/coulombc/pytorch_build_2021-11-10_08-09-16/avx2/python3.9/pytorch/aten/src/ATen/native/cuda/Loss.cu:104: operator(): block: [33,0,0], thread: [0,0,0] Assertion `input_val >= zero && input_val <= one` failed.
/tmp/coulombc/pytorch_build_2021-11-10_08-09-16/avx2/python3.9/pytorch/aten/src/ATen/native/cuda/Loss.cu:104: operator(): block: [33,0,0], thread: [1,0,0] Assertion `input_val >= zero && input_val <= one` failed.
/tmp/coulombc/pytorch_build_2021-11-10_08-09-16/avx2/python3.9/pytorch/aten/src/ATen/native/cuda/Loss.cu:104: operator(): block: [33,0,0], thread: [2,0,0] Assertion `input_val >= zero && input_val <= one` failed.
/tmp/coulombc/pytorch_build_2021-11-10_08-09-16/avx2/python3.9/pytorch/aten/src/ATen/native/cuda/Loss.cu:104: operator(): block: [33,0,0], thread: [3,0,0] Assertion `input_val >= zero && input_val <= one` failed.
/tmp/coulombc/pytorch_build_2021-11-10_08-09-16/avx2/python3.9/pytorch/aten/src/ATen/native/cuda/Loss.cu:104: operator(): block: [33,0,0], thread: [4,0,0] Assertion `input_val >= zero && input_val <= one` failed.
/tmp/coulombc/pytorch_build_2021-11-10_08-09-16/avx2/python3.9/pytorch/aten/src/ATen/native/cuda/Loss.cu:104: operator(): block: [33,0,0], thread: [5,0,0] Assertion `input_val >= zero && input_val <= one` failed.
/tmp/coulombc/pytorch_build_2021-11-10_08-09-16/avx2/python3.9/pytorch/aten/src/ATen/native/cuda/Loss.cu:104: operator(): block: [33,0,0], thread: [6,0,0] Assertion `input_val >= zero && input_val <= one` failed.
/tmp/coulombc/pytorch_build_2021-11-10_08-09-16/avx2/python3.9/pytorch/aten/src/ATen/native/cuda/Loss.cu:104: operator(): block: [33,0,0], thread: [7,0,0] Assertion `input_val >= zero && input_val <= one` failed.
/tmp/coulombc/pytorch_build_2021-11-10_08-09-16/avx2/python3.9/pytorch/aten/src/ATen/native/cuda/Loss.cu:104: operator(): block: [33,0,0], thread: [8,0,0] Assertion `input_val >= zero && input_val <= one` failed.
/tmp/coulombc/pytorch_build_2021-11-10_08-09-16/avx2/python3.9/pytorch/aten/src/ATen/native/cuda/Loss.cu:104: operator(): block: [33,0,0], thread: [9,0,0] Assertion `input_val >= zero && input_val <= one` failed.
/tmp/coulombc/pytorch_build_2021-11-10_08-09-16/avx2/python3.9/pytorch/aten/src/ATen/native/cuda/Loss.cu:104: operator(): block: [33,0,0], thread: [10,0,0] Assertion `input_val >= zero && input_val <= one` failed.
/tmp/coulombc/pytorch_build_2021-11-10_08-09-16/avx2/python3.9/pytorch/aten/src/ATen/native/cuda/Loss.cu:104: operator(): block: [33,0,0], thread: [11,0,0] Assertion `input_val >= zero && input_val <= one` failed.
/tmp/coulombc/pytorch_build_2021-11-10_08-09-16/avx2/python3.9/pytorch/aten/src/ATen/native/cuda/Loss.cu:104: operator(): block: [33,0,0], thread: [12,0,0] Assertion `input_val >= zero && input_val <= one` failed.
/tmp/coulombc/pytorch_build_2021-11-10_08-09-16/avx2/python3.9/pytorch/aten/src/ATen/native/cuda/Loss.cu:104: operator(): block: [33,0,0], thread: [13,0,0] Assertion `input_val >= zero && input_val <= one` failed.
/tmp/coulombc/pytorch_build_2021-11-10_08-09-16/avx2/python3.9/pytorch/aten/src/ATen/native/cuda/Loss.cu:104: operator(): block: [33,0,0], thread: [14,0,0] Assertion `input_val >= zero && input_val <= one` failed.
/tmp/coulombc/pytorch_build_2021-11-10_08-09-16/avx2/python3.9/pytorch/aten/src/ATen/native/cuda/Loss.cu:104: operator(): block: [33,0,0], thread: [15,0,0] Assertion `input_val >= zero && input_val <= one` failed.
/tmp/coulombc/pytorch_build_2021-11-10_08-09-16/avx2/python3.9/pytorch/aten/src/ATen/native/cuda/Loss.cu:104: operator(): block: [33,0,0], thread: [16,0,0] Assertion `input_val >= zero && input_val <= one` failed.
/tmp/coulombc/pytorch_build_2021-11-10_08-09-16/avx2/python3.9/pytorch/aten/src/ATen/native/cuda/Loss.cu:104: operator(): block: [33,0,0], thread: [17,0,0] Assertion `input_val >= zero && input_val <= one` failed.
/tmp/coulombc/pytorch_build_2021-11-10_08-09-16/avx2/python3.9/pytorch/aten/src/ATen/native/cuda/Loss.cu:104: operator(): block: [33,0,0], thread: [18,0,0] Assertion `input_val >= zero && input_val <= one` failed.
/tmp/coulombc/pytorch_build_2021-11-10_08-09-16/avx2/python3.9/pytorch/aten/src/ATen/native/cuda/Loss.cu:104: operator(): block: [33,0,0], thread: [19,0,0] Assertion `input_val >= zero && input_val <= one` failed.
/tmp/coulombc/pytorch_build_2021-11-10_08-09-16/avx2/python3.9/pytorch/aten/src/ATen/native/cuda/Loss.cu:104: operator(): block: [33,0,0], thread: [20,0,0] Assertion `input_val >= zero && input_val <= one` failed.
/tmp/coulombc/pytorch_build_2021-11-10_08-09-16/avx2/python3.9/pytorch/aten/src/ATen/native/cuda/Loss.cu:104: operator(): block: [33,0,0], thread: [21,0,0] Assertion `input_val >= zero && input_val <= one` failed.
/tmp/coulombc/pytorch_build_2021-11-10_08-09-16/avx2/python3.9/pytorch/aten/src/ATen/native/cuda/Loss.cu:104: operator(): block: [33,0,0], thread: [22,0,0] Assertion `input_val >= zero && input_val <= one` failed.
/tmp/coulombc/pytorch_build_2021-11-10_08-09-16/avx2/python3.9/pytorch/aten/src/ATen/native/cuda/Loss.cu:104: operator(): block: [33,0,0], thread: [23,0,0] Assertion `input_val >= zero && input_val <= one` failed.
/tmp/coulombc/pytorch_build_2021-11-10_08-09-16/avx2/python3.9/pytorch/aten/src/ATen/native/cuda/Loss.cu:104: operator(): block: [33,0,0], thread: [24,0,0] Assertion `input_val >= zero && input_val <= one` failed.
/tmp/coulombc/pytorch_build_2021-11-10_08-09-16/avx2/python3.9/pytorch/aten/src/ATen/native/cuda/Loss.cu:104: operator(): block: [33,0,0], thread: [25,0,0] Assertion `input_val >= zero && input_val <= one` failed.
/tmp/coulombc/pytorch_build_2021-11-10_08-09-16/avx2/python3.9/pytorch/aten/src/ATen/native/cuda/Loss.cu:104: operator(): block: [33,0,0], thread: [26,0,0] Assertion `input_val >= zero && input_val <= one` failed.
/tmp/coulombc/pytorch_build_2021-11-10_08-09-16/avx2/python3.9/pytorch/aten/src/ATen/native/cuda/Loss.cu:104: operator(): block: [33,0,0], thread: [27,0,0] Assertion `input_val >= zero && input_val <= one` failed.
/tmp/coulombc/pytorch_build_2021-11-10_08-09-16/avx2/python3.9/pytorch/aten/src/ATen/native/cuda/Loss.cu:104: operator(): block: [33,0,0], thread: [28,0,0] Assertion `input_val >= zero && input_val <= one` failed.
/tmp/coulombc/pytorch_build_2021-11-10_08-09-16/avx2/python3.9/pytorch/aten/src/ATen/native/cuda/Loss.cu:104: operator(): block: [33,0,0], thread: [29,0,0] Assertion `input_val >= zero && input_val <= one` failed.
/tmp/coulombc/pytorch_build_2021-11-10_08-09-16/avx2/python3.9/pytorch/aten/src/ATen/native/cuda/Loss.cu:104: operator(): block: [33,0,0], thread: [30,0,0] Assertion `input_val >= zero && input_val <= one` failed.
/tmp/coulombc/pytorch_build_2021-11-10_08-09-16/avx2/python3.9/pytorch/aten/src/ATen/native/cuda/Loss.cu:104: operator(): block: [33,0,0], thread: [31,0,0] Assertion `input_val >= zero && input_val <= one` failed.
/tmp/coulombc/pytorch_build_2021-11-10_08-09-16/avx2/python3.9/pytorch/aten/src/ATen/native/cuda/Loss.cu:104: operator(): block: [30,0,0], thread: [0,0,0] Assertion `input_val >= zero && input_val <= one` failed.
/tmp/coulombc/pytorch_build_2021-11-10_08-09-16/avx2/python3.9/pytorch/aten/src/ATen/native/cuda/Loss.cu:104: operator(): block: [30,0,0], thread: [1,0,0] Assertion `input_val >= zero && input_val <= one` failed.
/tmp/coulombc/pytorch_build_2021-11-10_08-09-16/avx2/python3.9/pytorch/aten/src/ATen/native/cuda/Loss.cu:104: operator(): block: [30,0,0], thread: [2,0,0] Assertion `input_val >= zero && input_val <= one` failed.
/tmp/coulombc/pytorch_build_2021-11-10_08-09-16/avx2/python3.9/pytorch/aten/src/ATen/native/cuda/Loss.cu:104: operator(): block: [30,0,0], thread: [3,0,0] Assertion `input_val >= zero && input_val <= one` failed.
/tmp/coulombc/pytorch_build_2021-11-10_08-09-16/avx2/python3.9/pytorch/aten/src/ATen/native/cuda/Loss.cu:104: operator(): block: [30,0,0], thread: [4,0,0] Assertion `input_val >= zero && input_val <= one` failed.
/tmp/coulombc/pytorch_build_2021-11-10_08-09-16/avx2/python3.9/pytorch/aten/src/ATen/native/cuda/Loss.cu:104: operator(): block: [30,0,0], thread: [5,0,0] Assertion `input_val >= zero && input_val <= one` failed.
/tmp/coulombc/pytorch_build_2021-11-10_08-09-16/avx2/python3.9/pytorch/aten/src/ATen/native/cuda/Loss.cu:104: operator(): block: [30,0,0], thread: [6,0,0] Assertion `input_val >= zero && input_val <= one` failed.
/tmp/coulombc/pytorch_build_2021-11-10_08-09-16/avx2/python3.9/pytorch/aten/src/ATen/native/cuda/Loss.cu:104: operator(): block: [30,0,0], thread: [7,0,0] Assertion `input_val >= zero && input_val <= one` failed.
/tmp/coulombc/pytorch_build_2021-11-10_08-09-16/avx2/python3.9/pytorch/aten/src/ATen/native/cuda/Loss.cu:104: operator(): block: [30,0,0], thread: [8,0,0] Assertion `input_val >= zero && input_val <= one` failed.
/tmp/coulombc/pytorch_build_2021-11-10_08-09-16/avx2/python3.9/pytorch/aten/src/ATen/native/cuda/Loss.cu:104: operator(): block: [30,0,0], thread: [9,0,0] Assertion `input_val >= zero && input_val <= one` failed.
/tmp/coulombc/pytorch_build_2021-11-10_08-09-16/avx2/python3.9/pytorch/aten/src/ATen/native/cuda/Loss.cu:104: operator(): block: [30,0,0], thread: [10,0,0] Assertion `input_val >= zero && input_val <= one` failed.
/tmp/coulombc/pytorch_build_2021-11-10_08-09-16/avx2/python3.9/pytorch/aten/src/ATen/native/cuda/Loss.cu:104: operator(): block: [30,0,0], thread: [11,0,0] Assertion `input_val >= zero && input_val <= one` failed.
/tmp/coulombc/pytorch_build_2021-11-10_08-09-16/avx2/python3.9/pytorch/aten/src/ATen/native/cuda/Loss.cu:104: operator(): block: [30,0,0], thread: [12,0,0] Assertion `input_val >= zero && input_val <= one` failed.
/tmp/coulombc/pytorch_build_2021-11-10_08-09-16/avx2/python3.9/pytorch/aten/src/ATen/native/cuda/Loss.cu:104: operator(): block: [30,0,0], thread: [13,0,0] Assertion `input_val >= zero && input_val <= one` failed.
/tmp/coulombc/pytorch_build_2021-11-10_08-09-16/avx2/python3.9/pytorch/aten/src/ATen/native/cuda/Loss.cu:104: operator(): block: [30,0,0], thread: [14,0,0] Assertion `input_val >= zero && input_val <= one` failed.
/tmp/coulombc/pytorch_build_2021-11-10_08-09-16/avx2/python3.9/pytorch/aten/src/ATen/native/cuda/Loss.cu:104: operator(): block: [30,0,0], thread: [15,0,0] Assertion `input_val >= zero && input_val <= one` failed.
/tmp/coulombc/pytorch_build_2021-11-10_08-09-16/avx2/python3.9/pytorch/aten/src/ATen/native/cuda/Loss.cu:104: operator(): block: [30,0,0], thread: [16,0,0] Assertion `input_val >= zero && input_val <= one` failed.
/tmp/coulombc/pytorch_build_2021-11-10_08-09-16/avx2/python3.9/pytorch/aten/src/ATen/native/cuda/Loss.cu:104: operator(): block: [30,0,0], thread: [17,0,0] Assertion `input_val >= zero && input_val <= one` failed.
/tmp/coulombc/pytorch_build_2021-11-10_08-09-16/avx2/python3.9/pytorch/aten/src/ATen/native/cuda/Loss.cu:104: operator(): block: [30,0,0], thread: [18,0,0] Assertion `input_val >= zero && input_val <= one` failed.
/tmp/coulombc/pytorch_build_2021-11-10_08-09-16/avx2/python3.9/pytorch/aten/src/ATen/native/cuda/Loss.cu:104: operator(): block: [30,0,0], thread: [19,0,0] Assertion `input_val >= zero && input_val <= one` failed.
/tmp/coulombc/pytorch_build_2021-11-10_08-09-16/avx2/python3.9/pytorch/aten/src/ATen/native/cuda/Loss.cu:104: operator(): block: [30,0,0], thread: [20,0,0] Assertion `input_val >= zero && input_val <= one` failed.
/tmp/coulombc/pytorch_build_2021-11-10_08-09-16/avx2/python3.9/pytorch/aten/src/ATen/native/cuda/Loss.cu:104: operator(): block: [30,0,0], thread: [21,0,0] Assertion `input_val >= zero && input_val <= one` failed.
/tmp/coulombc/pytorch_build_2021-11-10_08-09-16/avx2/python3.9/pytorch/aten/src/ATen/native/cuda/Loss.cu:104: operator(): block: [30,0,0], thread: [22,0,0] Assertion `input_val >= zero && input_val <= one` failed.
/tmp/coulombc/pytorch_build_2021-11-10_08-09-16/avx2/python3.9/pytorch/aten/src/ATen/native/cuda/Loss.cu:104: operator(): block: [30,0,0], thread: [23,0,0] Assertion `input_val >= zero && input_val <= one` failed.
/tmp/coulombc/pytorch_build_2021-11-10_08-09-16/avx2/python3.9/pytorch/aten/src/ATen/native/cuda/Loss.cu:104: operator(): block: [30,0,0], thread: [24,0,0] Assertion `input_val >= zero && input_val <= one` failed.
/tmp/coulombc/pytorch_build_2021-11-10_08-09-16/avx2/python3.9/pytorch/aten/src/ATen/native/cuda/Loss.cu:104: operator(): block: [30,0,0], thread: [25,0,0] Assertion `input_val >= zero && input_val <= one` failed.
/tmp/coulombc/pytorch_build_2021-11-10_08-09-16/avx2/python3.9/pytorch/aten/src/ATen/native/cuda/Loss.cu:104: operator(): block: [30,0,0], thread: [26,0,0] Assertion `input_val >= zero && input_val <= one` failed.
/tmp/coulombc/pytorch_build_2021-11-10_08-09-16/avx2/python3.9/pytorch/aten/src/ATen/native/cuda/Loss.cu:104: operator(): block: [30,0,0], thread: [27,0,0] Assertion `input_val >= zero && input_val <= one` failed.
/tmp/coulombc/pytorch_build_2021-11-10_08-09-16/avx2/python3.9/pytorch/aten/src/ATen/native/cuda/Loss.cu:104: operator(): block: [30,0,0], thread: [28,0,0] Assertion `input_val >= zero && input_val <= one` failed.
/tmp/coulombc/pytorch_build_2021-11-10_08-09-16/avx2/python3.9/pytorch/aten/src/ATen/native/cuda/Loss.cu:104: operator(): block: [30,0,0], thread: [29,0,0] Assertion `input_val >= zero && input_val <= one` failed.
/tmp/coulombc/pytorch_build_2021-11-10_08-09-16/avx2/python3.9/pytorch/aten/src/ATen/native/cuda/Loss.cu:104: operator(): block: [30,0,0], thread: [30,0,0] Assertion `input_val >= zero && input_val <= one` failed.
/tmp/coulombc/pytorch_build_2021-11-10_08-09-16/avx2/python3.9/pytorch/aten/src/ATen/native/cuda/Loss.cu:104: operator(): block: [30,0,0], thread: [31,0,0] Assertion `input_val >= zero && input_val <= one` failed.
/tmp/coulombc/pytorch_build_2021-11-10_08-09-16/avx2/python3.9/pytorch/aten/src/ATen/native/cuda/Loss.cu:104: operator(): block: [30,0,0], thread: [32,0,0] Assertion `input_val >= zero && input_val <= one` failed.
/tmp/coulombc/pytorch_build_2021-11-10_08-09-16/avx2/python3.9/pytorch/aten/src/ATen/native/cuda/Loss.cu:104: operator(): block: [30,0,0], thread: [33,0,0] Assertion `input_val >= zero && input_val <= one` failed.
/tmp/coulombc/pytorch_build_2021-11-10_08-09-16/avx2/python3.9/pytorch/aten/src/ATen/native/cuda/Loss.cu:104: operator(): block: [30,0,0], thread: [34,0,0] Assertion `input_val >= zero && input_val <= one` failed.
/tmp/coulombc/pytorch_build_2021-11-10_08-09-16/avx2/python3.9/pytorch/aten/src/ATen/native/cuda/Loss.cu:104: operator(): block: [30,0,0], thread: [35,0,0] Assertion `input_val >= zero && input_val <= one` failed.
/tmp/coulombc/pytorch_build_2021-11-10_08-09-16/avx2/python3.9/pytorch/aten/src/ATen/native/cuda/Loss.cu:104: operator(): block: [30,0,0], thread: [36,0,0] Assertion `input_val >= zero && input_val <= one` failed.
/tmp/coulombc/pytorch_build_2021-11-10_08-09-16/avx2/python3.9/pytorch/aten/src/ATen/native/cuda/Loss.cu:104: operator(): block: [30,0,0], thread: [37,0,0] Assertion `input_val >= zero && input_val <= one` failed.
/tmp/coulombc/pytorch_build_2021-11-10_08-09-16/avx2/python3.9/pytorch/aten/src/ATen/native/cuda/Loss.cu:104: operator(): block: [30,0,0], thread: [38,0,0] Assertion `input_val >= zero && input_val <= one` failed.
/tmp/coulombc/pytorch_build_2021-11-10_08-09-16/avx2/python3.9/pytorch/aten/src/ATen/native/cuda/Loss.cu:104: operator(): block: [30,0,0], thread: [39,0,0] Assertion `input_val >= zero && input_val <= one` failed.
/tmp/coulombc/pytorch_build_2021-11-10_08-09-16/avx2/python3.9/pytorch/aten/src/ATen/native/cuda/Loss.cu:104: operator(): block: [30,0,0], thread: [40,0,0] Assertion `input_val >= zero && input_val <= one` failed.
/tmp/coulombc/pytorch_build_2021-11-10_08-09-16/avx2/python3.9/pytorch/aten/src/ATen/native/cuda/Loss.cu:104: operator(): block: [30,0,0], thread: [41,0,0] Assertion `input_val >= zero && input_val <= one` failed.
/tmp/coulombc/pytorch_build_2021-11-10_08-09-16/avx2/python3.9/pytorch/aten/src/ATen/native/cuda/Loss.cu:104: operator(): block: [30,0,0], thread: [42,0,0] Assertion `input_val >= zero && input_val <= one` failed.
/tmp/coulombc/pytorch_build_2021-11-10_08-09-16/avx2/python3.9/pytorch/aten/src/ATen/native/cuda/Loss.cu:104: operator(): block: [30,0,0], thread: [43,0,0] Assertion `input_val >= zero && input_val <= one` failed.
/tmp/coulombc/pytorch_build_2021-11-10_08-09-16/avx2/python3.9/pytorch/aten/src/ATen/native/cuda/Loss.cu:104: operator(): block: [30,0,0], thread: [44,0,0] Assertion `input_val >= zero && input_val <= one` failed.
/tmp/coulombc/pytorch_build_2021-11-10_08-09-16/avx2/python3.9/pytorch/aten/src/ATen/native/cuda/Loss.cu:104: operator(): block: [30,0,0], thread: [45,0,0] Assertion `input_val >= zero && input_val <= one` failed.
/tmp/coulombc/pytorch_build_2021-11-10_08-09-16/avx2/python3.9/pytorch/aten/src/ATen/native/cuda/Loss.cu:104: operator(): block: [30,0,0], thread: [46,0,0] Assertion `input_val >= zero && input_val <= one` failed.
/tmp/coulombc/pytorch_build_2021-11-10_08-09-16/avx2/python3.9/pytorch/aten/src/ATen/native/cuda/Loss.cu:104: operator(): block: [30,0,0], thread: [47,0,0] Assertion `input_val >= zero && input_val <= one` failed.
/tmp/coulombc/pytorch_build_2021-11-10_08-09-16/avx2/python3.9/pytorch/aten/src/ATen/native/cuda/Loss.cu:104: operator(): block: [30,0,0], thread: [48,0,0] Assertion `input_val >= zero && input_val <= one` failed.
/tmp/coulombc/pytorch_build_2021-11-10_08-09-16/avx2/python3.9/pytorch/aten/src/ATen/native/cuda/Loss.cu:104: operator(): block: [30,0,0], thread: [49,0,0] Assertion `input_val >= zero && input_val <= one` failed.
/tmp/coulombc/pytorch_build_2021-11-10_08-09-16/avx2/python3.9/pytorch/aten/src/ATen/native/cuda/Loss.cu:104: operator(): block: [30,0,0], thread: [50,0,0] Assertion `input_val >= zero && input_val <= one` failed.
/tmp/coulombc/pytorch_build_2021-11-10_08-09-16/avx2/python3.9/pytorch/aten/src/ATen/native/cuda/Loss.cu:104: operator(): block: [30,0,0], thread: [51,0,0] Assertion `input_val >= zero && input_val <= one` failed.
/tmp/coulombc/pytorch_build_2021-11-10_08-09-16/avx2/python3.9/pytorch/aten/src/ATen/native/cuda/Loss.cu:104: operator(): block: [30,0,0], thread: [52,0,0] Assertion `input_val >= zero && input_val <= one` failed.
/tmp/coulombc/pytorch_build_2021-11-10_08-09-16/avx2/python3.9/pytorch/aten/src/ATen/native/cuda/Loss.cu:104: operator(): block: [30,0,0], thread: [53,0,0] Assertion `input_val >= zero && input_val <= one` failed.
/tmp/coulombc/pytorch_build_2021-11-10_08-09-16/avx2/python3.9/pytorch/aten/src/ATen/native/cuda/Loss.cu:104: operator(): block: [30,0,0], thread: [54,0,0] Assertion `input_val >= zero && input_val <= one` failed.
/tmp/coulombc/pytorch_build_2021-11-10_08-09-16/avx2/python3.9/pytorch/aten/src/ATen/native/cuda/Loss.cu:104: operator(): block: [30,0,0], thread: [55,0,0] Assertion `input_val >= zero && input_val <= one` failed.
/tmp/coulombc/pytorch_build_2021-11-10_08-09-16/avx2/python3.9/pytorch/aten/src/ATen/native/cuda/Loss.cu:104: operator(): block: [30,0,0], thread: [56,0,0] Assertion `input_val >= zero && input_val <= one` failed.
/tmp/coulombc/pytorch_build_2021-11-10_08-09-16/avx2/python3.9/pytorch/aten/src/ATen/native/cuda/Loss.cu:104: operator(): block: [30,0,0], thread: [57,0,0] Assertion `input_val >= zero && input_val <= one` failed.
/tmp/coulombc/pytorch_build_2021-11-10_08-09-16/avx2/python3.9/pytorch/aten/src/ATen/native/cuda/Loss.cu:104: operator(): block: [30,0,0], thread: [58,0,0] Assertion `input_val >= zero && input_val <= one` failed.
/tmp/coulombc/pytorch_build_2021-11-10_08-09-16/avx2/python3.9/pytorch/aten/src/ATen/native/cuda/Loss.cu:104: operator(): block: [30,0,0], thread: [59,0,0] Assertion `input_val >= zero && input_val <= one` failed.
/tmp/coulombc/pytorch_build_2021-11-10_08-09-16/avx2/python3.9/pytorch/aten/src/ATen/native/cuda/Loss.cu:104: operator(): block: [30,0,0], thread: [60,0,0] Assertion `input_val >= zero && input_val <= one` failed.
/tmp/coulombc/pytorch_build_2021-11-10_08-09-16/avx2/python3.9/pytorch/aten/src/ATen/native/cuda/Loss.cu:104: operator(): block: [30,0,0], thread: [61,0,0] Assertion `input_val >= zero && input_val <= one` failed.
/tmp/coulombc/pytorch_build_2021-11-10_08-09-16/avx2/python3.9/pytorch/aten/src/ATen/native/cuda/Loss.cu:104: operator(): block: [30,0,0], thread: [62,0,0] Assertion `input_val >= zero && input_val <= one` failed.
/tmp/coulombc/pytorch_build_2021-11-10_08-09-16/avx2/python3.9/pytorch/aten/src/ATen/native/cuda/Loss.cu:104: operator(): block: [30,0,0], thread: [63,0,0] Assertion `input_val >= zero && input_val <= one` failed.
/tmp/coulombc/pytorch_build_2021-11-10_08-09-16/avx2/python3.9/pytorch/aten/src/ATen/native/cuda/Loss.cu:104: operator(): block: [33,0,0], thread: [32,0,0] Assertion `input_val >= zero && input_val <= one` failed.
/tmp/coulombc/pytorch_build_2021-11-10_08-09-16/avx2/python3.9/pytorch/aten/src/ATen/native/cuda/Loss.cu:104: operator(): block: [33,0,0], thread: [33,0,0] Assertion `input_val >= zero && input_val <= one` failed.
/tmp/coulombc/pytorch_build_2021-11-10_08-09-16/avx2/python3.9/pytorch/aten/src/ATen/native/cuda/Loss.cu:104: operator(): block: [33,0,0], thread: [34,0,0] Assertion `input_val >= zero && input_val <= one` failed.
/tmp/coulombc/pytorch_build_2021-11-10_08-09-16/avx2/python3.9/pytorch/aten/src/ATen/native/cuda/Loss.cu:104: operator(): block: [33,0,0], thread: [35,0,0] Assertion `input_val >= zero && input_val <= one` failed.
/tmp/coulombc/pytorch_build_2021-11-10_08-09-16/avx2/python3.9/pytorch/aten/src/ATen/native/cuda/Loss.cu:104: operator(): block: [33,0,0], thread: [36,0,0] Assertion `input_val >= zero && input_val <= one` failed.
/tmp/coulombc/pytorch_build_2021-11-10_08-09-16/avx2/python3.9/pytorch/aten/src/ATen/native/cuda/Loss.cu:104: operator(): block: [33,0,0], thread: [37,0,0] Assertion `input_val >= zero && input_val <= one` failed.
/tmp/coulombc/pytorch_build_2021-11-10_08-09-16/avx2/python3.9/pytorch/aten/src/ATen/native/cuda/Loss.cu:104: operator(): block: [33,0,0], thread: [38,0,0] Assertion `input_val >= zero && input_val <= one` failed.
/tmp/coulombc/pytorch_build_2021-11-10_08-09-16/avx2/python3.9/pytorch/aten/src/ATen/native/cuda/Loss.cu:104: operator(): block: [33,0,0], thread: [39,0,0] Assertion `input_val >= zero && input_val <= one` failed.
/tmp/coulombc/pytorch_build_2021-11-10_08-09-16/avx2/python3.9/pytorch/aten/src/ATen/native/cuda/Loss.cu:104: operator(): block: [33,0,0], thread: [40,0,0] Assertion `input_val >= zero && input_val <= one` failed.
/tmp/coulombc/pytorch_build_2021-11-10_08-09-16/avx2/python3.9/pytorch/aten/src/ATen/native/cuda/Loss.cu:104: operator(): block: [33,0,0], thread: [41,0,0] Assertion `input_val >= zero && input_val <= one` failed.
/tmp/coulombc/pytorch_build_2021-11-10_08-09-16/avx2/python3.9/pytorch/aten/src/ATen/native/cuda/Loss.cu:104: operator(): block: [33,0,0], thread: [42,0,0] Assertion `input_val >= zero && input_val <= one` failed.
/tmp/coulombc/pytorch_build_2021-11-10_08-09-16/avx2/python3.9/pytorch/aten/src/ATen/native/cuda/Loss.cu:104: operator(): block: [33,0,0], thread: [43,0,0] Assertion `input_val >= zero && input_val <= one` failed.
/tmp/coulombc/pytorch_build_2021-11-10_08-09-16/avx2/python3.9/pytorch/aten/src/ATen/native/cuda/Loss.cu:104: operator(): block: [33,0,0], thread: [44,0,0] Assertion `input_val >= zero && input_val <= one` failed.
/tmp/coulombc/pytorch_build_2021-11-10_08-09-16/avx2/python3.9/pytorch/aten/src/ATen/native/cuda/Loss.cu:104: operator(): block: [33,0,0], thread: [45,0,0] Assertion `input_val >= zero && input_val <= one` failed.
/tmp/coulombc/pytorch_build_2021-11-10_08-09-16/avx2/python3.9/pytorch/aten/src/ATen/native/cuda/Loss.cu:104: operator(): block: [33,0,0], thread: [46,0,0] Assertion `input_val >= zero && input_val <= one` failed.
/tmp/coulombc/pytorch_build_2021-11-10_08-09-16/avx2/python3.9/pytorch/aten/src/ATen/native/cuda/Loss.cu:104: operator(): block: [33,0,0], thread: [47,0,0] Assertion `input_val >= zero && input_val <= one` failed.
/tmp/coulombc/pytorch_build_2021-11-10_08-09-16/avx2/python3.9/pytorch/aten/src/ATen/native/cuda/Loss.cu:104: operator(): block: [33,0,0], thread: [48,0,0] Assertion `input_val >= zero && input_val <= one` failed.
/tmp/coulombc/pytorch_build_2021-11-10_08-09-16/avx2/python3.9/pytorch/aten/src/ATen/native/cuda/Loss.cu:104: operator(): block: [33,0,0], thread: [49,0,0] Assertion `input_val >= zero && input_val <= one` failed.
/tmp/coulombc/pytorch_build_2021-11-10_08-09-16/avx2/python3.9/pytorch/aten/src/ATen/native/cuda/Loss.cu:104: operator(): block: [33,0,0], thread: [50,0,0] Assertion `input_val >= zero && input_val <= one` failed.
/tmp/coulombc/pytorch_build_2021-11-10_08-09-16/avx2/python3.9/pytorch/aten/src/ATen/native/cuda/Loss.cu:104: operator(): block: [33,0,0], thread: [51,0,0] Assertion `input_val >= zero && input_val <= one` failed.
/tmp/coulombc/pytorch_build_2021-11-10_08-09-16/avx2/python3.9/pytorch/aten/src/ATen/native/cuda/Loss.cu:104: operator(): block: [33,0,0], thread: [52,0,0] Assertion `input_val >= zero && input_val <= one` failed.
/tmp/coulombc/pytorch_build_2021-11-10_08-09-16/avx2/python3.9/pytorch/aten/src/ATen/native/cuda/Loss.cu:104: operator(): block: [33,0,0], thread: [53,0,0] Assertion `input_val >= zero && input_val <= one` failed.
/tmp/coulombc/pytorch_build_2021-11-10_08-09-16/avx2/python3.9/pytorch/aten/src/ATen/native/cuda/Loss.cu:104: operator(): block: [33,0,0], thread: [54,0,0] Assertion `input_val >= zero && input_val <= one` failed.
/tmp/coulombc/pytorch_build_2021-11-10_08-09-16/avx2/python3.9/pytorch/aten/src/ATen/native/cuda/Loss.cu:104: operator(): block: [33,0,0], thread: [55,0,0] Assertion `input_val >= zero && input_val <= one` failed.
/tmp/coulombc/pytorch_build_2021-11-10_08-09-16/avx2/python3.9/pytorch/aten/src/ATen/native/cuda/Loss.cu:104: operator(): block: [33,0,0], thread: [56,0,0] Assertion `input_val >= zero && input_val <= one` failed.
/tmp/coulombc/pytorch_build_2021-11-10_08-09-16/avx2/python3.9/pytorch/aten/src/ATen/native/cuda/Loss.cu:104: operator(): block: [33,0,0], thread: [57,0,0] Assertion `input_val >= zero && input_val <= one` failed.
/tmp/coulombc/pytorch_build_2021-11-10_08-09-16/avx2/python3.9/pytorch/aten/src/ATen/native/cuda/Loss.cu:104: operator(): block: [33,0,0], thread: [58,0,0] Assertion `input_val >= zero && input_val <= one` failed.
/tmp/coulombc/pytorch_build_2021-11-10_08-09-16/avx2/python3.9/pytorch/aten/src/ATen/native/cuda/Loss.cu:104: operator(): block: [33,0,0], thread: [59,0,0] Assertion `input_val >= zero && input_val <= one` failed.
/tmp/coulombc/pytorch_build_2021-11-10_08-09-16/avx2/python3.9/pytorch/aten/src/ATen/native/cuda/Loss.cu:104: operator(): block: [33,0,0], thread: [60,0,0] Assertion `input_val >= zero && input_val <= one` failed.
/tmp/coulombc/pytorch_build_2021-11-10_08-09-16/avx2/python3.9/pytorch/aten/src/ATen/native/cuda/Loss.cu:104: operator(): block: [33,0,0], thread: [61,0,0] Assertion `input_val >= zero && input_val <= one` failed.
/tmp/coulombc/pytorch_build_2021-11-10_08-09-16/avx2/python3.9/pytorch/aten/src/ATen/native/cuda/Loss.cu:104: operator(): block: [33,0,0], thread: [62,0,0] Assertion `input_val >= zero && input_val <= one` failed.
/tmp/coulombc/pytorch_build_2021-11-10_08-09-16/avx2/python3.9/pytorch/aten/src/ATen/native/cuda/Loss.cu:104: operator(): block: [33,0,0], thread: [63,0,0] Assertion `input_val >= zero && input_val <= one` failed.
/tmp/coulombc/pytorch_build_2021-11-10_08-09-16/avx2/python3.9/pytorch/aten/src/ATen/native/cuda/Loss.cu:104: operator(): block: [14,0,0], thread: [0,0,0] Assertion `input_val >= zero && input_val <= one` failed.
/tmp/coulombc/pytorch_build_2021-11-10_08-09-16/avx2/python3.9/pytorch/aten/src/ATen/native/cuda/Loss.cu:104: operator(): block: [14,0,0], thread: [1,0,0] Assertion `input_val >= zero && input_val <= one` failed.
/tmp/coulombc/pytorch_build_2021-11-10_08-09-16/avx2/python3.9/pytorch/aten/src/ATen/native/cuda/Loss.cu:104: operator(): block: [14,0,0], thread: [2,0,0] Assertion `input_val >= zero && input_val <= one` failed.
/tmp/coulombc/pytorch_build_2021-11-10_08-09-16/avx2/python3.9/pytorch/aten/src/ATen/native/cuda/Loss.cu:104: operator(): block: [14,0,0], thread: [3,0,0] Assertion `input_val >= zero && input_val <= one` failed.
/tmp/coulombc/pytorch_build_2021-11-10_08-09-16/avx2/python3.9/pytorch/aten/src/ATen/native/cuda/Loss.cu:104: operator(): block: [14,0,0], thread: [4,0,0] Assertion `input_val >= zero && input_val <= one` failed.
/tmp/coulombc/pytorch_build_2021-11-10_08-09-16/avx2/python3.9/pytorch/aten/src/ATen/native/cuda/Loss.cu:104: operator(): block: [14,0,0], thread: [5,0,0] Assertion `input_val >= zero && input_val <= one` failed.
/tmp/coulombc/pytorch_build_2021-11-10_08-09-16/avx2/python3.9/pytorch/aten/src/ATen/native/cuda/Loss.cu:104: operator(): block: [14,0,0], thread: [6,0,0] Assertion `input_val >= zero && input_val <= one` failed.
/tmp/coulombc/pytorch_build_2021-11-10_08-09-16/avx2/python3.9/pytorch/aten/src/ATen/native/cuda/Loss.cu:104: operator(): block: [14,0,0], thread: [7,0,0] Assertion `input_val >= zero && input_val <= one` failed.
/tmp/coulombc/pytorch_build_2021-11-10_08-09-16/avx2/python3.9/pytorch/aten/src/ATen/native/cuda/Loss.cu:104: operator(): block: [14,0,0], thread: [8,0,0] Assertion `input_val >= zero && input_val <= one` failed.
/tmp/coulombc/pytorch_build_2021-11-10_08-09-16/avx2/python3.9/pytorch/aten/src/ATen/native/cuda/Loss.cu:104: operator(): block: [14,0,0], thread: [9,0,0] Assertion `input_val >= zero && input_val <= one` failed.
/tmp/coulombc/pytorch_build_2021-11-10_08-09-16/avx2/python3.9/pytorch/aten/src/ATen/native/cuda/Loss.cu:104: operator(): block: [14,0,0], thread: [10,0,0] Assertion `input_val >= zero && input_val <= one` failed.
/tmp/coulombc/pytorch_build_2021-11-10_08-09-16/avx2/python3.9/pytorch/aten/src/ATen/native/cuda/Loss.cu:104: operator(): block: [14,0,0], thread: [11,0,0] Assertion `input_val >= zero && input_val <= one` failed.
/tmp/coulombc/pytorch_build_2021-11-10_08-09-16/avx2/python3.9/pytorch/aten/src/ATen/native/cuda/Loss.cu:104: operator(): block: [14,0,0], thread: [12,0,0] Assertion `input_val >= zero && input_val <= one` failed.
/tmp/coulombc/pytorch_build_2021-11-10_08-09-16/avx2/python3.9/pytorch/aten/src/ATen/native/cuda/Loss.cu:104: operator(): block: [14,0,0], thread: [13,0,0] Assertion `input_val >= zero && input_val <= one` failed.
/tmp/coulombc/pytorch_build_2021-11-10_08-09-16/avx2/python3.9/pytorch/aten/src/ATen/native/cuda/Loss.cu:104: operator(): block: [14,0,0], thread: [14,0,0] Assertion `input_val >= zero && input_val <= one` failed.
/tmp/coulombc/pytorch_build_2021-11-10_08-09-16/avx2/python3.9/pytorch/aten/src/ATen/native/cuda/Loss.cu:104: operator(): block: [14,0,0], thread: [15,0,0] Assertion `input_val >= zero && input_val <= one` failed.
/tmp/coulombc/pytorch_build_2021-11-10_08-09-16/avx2/python3.9/pytorch/aten/src/ATen/native/cuda/Loss.cu:104: operator(): block: [14,0,0], thread: [16,0,0] Assertion `input_val >= zero && input_val <= one` failed.
/tmp/coulombc/pytorch_build_2021-11-10_08-09-16/avx2/python3.9/pytorch/aten/src/ATen/native/cuda/Loss.cu:104: operator(): block: [14,0,0], thread: [17,0,0] Assertion `input_val >= zero && input_val <= one` failed.
/tmp/coulombc/pytorch_build_2021-11-10_08-09-16/avx2/python3.9/pytorch/aten/src/ATen/native/cuda/Loss.cu:104: operator(): block: [14,0,0], thread: [18,0,0] Assertion `input_val >= zero && input_val <= one` failed.
/tmp/coulombc/pytorch_build_2021-11-10_08-09-16/avx2/python3.9/pytorch/aten/src/ATen/native/cuda/Loss.cu:104: operator(): block: [14,0,0], thread: [19,0,0] Assertion `input_val >= zero && input_val <= one` failed.
/tmp/coulombc/pytorch_build_2021-11-10_08-09-16/avx2/python3.9/pytorch/aten/src/ATen/native/cuda/Loss.cu:104: operator(): block: [14,0,0], thread: [20,0,0] Assertion `input_val >= zero && input_val <= one` failed.
/tmp/coulombc/pytorch_build_2021-11-10_08-09-16/avx2/python3.9/pytorch/aten/src/ATen/native/cuda/Loss.cu:104: operator(): block: [14,0,0], thread: [21,0,0] Assertion `input_val >= zero && input_val <= one` failed.
/tmp/coulombc/pytorch_build_2021-11-10_08-09-16/avx2/python3.9/pytorch/aten/src/ATen/native/cuda/Loss.cu:104: operator(): block: [14,0,0], thread: [22,0,0] Assertion `input_val >= zero && input_val <= one` failed.
/tmp/coulombc/pytorch_build_2021-11-10_08-09-16/avx2/python3.9/pytorch/aten/src/ATen/native/cuda/Loss.cu:104: operator(): block: [14,0,0], thread: [23,0,0] Assertion `input_val >= zero && input_val <= one` failed.
/tmp/coulombc/pytorch_build_2021-11-10_08-09-16/avx2/python3.9/pytorch/aten/src/ATen/native/cuda/Loss.cu:104: operator(): block: [14,0,0], thread: [24,0,0] Assertion `input_val >= zero && input_val <= one` failed.
/tmp/coulombc/pytorch_build_2021-11-10_08-09-16/avx2/python3.9/pytorch/aten/src/ATen/native/cuda/Loss.cu:104: operator(): block: [14,0,0], thread: [25,0,0] Assertion `input_val >= zero && input_val <= one` failed.
/tmp/coulombc/pytorch_build_2021-11-10_08-09-16/avx2/python3.9/pytorch/aten/src/ATen/native/cuda/Loss.cu:104: operator(): block: [14,0,0], thread: [26,0,0] Assertion `input_val >= zero && input_val <= one` failed.
/tmp/coulombc/pytorch_build_2021-11-10_08-09-16/avx2/python3.9/pytorch/aten/src/ATen/native/cuda/Loss.cu:104: operator(): block: [14,0,0], thread: [27,0,0] Assertion `input_val >= zero && input_val <= one` failed.
/tmp/coulombc/pytorch_build_2021-11-10_08-09-16/avx2/python3.9/pytorch/aten/src/ATen/native/cuda/Loss.cu:104: operator(): block: [14,0,0], thread: [28,0,0] Assertion `input_val >= zero && input_val <= one` failed.
/tmp/coulombc/pytorch_build_2021-11-10_08-09-16/avx2/python3.9/pytorch/aten/src/ATen/native/cuda/Loss.cu:104: operator(): block: [14,0,0], thread: [29,0,0] Assertion `input_val >= zero && input_val <= one` failed.
/tmp/coulombc/pytorch_build_2021-11-10_08-09-16/avx2/python3.9/pytorch/aten/src/ATen/native/cuda/Loss.cu:104: operator(): block: [14,0,0], thread: [30,0,0] Assertion `input_val >= zero && input_val <= one` failed.
/tmp/coulombc/pytorch_build_2021-11-10_08-09-16/avx2/python3.9/pytorch/aten/src/ATen/native/cuda/Loss.cu:104: operator(): block: [14,0,0], thread: [31,0,0] Assertion `input_val >= zero && input_val <= one` failed.
/tmp/coulombc/pytorch_build_2021-11-10_08-09-16/avx2/python3.9/pytorch/aten/src/ATen/native/cuda/Loss.cu:104: operator(): block: [14,0,0], thread: [32,0,0] Assertion `input_val >= zero && input_val <= one` failed.
/tmp/coulombc/pytorch_build_2021-11-10_08-09-16/avx2/python3.9/pytorch/aten/src/ATen/native/cuda/Loss.cu:104: operator(): block: [14,0,0], thread: [33,0,0] Assertion `input_val >= zero && input_val <= one` failed.
/tmp/coulombc/pytorch_build_2021-11-10_08-09-16/avx2/python3.9/pytorch/aten/src/ATen/native/cuda/Loss.cu:104: operator(): block: [14,0,0], thread: [34,0,0] Assertion `input_val >= zero && input_val <= one` failed.
/tmp/coulombc/pytorch_build_2021-11-10_08-09-16/avx2/python3.9/pytorch/aten/src/ATen/native/cuda/Loss.cu:104: operator(): block: [14,0,0], thread: [35,0,0] Assertion `input_val >= zero && input_val <= one` failed.
/tmp/coulombc/pytorch_build_2021-11-10_08-09-16/avx2/python3.9/pytorch/aten/src/ATen/native/cuda/Loss.cu:104: operator(): block: [14,0,0], thread: [36,0,0] Assertion `input_val >= zero && input_val <= one` failed.
/tmp/coulombc/pytorch_build_2021-11-10_08-09-16/avx2/python3.9/pytorch/aten/src/ATen/native/cuda/Loss.cu:104: operator(): block: [14,0,0], thread: [37,0,0] Assertion `input_val >= zero && input_val <= one` failed.
/tmp/coulombc/pytorch_build_2021-11-10_08-09-16/avx2/python3.9/pytorch/aten/src/ATen/native/cuda/Loss.cu:104: operator(): block: [14,0,0], thread: [38,0,0] Assertion `input_val >= zero && input_val <= one` failed.
/tmp/coulombc/pytorch_build_2021-11-10_08-09-16/avx2/python3.9/pytorch/aten/src/ATen/native/cuda/Loss.cu:104: operator(): block: [14,0,0], thread: [39,0,0] Assertion `input_val >= zero && input_val <= one` failed.
/tmp/coulombc/pytorch_build_2021-11-10_08-09-16/avx2/python3.9/pytorch/aten/src/ATen/native/cuda/Loss.cu:104: operator(): block: [14,0,0], thread: [40,0,0] Assertion `input_val >= zero && input_val <= one` failed.
/tmp/coulombc/pytorch_build_2021-11-10_08-09-16/avx2/python3.9/pytorch/aten/src/ATen/native/cuda/Loss.cu:104: operator(): block: [14,0,0], thread: [41,0,0] Assertion `input_val >= zero && input_val <= one` failed.
/tmp/coulombc/pytorch_build_2021-11-10_08-09-16/avx2/python3.9/pytorch/aten/src/ATen/native/cuda/Loss.cu:104: operator(): block: [14,0,0], thread: [42,0,0] Assertion `input_val >= zero && input_val <= one` failed.
/tmp/coulombc/pytorch_build_2021-11-10_08-09-16/avx2/python3.9/pytorch/aten/src/ATen/native/cuda/Loss.cu:104: operator(): block: [14,0,0], thread: [43,0,0] Assertion `input_val >= zero && input_val <= one` failed.
/tmp/coulombc/pytorch_build_2021-11-10_08-09-16/avx2/python3.9/pytorch/aten/src/ATen/native/cuda/Loss.cu:104: operator(): block: [14,0,0], thread: [44,0,0] Assertion `input_val >= zero && input_val <= one` failed.
/tmp/coulombc/pytorch_build_2021-11-10_08-09-16/avx2/python3.9/pytorch/aten/src/ATen/native/cuda/Loss.cu:104: operator(): block: [14,0,0], thread: [45,0,0] Assertion `input_val >= zero && input_val <= one` failed.
/tmp/coulombc/pytorch_build_2021-11-10_08-09-16/avx2/python3.9/pytorch/aten/src/ATen/native/cuda/Loss.cu:104: operator(): block: [14,0,0], thread: [46,0,0] Assertion `input_val >= zero && input_val <= one` failed.
/tmp/coulombc/pytorch_build_2021-11-10_08-09-16/avx2/python3.9/pytorch/aten/src/ATen/native/cuda/Loss.cu:104: operator(): block: [14,0,0], thread: [47,0,0] Assertion `input_val >= zero && input_val <= one` failed.
/tmp/coulombc/pytorch_build_2021-11-10_08-09-16/avx2/python3.9/pytorch/aten/src/ATen/native/cuda/Loss.cu:104: operator(): block: [14,0,0], thread: [48,0,0] Assertion `input_val >= zero && input_val <= one` failed.
/tmp/coulombc/pytorch_build_2021-11-10_08-09-16/avx2/python3.9/pytorch/aten/src/ATen/native/cuda/Loss.cu:104: operator(): block: [14,0,0], thread: [49,0,0] Assertion `input_val >= zero && input_val <= one` failed.
/tmp/coulombc/pytorch_build_2021-11-10_08-09-16/avx2/python3.9/pytorch/aten/src/ATen/native/cuda/Loss.cu:104: operator(): block: [14,0,0], thread: [50,0,0] Assertion `input_val >= zero && input_val <= one` failed.
/tmp/coulombc/pytorch_build_2021-11-10_08-09-16/avx2/python3.9/pytorch/aten/src/ATen/native/cuda/Loss.cu:104: operator(): block: [14,0,0], thread: [51,0,0] Assertion `input_val >= zero && input_val <= one` failed.
/tmp/coulombc/pytorch_build_2021-11-10_08-09-16/avx2/python3.9/pytorch/aten/src/ATen/native/cuda/Loss.cu:104: operator(): block: [14,0,0], thread: [52,0,0] Assertion `input_val >= zero && input_val <= one` failed.
/tmp/coulombc/pytorch_build_2021-11-10_08-09-16/avx2/python3.9/pytorch/aten/src/ATen/native/cuda/Loss.cu:104: operator(): block: [14,0,0], thread: [53,0,0] Assertion `input_val >= zero && input_val <= one` failed.
/tmp/coulombc/pytorch_build_2021-11-10_08-09-16/avx2/python3.9/pytorch/aten/src/ATen/native/cuda/Loss.cu:104: operator(): block: [14,0,0], thread: [54,0,0] Assertion `input_val >= zero && input_val <= one` failed.
/tmp/coulombc/pytorch_build_2021-11-10_08-09-16/avx2/python3.9/pytorch/aten/src/ATen/native/cuda/Loss.cu:104: operator(): block: [14,0,0], thread: [55,0,0] Assertion `input_val >= zero && input_val <= one` failed.
/tmp/coulombc/pytorch_build_2021-11-10_08-09-16/avx2/python3.9/pytorch/aten/src/ATen/native/cuda/Loss.cu:104: operator(): block: [14,0,0], thread: [56,0,0] Assertion `input_val >= zero && input_val <= one` failed.
/tmp/coulombc/pytorch_build_2021-11-10_08-09-16/avx2/python3.9/pytorch/aten/src/ATen/native/cuda/Loss.cu:104: operator(): block: [14,0,0], thread: [57,0,0] Assertion `input_val >= zero && input_val <= one` failed.
/tmp/coulombc/pytorch_build_2021-11-10_08-09-16/avx2/python3.9/pytorch/aten/src/ATen/native/cuda/Loss.cu:104: operator(): block: [14,0,0], thread: [58,0,0] Assertion `input_val >= zero && input_val <= one` failed.
/tmp/coulombc/pytorch_build_2021-11-10_08-09-16/avx2/python3.9/pytorch/aten/src/ATen/native/cuda/Loss.cu:104: operator(): block: [14,0,0], thread: [59,0,0] Assertion `input_val >= zero && input_val <= one` failed.
/tmp/coulombc/pytorch_build_2021-11-10_08-09-16/avx2/python3.9/pytorch/aten/src/ATen/native/cuda/Loss.cu:104: operator(): block: [14,0,0], thread: [60,0,0] Assertion `input_val >= zero && input_val <= one` failed.
/tmp/coulombc/pytorch_build_2021-11-10_08-09-16/avx2/python3.9/pytorch/aten/src/ATen/native/cuda/Loss.cu:104: operator(): block: [14,0,0], thread: [61,0,0] Assertion `input_val >= zero && input_val <= one` failed.
/tmp/coulombc/pytorch_build_2021-11-10_08-09-16/avx2/python3.9/pytorch/aten/src/ATen/native/cuda/Loss.cu:104: operator(): block: [14,0,0], thread: [62,0,0] Assertion `input_val >= zero && input_val <= one` failed.
/tmp/coulombc/pytorch_build_2021-11-10_08-09-16/avx2/python3.9/pytorch/aten/src/ATen/native/cuda/Loss.cu:104: operator(): block: [14,0,0], thread: [63,0,0] Assertion `input_val >= zero && input_val <= one` failed.
/tmp/coulombc/pytorch_build_2021-11-10_08-09-16/avx2/python3.9/pytorch/aten/src/ATen/native/cuda/Loss.cu:104: operator(): block: [16,0,0], thread: [32,0,0] Assertion `input_val >= zero && input_val <= one` failed.
/tmp/coulombc/pytorch_build_2021-11-10_08-09-16/avx2/python3.9/pytorch/aten/src/ATen/native/cuda/Loss.cu:104: operator(): block: [16,0,0], thread: [33,0,0] Assertion `input_val >= zero && input_val <= one` failed.
/tmp/coulombc/pytorch_build_2021-11-10_08-09-16/avx2/python3.9/pytorch/aten/src/ATen/native/cuda/Loss.cu:104: operator(): block: [16,0,0], thread: [34,0,0] Assertion `input_val >= zero && input_val <= one` failed.
/tmp/coulombc/pytorch_build_2021-11-10_08-09-16/avx2/python3.9/pytorch/aten/src/ATen/native/cuda/Loss.cu:104: operator(): block: [16,0,0], thread: [35,0,0] Assertion `input_val >= zero && input_val <= one` failed.
/tmp/coulombc/pytorch_build_2021-11-10_08-09-16/avx2/python3.9/pytorch/aten/src/ATen/native/cuda/Loss.cu:104: operator(): block: [16,0,0], thread: [36,0,0] Assertion `input_val >= zero && input_val <= one` failed.
/tmp/coulombc/pytorch_build_2021-11-10_08-09-16/avx2/python3.9/pytorch/aten/src/ATen/native/cuda/Loss.cu:104: operator(): block: [16,0,0], thread: [37,0,0] Assertion `input_val >= zero && input_val <= one` failed.
/tmp/coulombc/pytorch_build_2021-11-10_08-09-16/avx2/python3.9/pytorch/aten/src/ATen/native/cuda/Loss.cu:104: operator(): block: [16,0,0], thread: [38,0,0] Assertion `input_val >= zero && input_val <= one` failed.
/tmp/coulombc/pytorch_build_2021-11-10_08-09-16/avx2/python3.9/pytorch/aten/src/ATen/native/cuda/Loss.cu:104: operator(): block: [16,0,0], thread: [39,0,0] Assertion `input_val >= zero && input_val <= one` failed.
/tmp/coulombc/pytorch_build_2021-11-10_08-09-16/avx2/python3.9/pytorch/aten/src/ATen/native/cuda/Loss.cu:104: operator(): block: [16,0,0], thread: [40,0,0] Assertion `input_val >= zero && input_val <= one` failed.
/tmp/coulombc/pytorch_build_2021-11-10_08-09-16/avx2/python3.9/pytorch/aten/src/ATen/native/cuda/Loss.cu:104: operator(): block: [16,0,0], thread: [41,0,0] Assertion `input_val >= zero && input_val <= one` failed.
/tmp/coulombc/pytorch_build_2021-11-10_08-09-16/avx2/python3.9/pytorch/aten/src/ATen/native/cuda/Loss.cu:104: operator(): block: [16,0,0], thread: [42,0,0] Assertion `input_val >= zero && input_val <= one` failed.
/tmp/coulombc/pytorch_build_2021-11-10_08-09-16/avx2/python3.9/pytorch/aten/src/ATen/native/cuda/Loss.cu:104: operator(): block: [16,0,0], thread: [43,0,0] Assertion `input_val >= zero && input_val <= one` failed.
/tmp/coulombc/pytorch_build_2021-11-10_08-09-16/avx2/python3.9/pytorch/aten/src/ATen/native/cuda/Loss.cu:104: operator(): block: [16,0,0], thread: [44,0,0] Assertion `input_val >= zero && input_val <= one` failed.
/tmp/coulombc/pytorch_build_2021-11-10_08-09-16/avx2/python3.9/pytorch/aten/src/ATen/native/cuda/Loss.cu:104: operator(): block: [16,0,0], thread: [45,0,0] Assertion `input_val >= zero && input_val <= one` failed.
/tmp/coulombc/pytorch_build_2021-11-10_08-09-16/avx2/python3.9/pytorch/aten/src/ATen/native/cuda/Loss.cu:104: operator(): block: [16,0,0], thread: [46,0,0] Assertion `input_val >= zero && input_val <= one` failed.
/tmp/coulombc/pytorch_build_2021-11-10_08-09-16/avx2/python3.9/pytorch/aten/src/ATen/native/cuda/Loss.cu:104: operator(): block: [16,0,0], thread: [47,0,0] Assertion `input_val >= zero && input_val <= one` failed.
/tmp/coulombc/pytorch_build_2021-11-10_08-09-16/avx2/python3.9/pytorch/aten/src/ATen/native/cuda/Loss.cu:104: operator(): block: [16,0,0], thread: [48,0,0] Assertion `input_val >= zero && input_val <= one` failed.
/tmp/coulombc/pytorch_build_2021-11-10_08-09-16/avx2/python3.9/pytorch/aten/src/ATen/native/cuda/Loss.cu:104: operator(): block: [16,0,0], thread: [49,0,0] Assertion `input_val >= zero && input_val <= one` failed.
/tmp/coulombc/pytorch_build_2021-11-10_08-09-16/avx2/python3.9/pytorch/aten/src/ATen/native/cuda/Loss.cu:104: operator(): block: [16,0,0], thread: [50,0,0] Assertion `input_val >= zero && input_val <= one` failed.
/tmp/coulombc/pytorch_build_2021-11-10_08-09-16/avx2/python3.9/pytorch/aten/src/ATen/native/cuda/Loss.cu:104: operator(): block: [16,0,0], thread: [51,0,0] Assertion `input_val >= zero && input_val <= one` failed.
/tmp/coulombc/pytorch_build_2021-11-10_08-09-16/avx2/python3.9/pytorch/aten/src/ATen/native/cuda/Loss.cu:104: operator(): block: [16,0,0], thread: [52,0,0] Assertion `input_val >= zero && input_val <= one` failed.
/tmp/coulombc/pytorch_build_2021-11-10_08-09-16/avx2/python3.9/pytorch/aten/src/ATen/native/cuda/Loss.cu:104: operator(): block: [16,0,0], thread: [53,0,0] Assertion `input_val >= zero && input_val <= one` failed.
/tmp/coulombc/pytorch_build_2021-11-10_08-09-16/avx2/python3.9/pytorch/aten/src/ATen/native/cuda/Loss.cu:104: operator(): block: [16,0,0], thread: [54,0,0] Assertion `input_val >= zero && input_val <= one` failed.
/tmp/coulombc/pytorch_build_2021-11-10_08-09-16/avx2/python3.9/pytorch/aten/src/ATen/native/cuda/Loss.cu:104: operator(): block: [16,0,0], thread: [55,0,0] Assertion `input_val >= zero && input_val <= one` failed.
/tmp/coulombc/pytorch_build_2021-11-10_08-09-16/avx2/python3.9/pytorch/aten/src/ATen/native/cuda/Loss.cu:104: operator(): block: [16,0,0], thread: [56,0,0] Assertion `input_val >= zero && input_val <= one` failed.
/tmp/coulombc/pytorch_build_2021-11-10_08-09-16/avx2/python3.9/pytorch/aten/src/ATen/native/cuda/Loss.cu:104: operator(): block: [16,0,0], thread: [57,0,0] Assertion `input_val >= zero && input_val <= one` failed.
/tmp/coulombc/pytorch_build_2021-11-10_08-09-16/avx2/python3.9/pytorch/aten/src/ATen/native/cuda/Loss.cu:104: operator(): block: [16,0,0], thread: [58,0,0] Assertion `input_val >= zero && input_val <= one` failed.
/tmp/coulombc/pytorch_build_2021-11-10_08-09-16/avx2/python3.9/pytorch/aten/src/ATen/native/cuda/Loss.cu:104: operator(): block: [16,0,0], thread: [59,0,0] Assertion `input_val >= zero && input_val <= one` failed.
/tmp/coulombc/pytorch_build_2021-11-10_08-09-16/avx2/python3.9/pytorch/aten/src/ATen/native/cuda/Loss.cu:104: operator(): block: [16,0,0], thread: [60,0,0] Assertion `input_val >= zero && input_val <= one` failed.
/tmp/coulombc/pytorch_build_2021-11-10_08-09-16/avx2/python3.9/pytorch/aten/src/ATen/native/cuda/Loss.cu:104: operator(): block: [16,0,0], thread: [61,0,0] Assertion `input_val >= zero && input_val <= one` failed.
/tmp/coulombc/pytorch_build_2021-11-10_08-09-16/avx2/python3.9/pytorch/aten/src/ATen/native/cuda/Loss.cu:104: operator(): block: [16,0,0], thread: [62,0,0] Assertion `input_val >= zero && input_val <= one` failed.
/tmp/coulombc/pytorch_build_2021-11-10_08-09-16/avx2/python3.9/pytorch/aten/src/ATen/native/cuda/Loss.cu:104: operator(): block: [16,0,0], thread: [63,0,0] Assertion `input_val >= zero && input_val <= one` failed.
/tmp/coulombc/pytorch_build_2021-11-10_08-09-16/avx2/python3.9/pytorch/aten/src/ATen/native/cuda/Loss.cu:104: operator(): block: [16,0,0], thread: [0,0,0] Assertion `input_val >= zero && input_val <= one` failed.
/tmp/coulombc/pytorch_build_2021-11-10_08-09-16/avx2/python3.9/pytorch/aten/src/ATen/native/cuda/Loss.cu:104: operator(): block: [16,0,0], thread: [1,0,0] Assertion `input_val >= zero && input_val <= one` failed.
/tmp/coulombc/pytorch_build_2021-11-10_08-09-16/avx2/python3.9/pytorch/aten/src/ATen/native/cuda/Loss.cu:104: operator(): block: [16,0,0], thread: [2,0,0] Assertion `input_val >= zero && input_val <= one` failed.
/tmp/coulombc/pytorch_build_2021-11-10_08-09-16/avx2/python3.9/pytorch/aten/src/ATen/native/cuda/Loss.cu:104: operator(): block: [16,0,0], thread: [3,0,0] Assertion `input_val >= zero && input_val <= one` failed.
/tmp/coulombc/pytorch_build_2021-11-10_08-09-16/avx2/python3.9/pytorch/aten/src/ATen/native/cuda/Loss.cu:104: operator(): block: [16,0,0], thread: [4,0,0] Assertion `input_val >= zero && input_val <= one` failed.
/tmp/coulombc/pytorch_build_2021-11-10_08-09-16/avx2/python3.9/pytorch/aten/src/ATen/native/cuda/Loss.cu:104: operator(): block: [16,0,0], thread: [5,0,0] Assertion `input_val >= zero && input_val <= one` failed.
/tmp/coulombc/pytorch_build_2021-11-10_08-09-16/avx2/python3.9/pytorch/aten/src/ATen/native/cuda/Loss.cu:104: operator(): block: [16,0,0], thread: [6,0,0] Assertion `input_val >= zero && input_val <= one` failed.
/tmp/coulombc/pytorch_build_2021-11-10_08-09-16/avx2/python3.9/pytorch/aten/src/ATen/native/cuda/Loss.cu:104: operator(): block: [16,0,0], thread: [7,0,0] Assertion `input_val >= zero && input_val <= one` failed.
/tmp/coulombc/pytorch_build_2021-11-10_08-09-16/avx2/python3.9/pytorch/aten/src/ATen/native/cuda/Loss.cu:104: operator(): block: [16,0,0], thread: [8,0,0] Assertion `input_val >= zero && input_val <= one` failed.
/tmp/coulombc/pytorch_build_2021-11-10_08-09-16/avx2/python3.9/pytorch/aten/src/ATen/native/cuda/Loss.cu:104: operator(): block: [16,0,0], thread: [9,0,0] Assertion `input_val >= zero && input_val <= one` failed.
/tmp/coulombc/pytorch_build_2021-11-10_08-09-16/avx2/python3.9/pytorch/aten/src/ATen/native/cuda/Loss.cu:104: operator(): block: [16,0,0], thread: [10,0,0] Assertion `input_val >= zero && input_val <= one` failed.
/tmp/coulombc/pytorch_build_2021-11-10_08-09-16/avx2/python3.9/pytorch/aten/src/ATen/native/cuda/Loss.cu:104: operator(): block: [16,0,0], thread: [11,0,0] Assertion `input_val >= zero && input_val <= one` failed.
/tmp/coulombc/pytorch_build_2021-11-10_08-09-16/avx2/python3.9/pytorch/aten/src/ATen/native/cuda/Loss.cu:104: operator(): block: [16,0,0], thread: [12,0,0] Assertion `input_val >= zero && input_val <= one` failed.
/tmp/coulombc/pytorch_build_2021-11-10_08-09-16/avx2/python3.9/pytorch/aten/src/ATen/native/cuda/Loss.cu:104: operator(): block: [16,0,0], thread: [13,0,0] Assertion `input_val >= zero && input_val <= one` failed.
/tmp/coulombc/pytorch_build_2021-11-10_08-09-16/avx2/python3.9/pytorch/aten/src/ATen/native/cuda/Loss.cu:104: operator(): block: [16,0,0], thread: [14,0,0] Assertion `input_val >= zero && input_val <= one` failed.
/tmp/coulombc/pytorch_build_2021-11-10_08-09-16/avx2/python3.9/pytorch/aten/src/ATen/native/cuda/Loss.cu:104: operator(): block: [16,0,0], thread: [15,0,0] Assertion `input_val >= zero && input_val <= one` failed.
/tmp/coulombc/pytorch_build_2021-11-10_08-09-16/avx2/python3.9/pytorch/aten/src/ATen/native/cuda/Loss.cu:104: operator(): block: [16,0,0], thread: [16,0,0] Assertion `input_val >= zero && input_val <= one` failed.
/tmp/coulombc/pytorch_build_2021-11-10_08-09-16/avx2/python3.9/pytorch/aten/src/ATen/native/cuda/Loss.cu:104: operator(): block: [16,0,0], thread: [17,0,0] Assertion `input_val >= zero && input_val <= one` failed.
/tmp/coulombc/pytorch_build_2021-11-10_08-09-16/avx2/python3.9/pytorch/aten/src/ATen/native/cuda/Loss.cu:104: operator(): block: [16,0,0], thread: [18,0,0] Assertion `input_val >= zero && input_val <= one` failed.
/tmp/coulombc/pytorch_build_2021-11-10_08-09-16/avx2/python3.9/pytorch/aten/src/ATen/native/cuda/Loss.cu:104: operator(): block: [16,0,0], thread: [19,0,0] Assertion `input_val >= zero && input_val <= one` failed.
/tmp/coulombc/pytorch_build_2021-11-10_08-09-16/avx2/python3.9/pytorch/aten/src/ATen/native/cuda/Loss.cu:104: operator(): block: [16,0,0], thread: [20,0,0] Assertion `input_val >= zero && input_val <= one` failed.
/tmp/coulombc/pytorch_build_2021-11-10_08-09-16/avx2/python3.9/pytorch/aten/src/ATen/native/cuda/Loss.cu:104: operator(): block: [16,0,0], thread: [21,0,0] Assertion `input_val >= zero && input_val <= one` failed.
/tmp/coulombc/pytorch_build_2021-11-10_08-09-16/avx2/python3.9/pytorch/aten/src/ATen/native/cuda/Loss.cu:104: operator(): block: [16,0,0], thread: [22,0,0] Assertion `input_val >= zero && input_val <= one` failed.
/tmp/coulombc/pytorch_build_2021-11-10_08-09-16/avx2/python3.9/pytorch/aten/src/ATen/native/cuda/Loss.cu:104: operator(): block: [16,0,0], thread: [23,0,0] Assertion `input_val >= zero && input_val <= one` failed.
/tmp/coulombc/pytorch_build_2021-11-10_08-09-16/avx2/python3.9/pytorch/aten/src/ATen/native/cuda/Loss.cu:104: operator(): block: [16,0,0], thread: [24,0,0] Assertion `input_val >= zero && input_val <= one` failed.
/tmp/coulombc/pytorch_build_2021-11-10_08-09-16/avx2/python3.9/pytorch/aten/src/ATen/native/cuda/Loss.cu:104: operator(): block: [16,0,0], thread: [25,0,0] Assertion `input_val >= zero && input_val <= one` failed.
/tmp/coulombc/pytorch_build_2021-11-10_08-09-16/avx2/python3.9/pytorch/aten/src/ATen/native/cuda/Loss.cu:104: operator(): block: [16,0,0], thread: [26,0,0] Assertion `input_val >= zero && input_val <= one` failed.
/tmp/coulombc/pytorch_build_2021-11-10_08-09-16/avx2/python3.9/pytorch/aten/src/ATen/native/cuda/Loss.cu:104: operator(): block: [16,0,0], thread: [27,0,0] Assertion `input_val >= zero && input_val <= one` failed.
/tmp/coulombc/pytorch_build_2021-11-10_08-09-16/avx2/python3.9/pytorch/aten/src/ATen/native/cuda/Loss.cu:104: operator(): block: [16,0,0], thread: [28,0,0] Assertion `input_val >= zero && input_val <= one` failed.
/tmp/coulombc/pytorch_build_2021-11-10_08-09-16/avx2/python3.9/pytorch/aten/src/ATen/native/cuda/Loss.cu:104: operator(): block: [16,0,0], thread: [29,0,0] Assertion `input_val >= zero && input_val <= one` failed.
/tmp/coulombc/pytorch_build_2021-11-10_08-09-16/avx2/python3.9/pytorch/aten/src/ATen/native/cuda/Loss.cu:104: operator(): block: [16,0,0], thread: [30,0,0] Assertion `input_val >= zero && input_val <= one` failed.
/tmp/coulombc/pytorch_build_2021-11-10_08-09-16/avx2/python3.9/pytorch/aten/src/ATen/native/cuda/Loss.cu:104: operator(): block: [16,0,0], thread: [31,0,0] Assertion `input_val >= zero && input_val <= one` failed.
/tmp/coulombc/pytorch_build_2021-11-10_08-09-16/avx2/python3.9/pytorch/aten/src/ATen/native/cuda/Loss.cu:104: operator(): block: [39,0,0], thread: [0,0,0] Assertion `input_val >= zero && input_val <= one` failed.
/tmp/coulombc/pytorch_build_2021-11-10_08-09-16/avx2/python3.9/pytorch/aten/src/ATen/native/cuda/Loss.cu:104: operator(): block: [39,0,0], thread: [1,0,0] Assertion `input_val >= zero && input_val <= one` failed.
/tmp/coulombc/pytorch_build_2021-11-10_08-09-16/avx2/python3.9/pytorch/aten/src/ATen/native/cuda/Loss.cu:104: operator(): block: [39,0,0], thread: [2,0,0] Assertion `input_val >= zero && input_val <= one` failed.
/tmp/coulombc/pytorch_build_2021-11-10_08-09-16/avx2/python3.9/pytorch/aten/src/ATen/native/cuda/Loss.cu:104: operator(): block: [39,0,0], thread: [3,0,0] Assertion `input_val >= zero && input_val <= one` failed.
/tmp/coulombc/pytorch_build_2021-11-10_08-09-16/avx2/python3.9/pytorch/aten/src/ATen/native/cuda/Loss.cu:104: operator(): block: [39,0,0], thread: [4,0,0] Assertion `input_val >= zero && input_val <= one` failed.
/tmp/coulombc/pytorch_build_2021-11-10_08-09-16/avx2/python3.9/pytorch/aten/src/ATen/native/cuda/Loss.cu:104: operator(): block: [39,0,0], thread: [5,0,0] Assertion `input_val >= zero && input_val <= one` failed.
/tmp/coulombc/pytorch_build_2021-11-10_08-09-16/avx2/python3.9/pytorch/aten/src/ATen/native/cuda/Loss.cu:104: operator(): block: [39,0,0], thread: [6,0,0] Assertion `input_val >= zero && input_val <= one` failed.
/tmp/coulombc/pytorch_build_2021-11-10_08-09-16/avx2/python3.9/pytorch/aten/src/ATen/native/cuda/Loss.cu:104: operator(): block: [39,0,0], thread: [7,0,0] Assertion `input_val >= zero && input_val <= one` failed.
/tmp/coulombc/pytorch_build_2021-11-10_08-09-16/avx2/python3.9/pytorch/aten/src/ATen/native/cuda/Loss.cu:104: operator(): block: [39,0,0], thread: [8,0,0] Assertion `input_val >= zero && input_val <= one` failed.
/tmp/coulombc/pytorch_build_2021-11-10_08-09-16/avx2/python3.9/pytorch/aten/src/ATen/native/cuda/Loss.cu:104: operator(): block: [39,0,0], thread: [9,0,0] Assertion `input_val >= zero && input_val <= one` failed.
/tmp/coulombc/pytorch_build_2021-11-10_08-09-16/avx2/python3.9/pytorch/aten/src/ATen/native/cuda/Loss.cu:104: operator(): block: [39,0,0], thread: [10,0,0] Assertion `input_val >= zero && input_val <= one` failed.
/tmp/coulombc/pytorch_build_2021-11-10_08-09-16/avx2/python3.9/pytorch/aten/src/ATen/native/cuda/Loss.cu:104: operator(): block: [39,0,0], thread: [11,0,0] Assertion `input_val >= zero && input_val <= one` failed.
/tmp/coulombc/pytorch_build_2021-11-10_08-09-16/avx2/python3.9/pytorch/aten/src/ATen/native/cuda/Loss.cu:104: operator(): block: [39,0,0], thread: [12,0,0] Assertion `input_val >= zero && input_val <= one` failed.
/tmp/coulombc/pytorch_build_2021-11-10_08-09-16/avx2/python3.9/pytorch/aten/src/ATen/native/cuda/Loss.cu:104: operator(): block: [39,0,0], thread: [13,0,0] Assertion `input_val >= zero && input_val <= one` failed.
/tmp/coulombc/pytorch_build_2021-11-10_08-09-16/avx2/python3.9/pytorch/aten/src/ATen/native/cuda/Loss.cu:104: operator(): block: [39,0,0], thread: [14,0,0] Assertion `input_val >= zero && input_val <= one` failed.
/tmp/coulombc/pytorch_build_2021-11-10_08-09-16/avx2/python3.9/pytorch/aten/src/ATen/native/cuda/Loss.cu:104: operator(): block: [39,0,0], thread: [15,0,0] Assertion `input_val >= zero && input_val <= one` failed.
/tmp/coulombc/pytorch_build_2021-11-10_08-09-16/avx2/python3.9/pytorch/aten/src/ATen/native/cuda/Loss.cu:104: operator(): block: [39,0,0], thread: [16,0,0] Assertion `input_val >= zero && input_val <= one` failed.
/tmp/coulombc/pytorch_build_2021-11-10_08-09-16/avx2/python3.9/pytorch/aten/src/ATen/native/cuda/Loss.cu:104: operator(): block: [39,0,0], thread: [17,0,0] Assertion `input_val >= zero && input_val <= one` failed.
/tmp/coulombc/pytorch_build_2021-11-10_08-09-16/avx2/python3.9/pytorch/aten/src/ATen/native/cuda/Loss.cu:104: operator(): block: [39,0,0], thread: [18,0,0] Assertion `input_val >= zero && input_val <= one` failed.
/tmp/coulombc/pytorch_build_2021-11-10_08-09-16/avx2/python3.9/pytorch/aten/src/ATen/native/cuda/Loss.cu:104: operator(): block: [39,0,0], thread: [19,0,0] Assertion `input_val >= zero && input_val <= one` failed.
/tmp/coulombc/pytorch_build_2021-11-10_08-09-16/avx2/python3.9/pytorch/aten/src/ATen/native/cuda/Loss.cu:104: operator(): block: [39,0,0], thread: [20,0,0] Assertion `input_val >= zero && input_val <= one` failed.
/tmp/coulombc/pytorch_build_2021-11-10_08-09-16/avx2/python3.9/pytorch/aten/src/ATen/native/cuda/Loss.cu:104: operator(): block: [39,0,0], thread: [21,0,0] Assertion `input_val >= zero && input_val <= one` failed.
/tmp/coulombc/pytorch_build_2021-11-10_08-09-16/avx2/python3.9/pytorch/aten/src/ATen/native/cuda/Loss.cu:104: operator(): block: [39,0,0], thread: [22,0,0] Assertion `input_val >= zero && input_val <= one` failed.
/tmp/coulombc/pytorch_build_2021-11-10_08-09-16/avx2/python3.9/pytorch/aten/src/ATen/native/cuda/Loss.cu:104: operator(): block: [39,0,0], thread: [23,0,0] Assertion `input_val >= zero && input_val <= one` failed.
/tmp/coulombc/pytorch_build_2021-11-10_08-09-16/avx2/python3.9/pytorch/aten/src/ATen/native/cuda/Loss.cu:104: operator(): block: [39,0,0], thread: [24,0,0] Assertion `input_val >= zero && input_val <= one` failed.
/tmp/coulombc/pytorch_build_2021-11-10_08-09-16/avx2/python3.9/pytorch/aten/src/ATen/native/cuda/Loss.cu:104: operator(): block: [39,0,0], thread: [25,0,0] Assertion `input_val >= zero && input_val <= one` failed.
/tmp/coulombc/pytorch_build_2021-11-10_08-09-16/avx2/python3.9/pytorch/aten/src/ATen/native/cuda/Loss.cu:104: operator(): block: [39,0,0], thread: [26,0,0] Assertion `input_val >= zero && input_val <= one` failed.
/tmp/coulombc/pytorch_build_2021-11-10_08-09-16/avx2/python3.9/pytorch/aten/src/ATen/native/cuda/Loss.cu:104: operator(): block: [39,0,0], thread: [27,0,0] Assertion `input_val >= zero && input_val <= one` failed.
/tmp/coulombc/pytorch_build_2021-11-10_08-09-16/avx2/python3.9/pytorch/aten/src/ATen/native/cuda/Loss.cu:104: operator(): block: [39,0,0], thread: [28,0,0] Assertion `input_val >= zero && input_val <= one` failed.
/tmp/coulombc/pytorch_build_2021-11-10_08-09-16/avx2/python3.9/pytorch/aten/src/ATen/native/cuda/Loss.cu:104: operator(): block: [39,0,0], thread: [29,0,0] Assertion `input_val >= zero && input_val <= one` failed.
/tmp/coulombc/pytorch_build_2021-11-10_08-09-16/avx2/python3.9/pytorch/aten/src/ATen/native/cuda/Loss.cu:104: operator(): block: [39,0,0], thread: [30,0,0] Assertion `input_val >= zero && input_val <= one` failed.
/tmp/coulombc/pytorch_build_2021-11-10_08-09-16/avx2/python3.9/pytorch/aten/src/ATen/native/cuda/Loss.cu:104: operator(): block: [39,0,0], thread: [31,0,0] Assertion `input_val >= zero && input_val <= one` failed.
/tmp/coulombc/pytorch_build_2021-11-10_08-09-16/avx2/python3.9/pytorch/aten/src/ATen/native/cuda/Loss.cu:104: operator(): block: [39,0,0], thread: [32,0,0] Assertion `input_val >= zero && input_val <= one` failed.
/tmp/coulombc/pytorch_build_2021-11-10_08-09-16/avx2/python3.9/pytorch/aten/src/ATen/native/cuda/Loss.cu:104: operator(): block: [39,0,0], thread: [33,0,0] Assertion `input_val >= zero && input_val <= one` failed.
/tmp/coulombc/pytorch_build_2021-11-10_08-09-16/avx2/python3.9/pytorch/aten/src/ATen/native/cuda/Loss.cu:104: operator(): block: [39,0,0], thread: [34,0,0] Assertion `input_val >= zero && input_val <= one` failed.
/tmp/coulombc/pytorch_build_2021-11-10_08-09-16/avx2/python3.9/pytorch/aten/src/ATen/native/cuda/Loss.cu:104: operator(): block: [39,0,0], thread: [35,0,0] Assertion `input_val >= zero && input_val <= one` failed.
/tmp/coulombc/pytorch_build_2021-11-10_08-09-16/avx2/python3.9/pytorch/aten/src/ATen/native/cuda/Loss.cu:104: operator(): block: [39,0,0], thread: [36,0,0] Assertion `input_val >= zero && input_val <= one` failed.
/tmp/coulombc/pytorch_build_2021-11-10_08-09-16/avx2/python3.9/pytorch/aten/src/ATen/native/cuda/Loss.cu:104: operator(): block: [39,0,0], thread: [37,0,0] Assertion `input_val >= zero && input_val <= one` failed.
/tmp/coulombc/pytorch_build_2021-11-10_08-09-16/avx2/python3.9/pytorch/aten/src/ATen/native/cuda/Loss.cu:104: operator(): block: [39,0,0], thread: [38,0,0] Assertion `input_val >= zero && input_val <= one` failed.
/tmp/coulombc/pytorch_build_2021-11-10_08-09-16/avx2/python3.9/pytorch/aten/src/ATen/native/cuda/Loss.cu:104: operator(): block: [39,0,0], thread: [39,0,0] Assertion `input_val >= zero && input_val <= one` failed.
/tmp/coulombc/pytorch_build_2021-11-10_08-09-16/avx2/python3.9/pytorch/aten/src/ATen/native/cuda/Loss.cu:104: operator(): block: [39,0,0], thread: [40,0,0] Assertion `input_val >= zero && input_val <= one` failed.
/tmp/coulombc/pytorch_build_2021-11-10_08-09-16/avx2/python3.9/pytorch/aten/src/ATen/native/cuda/Loss.cu:104: operator(): block: [39,0,0], thread: [41,0,0] Assertion `input_val >= zero && input_val <= one` failed.
/tmp/coulombc/pytorch_build_2021-11-10_08-09-16/avx2/python3.9/pytorch/aten/src/ATen/native/cuda/Loss.cu:104: operator(): block: [39,0,0], thread: [42,0,0] Assertion `input_val >= zero && input_val <= one` failed.
/tmp/coulombc/pytorch_build_2021-11-10_08-09-16/avx2/python3.9/pytorch/aten/src/ATen/native/cuda/Loss.cu:104: operator(): block: [39,0,0], thread: [43,0,0] Assertion `input_val >= zero && input_val <= one` failed.
/tmp/coulombc/pytorch_build_2021-11-10_08-09-16/avx2/python3.9/pytorch/aten/src/ATen/native/cuda/Loss.cu:104: operator(): block: [39,0,0], thread: [44,0,0] Assertion `input_val >= zero && input_val <= one` failed.
/tmp/coulombc/pytorch_build_2021-11-10_08-09-16/avx2/python3.9/pytorch/aten/src/ATen/native/cuda/Loss.cu:104: operator(): block: [39,0,0], thread: [45,0,0] Assertion `input_val >= zero && input_val <= one` failed.
/tmp/coulombc/pytorch_build_2021-11-10_08-09-16/avx2/python3.9/pytorch/aten/src/ATen/native/cuda/Loss.cu:104: operator(): block: [39,0,0], thread: [46,0,0] Assertion `input_val >= zero && input_val <= one` failed.
/tmp/coulombc/pytorch_build_2021-11-10_08-09-16/avx2/python3.9/pytorch/aten/src/ATen/native/cuda/Loss.cu:104: operator(): block: [39,0,0], thread: [47,0,0] Assertion `input_val >= zero && input_val <= one` failed.
/tmp/coulombc/pytorch_build_2021-11-10_08-09-16/avx2/python3.9/pytorch/aten/src/ATen/native/cuda/Loss.cu:104: operator(): block: [39,0,0], thread: [48,0,0] Assertion `input_val >= zero && input_val <= one` failed.
/tmp/coulombc/pytorch_build_2021-11-10_08-09-16/avx2/python3.9/pytorch/aten/src/ATen/native/cuda/Loss.cu:104: operator(): block: [39,0,0], thread: [49,0,0] Assertion `input_val >= zero && input_val <= one` failed.
/tmp/coulombc/pytorch_build_2021-11-10_08-09-16/avx2/python3.9/pytorch/aten/src/ATen/native/cuda/Loss.cu:104: operator(): block: [39,0,0], thread: [50,0,0] Assertion `input_val >= zero && input_val <= one` failed.
/tmp/coulombc/pytorch_build_2021-11-10_08-09-16/avx2/python3.9/pytorch/aten/src/ATen/native/cuda/Loss.cu:104: operator(): block: [39,0,0], thread: [51,0,0] Assertion `input_val >= zero && input_val <= one` failed.
/tmp/coulombc/pytorch_build_2021-11-10_08-09-16/avx2/python3.9/pytorch/aten/src/ATen/native/cuda/Loss.cu:104: operator(): block: [39,0,0], thread: [52,0,0] Assertion `input_val >= zero && input_val <= one` failed.
/tmp/coulombc/pytorch_build_2021-11-10_08-09-16/avx2/python3.9/pytorch/aten/src/ATen/native/cuda/Loss.cu:104: operator(): block: [39,0,0], thread: [53,0,0] Assertion `input_val >= zero && input_val <= one` failed.
/tmp/coulombc/pytorch_build_2021-11-10_08-09-16/avx2/python3.9/pytorch/aten/src/ATen/native/cuda/Loss.cu:104: operator(): block: [39,0,0], thread: [54,0,0] Assertion `input_val >= zero && input_val <= one` failed.
/tmp/coulombc/pytorch_build_2021-11-10_08-09-16/avx2/python3.9/pytorch/aten/src/ATen/native/cuda/Loss.cu:104: operator(): block: [39,0,0], thread: [55,0,0] Assertion `input_val >= zero && input_val <= one` failed.
/tmp/coulombc/pytorch_build_2021-11-10_08-09-16/avx2/python3.9/pytorch/aten/src/ATen/native/cuda/Loss.cu:104: operator(): block: [39,0,0], thread: [56,0,0] Assertion `input_val >= zero && input_val <= one` failed.
/tmp/coulombc/pytorch_build_2021-11-10_08-09-16/avx2/python3.9/pytorch/aten/src/ATen/native/cuda/Loss.cu:104: operator(): block: [39,0,0], thread: [57,0,0] Assertion `input_val >= zero && input_val <= one` failed.
/tmp/coulombc/pytorch_build_2021-11-10_08-09-16/avx2/python3.9/pytorch/aten/src/ATen/native/cuda/Loss.cu:104: operator(): block: [39,0,0], thread: [58,0,0] Assertion `input_val >= zero && input_val <= one` failed.
/tmp/coulombc/pytorch_build_2021-11-10_08-09-16/avx2/python3.9/pytorch/aten/src/ATen/native/cuda/Loss.cu:104: operator(): block: [39,0,0], thread: [59,0,0] Assertion `input_val >= zero && input_val <= one` failed.
/tmp/coulombc/pytorch_build_2021-11-10_08-09-16/avx2/python3.9/pytorch/aten/src/ATen/native/cuda/Loss.cu:104: operator(): block: [39,0,0], thread: [60,0,0] Assertion `input_val >= zero && input_val <= one` failed.
/tmp/coulombc/pytorch_build_2021-11-10_08-09-16/avx2/python3.9/pytorch/aten/src/ATen/native/cuda/Loss.cu:104: operator(): block: [39,0,0], thread: [61,0,0] Assertion `input_val >= zero && input_val <= one` failed.
/tmp/coulombc/pytorch_build_2021-11-10_08-09-16/avx2/python3.9/pytorch/aten/src/ATen/native/cuda/Loss.cu:104: operator(): block: [39,0,0], thread: [62,0,0] Assertion `input_val >= zero && input_val <= one` failed.
/tmp/coulombc/pytorch_build_2021-11-10_08-09-16/avx2/python3.9/pytorch/aten/src/ATen/native/cuda/Loss.cu:104: operator(): block: [39,0,0], thread: [63,0,0] Assertion `input_val >= zero && input_val <= one` failed.
/tmp/coulombc/pytorch_build_2021-11-10_08-09-16/avx2/python3.9/pytorch/aten/src/ATen/native/cuda/Loss.cu:104: operator(): block: [20,0,0], thread: [0,0,0] Assertion `input_val >= zero && input_val <= one` failed.
/tmp/coulombc/pytorch_build_2021-11-10_08-09-16/avx2/python3.9/pytorch/aten/src/ATen/native/cuda/Loss.cu:104: operator(): block: [20,0,0], thread: [1,0,0] Assertion `input_val >= zero && input_val <= one` failed.
/tmp/coulombc/pytorch_build_2021-11-10_08-09-16/avx2/python3.9/pytorch/aten/src/ATen/native/cuda/Loss.cu:104: operator(): block: [20,0,0], thread: [2,0,0] Assertion `input_val >= zero && input_val <= one` failed.
/tmp/coulombc/pytorch_build_2021-11-10_08-09-16/avx2/python3.9/pytorch/aten/src/ATen/native/cuda/Loss.cu:104: operator(): block: [20,0,0], thread: [3,0,0] Assertion `input_val >= zero && input_val <= one` failed.
/tmp/coulombc/pytorch_build_2021-11-10_08-09-16/avx2/python3.9/pytorch/aten/src/ATen/native/cuda/Loss.cu:104: operator(): block: [20,0,0], thread: [4,0,0] Assertion `input_val >= zero && input_val <= one` failed.
/tmp/coulombc/pytorch_build_2021-11-10_08-09-16/avx2/python3.9/pytorch/aten/src/ATen/native/cuda/Loss.cu:104: operator(): block: [20,0,0], thread: [5,0,0] Assertion `input_val >= zero && input_val <= one` failed.
/tmp/coulombc/pytorch_build_2021-11-10_08-09-16/avx2/python3.9/pytorch/aten/src/ATen/native/cuda/Loss.cu:104: operator(): block: [20,0,0], thread: [6,0,0] Assertion `input_val >= zero && input_val <= one` failed.
/tmp/coulombc/pytorch_build_2021-11-10_08-09-16/avx2/python3.9/pytorch/aten/src/ATen/native/cuda/Loss.cu:104: operator(): block: [20,0,0], thread: [7,0,0] Assertion `input_val >= zero && input_val <= one` failed.
/tmp/coulombc/pytorch_build_2021-11-10_08-09-16/avx2/python3.9/pytorch/aten/src/ATen/native/cuda/Loss.cu:104: operator(): block: [20,0,0], thread: [8,0,0] Assertion `input_val >= zero && input_val <= one` failed.
/tmp/coulombc/pytorch_build_2021-11-10_08-09-16/avx2/python3.9/pytorch/aten/src/ATen/native/cuda/Loss.cu:104: operator(): block: [20,0,0], thread: [9,0,0] Assertion `input_val >= zero && input_val <= one` failed.
/tmp/coulombc/pytorch_build_2021-11-10_08-09-16/avx2/python3.9/pytorch/aten/src/ATen/native/cuda/Loss.cu:104: operator(): block: [20,0,0], thread: [10,0,0] Assertion `input_val >= zero && input_val <= one` failed.
/tmp/coulombc/pytorch_build_2021-11-10_08-09-16/avx2/python3.9/pytorch/aten/src/ATen/native/cuda/Loss.cu:104: operator(): block: [20,0,0], thread: [11,0,0] Assertion `input_val >= zero && input_val <= one` failed.
/tmp/coulombc/pytorch_build_2021-11-10_08-09-16/avx2/python3.9/pytorch/aten/src/ATen/native/cuda/Loss.cu:104: operator(): block: [20,0,0], thread: [12,0,0] Assertion `input_val >= zero && input_val <= one` failed.
/tmp/coulombc/pytorch_build_2021-11-10_08-09-16/avx2/python3.9/pytorch/aten/src/ATen/native/cuda/Loss.cu:104: operator(): block: [20,0,0], thread: [13,0,0] Assertion `input_val >= zero && input_val <= one` failed.
/tmp/coulombc/pytorch_build_2021-11-10_08-09-16/avx2/python3.9/pytorch/aten/src/ATen/native/cuda/Loss.cu:104: operator(): block: [20,0,0], thread: [14,0,0] Assertion `input_val >= zero && input_val <= one` failed.
/tmp/coulombc/pytorch_build_2021-11-10_08-09-16/avx2/python3.9/pytorch/aten/src/ATen/native/cuda/Loss.cu:104: operator(): block: [20,0,0], thread: [15,0,0] Assertion `input_val >= zero && input_val <= one` failed.
/tmp/coulombc/pytorch_build_2021-11-10_08-09-16/avx2/python3.9/pytorch/aten/src/ATen/native/cuda/Loss.cu:104: operator(): block: [20,0,0], thread: [16,0,0] Assertion `input_val >= zero && input_val <= one` failed.
/tmp/coulombc/pytorch_build_2021-11-10_08-09-16/avx2/python3.9/pytorch/aten/src/ATen/native/cuda/Loss.cu:104: operator(): block: [20,0,0], thread: [17,0,0] Assertion `input_val >= zero && input_val <= one` failed.
/tmp/coulombc/pytorch_build_2021-11-10_08-09-16/avx2/python3.9/pytorch/aten/src/ATen/native/cuda/Loss.cu:104: operator(): block: [20,0,0], thread: [18,0,0] Assertion `input_val >= zero && input_val <= one` failed.
/tmp/coulombc/pytorch_build_2021-11-10_08-09-16/avx2/python3.9/pytorch/aten/src/ATen/native/cuda/Loss.cu:104: operator(): block: [20,0,0], thread: [19,0,0] Assertion `input_val >= zero && input_val <= one` failed.
/tmp/coulombc/pytorch_build_2021-11-10_08-09-16/avx2/python3.9/pytorch/aten/src/ATen/native/cuda/Loss.cu:104: operator(): block: [20,0,0], thread: [20,0,0] Assertion `input_val >= zero && input_val <= one` failed.
/tmp/coulombc/pytorch_build_2021-11-10_08-09-16/avx2/python3.9/pytorch/aten/src/ATen/native/cuda/Loss.cu:104: operator(): block: [20,0,0], thread: [21,0,0] Assertion `input_val >= zero && input_val <= one` failed.
/tmp/coulombc/pytorch_build_2021-11-10_08-09-16/avx2/python3.9/pytorch/aten/src/ATen/native/cuda/Loss.cu:104: operator(): block: [20,0,0], thread: [22,0,0] Assertion `input_val >= zero && input_val <= one` failed.
/tmp/coulombc/pytorch_build_2021-11-10_08-09-16/avx2/python3.9/pytorch/aten/src/ATen/native/cuda/Loss.cu:104: operator(): block: [20,0,0], thread: [23,0,0] Assertion `input_val >= zero && input_val <= one` failed.
/tmp/coulombc/pytorch_build_2021-11-10_08-09-16/avx2/python3.9/pytorch/aten/src/ATen/native/cuda/Loss.cu:104: operator(): block: [20,0,0], thread: [24,0,0] Assertion `input_val >= zero && input_val <= one` failed.
/tmp/coulombc/pytorch_build_2021-11-10_08-09-16/avx2/python3.9/pytorch/aten/src/ATen/native/cuda/Loss.cu:104: operator(): block: [20,0,0], thread: [25,0,0] Assertion `input_val >= zero && input_val <= one` failed.
/tmp/coulombc/pytorch_build_2021-11-10_08-09-16/avx2/python3.9/pytorch/aten/src/ATen/native/cuda/Loss.cu:104: operator(): block: [20,0,0], thread: [26,0,0] Assertion `input_val >= zero && input_val <= one` failed.
/tmp/coulombc/pytorch_build_2021-11-10_08-09-16/avx2/python3.9/pytorch/aten/src/ATen/native/cuda/Loss.cu:104: operator(): block: [20,0,0], thread: [27,0,0] Assertion `input_val >= zero && input_val <= one` failed.
/tmp/coulombc/pytorch_build_2021-11-10_08-09-16/avx2/python3.9/pytorch/aten/src/ATen/native/cuda/Loss.cu:104: operator(): block: [20,0,0], thread: [28,0,0] Assertion `input_val >= zero && input_val <= one` failed.
/tmp/coulombc/pytorch_build_2021-11-10_08-09-16/avx2/python3.9/pytorch/aten/src/ATen/native/cuda/Loss.cu:104: operator(): block: [20,0,0], thread: [29,0,0] Assertion `input_val >= zero && input_val <= one` failed.
/tmp/coulombc/pytorch_build_2021-11-10_08-09-16/avx2/python3.9/pytorch/aten/src/ATen/native/cuda/Loss.cu:104: operator(): block: [20,0,0], thread: [30,0,0] Assertion `input_val >= zero && input_val <= one` failed.
/tmp/coulombc/pytorch_build_2021-11-10_08-09-16/avx2/python3.9/pytorch/aten/src/ATen/native/cuda/Loss.cu:104: operator(): block: [20,0,0], thread: [31,0,0] Assertion `input_val >= zero && input_val <= one` failed.
/tmp/coulombc/pytorch_build_2021-11-10_08-09-16/avx2/python3.9/pytorch/aten/src/ATen/native/cuda/Loss.cu:104: operator(): block: [20,0,0], thread: [32,0,0] Assertion `input_val >= zero && input_val <= one` failed.
/tmp/coulombc/pytorch_build_2021-11-10_08-09-16/avx2/python3.9/pytorch/aten/src/ATen/native/cuda/Loss.cu:104: operator(): block: [20,0,0], thread: [33,0,0] Assertion `input_val >= zero && input_val <= one` failed.
/tmp/coulombc/pytorch_build_2021-11-10_08-09-16/avx2/python3.9/pytorch/aten/src/ATen/native/cuda/Loss.cu:104: operator(): block: [20,0,0], thread: [34,0,0] Assertion `input_val >= zero && input_val <= one` failed.
/tmp/coulombc/pytorch_build_2021-11-10_08-09-16/avx2/python3.9/pytorch/aten/src/ATen/native/cuda/Loss.cu:104: operator(): block: [20,0,0], thread: [35,0,0] Assertion `input_val >= zero && input_val <= one` failed.
/tmp/coulombc/pytorch_build_2021-11-10_08-09-16/avx2/python3.9/pytorch/aten/src/ATen/native/cuda/Loss.cu:104: operator(): block: [20,0,0], thread: [36,0,0] Assertion `input_val >= zero && input_val <= one` failed.
/tmp/coulombc/pytorch_build_2021-11-10_08-09-16/avx2/python3.9/pytorch/aten/src/ATen/native/cuda/Loss.cu:104: operator(): block: [20,0,0], thread: [37,0,0] Assertion `input_val >= zero && input_val <= one` failed.
/tmp/coulombc/pytorch_build_2021-11-10_08-09-16/avx2/python3.9/pytorch/aten/src/ATen/native/cuda/Loss.cu:104: operator(): block: [20,0,0], thread: [38,0,0] Assertion `input_val >= zero && input_val <= one` failed.
/tmp/coulombc/pytorch_build_2021-11-10_08-09-16/avx2/python3.9/pytorch/aten/src/ATen/native/cuda/Loss.cu:104: operator(): block: [20,0,0], thread: [39,0,0] Assertion `input_val >= zero && input_val <= one` failed.
/tmp/coulombc/pytorch_build_2021-11-10_08-09-16/avx2/python3.9/pytorch/aten/src/ATen/native/cuda/Loss.cu:104: operator(): block: [20,0,0], thread: [40,0,0] Assertion `input_val >= zero && input_val <= one` failed.
/tmp/coulombc/pytorch_build_2021-11-10_08-09-16/avx2/python3.9/pytorch/aten/src/ATen/native/cuda/Loss.cu:104: operator(): block: [20,0,0], thread: [41,0,0] Assertion `input_val >= zero && input_val <= one` failed.
/tmp/coulombc/pytorch_build_2021-11-10_08-09-16/avx2/python3.9/pytorch/aten/src/ATen/native/cuda/Loss.cu:104: operator(): block: [20,0,0], thread: [42,0,0] Assertion `input_val >= zero && input_val <= one` failed.
/tmp/coulombc/pytorch_build_2021-11-10_08-09-16/avx2/python3.9/pytorch/aten/src/ATen/native/cuda/Loss.cu:104: operator(): block: [20,0,0], thread: [43,0,0] Assertion `input_val >= zero && input_val <= one` failed.
/tmp/coulombc/pytorch_build_2021-11-10_08-09-16/avx2/python3.9/pytorch/aten/src/ATen/native/cuda/Loss.cu:104: operator(): block: [20,0,0], thread: [44,0,0] Assertion `input_val >= zero && input_val <= one` failed.
/tmp/coulombc/pytorch_build_2021-11-10_08-09-16/avx2/python3.9/pytorch/aten/src/ATen/native/cuda/Loss.cu:104: operator(): block: [20,0,0], thread: [45,0,0] Assertion `input_val >= zero && input_val <= one` failed.
/tmp/coulombc/pytorch_build_2021-11-10_08-09-16/avx2/python3.9/pytorch/aten/src/ATen/native/cuda/Loss.cu:104: operator(): block: [20,0,0], thread: [46,0,0] Assertion `input_val >= zero && input_val <= one` failed.
/tmp/coulombc/pytorch_build_2021-11-10_08-09-16/avx2/python3.9/pytorch/aten/src/ATen/native/cuda/Loss.cu:104: operator(): block: [20,0,0], thread: [47,0,0] Assertion `input_val >= zero && input_val <= one` failed.
/tmp/coulombc/pytorch_build_2021-11-10_08-09-16/avx2/python3.9/pytorch/aten/src/ATen/native/cuda/Loss.cu:104: operator(): block: [20,0,0], thread: [48,0,0] Assertion `input_val >= zero && input_val <= one` failed.
/tmp/coulombc/pytorch_build_2021-11-10_08-09-16/avx2/python3.9/pytorch/aten/src/ATen/native/cuda/Loss.cu:104: operator(): block: [20,0,0], thread: [49,0,0] Assertion `input_val >= zero && input_val <= one` failed.
/tmp/coulombc/pytorch_build_2021-11-10_08-09-16/avx2/python3.9/pytorch/aten/src/ATen/native/cuda/Loss.cu:104: operator(): block: [20,0,0], thread: [50,0,0] Assertion `input_val >= zero && input_val <= one` failed.
/tmp/coulombc/pytorch_build_2021-11-10_08-09-16/avx2/python3.9/pytorch/aten/src/ATen/native/cuda/Loss.cu:104: operator(): block: [20,0,0], thread: [51,0,0] Assertion `input_val >= zero && input_val <= one` failed.
/tmp/coulombc/pytorch_build_2021-11-10_08-09-16/avx2/python3.9/pytorch/aten/src/ATen/native/cuda/Loss.cu:104: operator(): block: [20,0,0], thread: [52,0,0] Assertion `input_val >= zero && input_val <= one` failed.
/tmp/coulombc/pytorch_build_2021-11-10_08-09-16/avx2/python3.9/pytorch/aten/src/ATen/native/cuda/Loss.cu:104: operator(): block: [20,0,0], thread: [53,0,0] Assertion `input_val >= zero && input_val <= one` failed.
/tmp/coulombc/pytorch_build_2021-11-10_08-09-16/avx2/python3.9/pytorch/aten/src/ATen/native/cuda/Loss.cu:104: operator(): block: [20,0,0], thread: [54,0,0] Assertion `input_val >= zero && input_val <= one` failed.
/tmp/coulombc/pytorch_build_2021-11-10_08-09-16/avx2/python3.9/pytorch/aten/src/ATen/native/cuda/Loss.cu:104: operator(): block: [20,0,0], thread: [55,0,0] Assertion `input_val >= zero && input_val <= one` failed.
/tmp/coulombc/pytorch_build_2021-11-10_08-09-16/avx2/python3.9/pytorch/aten/src/ATen/native/cuda/Loss.cu:104: operator(): block: [20,0,0], thread: [56,0,0] Assertion `input_val >= zero && input_val <= one` failed.
/tmp/coulombc/pytorch_build_2021-11-10_08-09-16/avx2/python3.9/pytorch/aten/src/ATen/native/cuda/Loss.cu:104: operator(): block: [20,0,0], thread: [57,0,0] Assertion `input_val >= zero && input_val <= one` failed.
/tmp/coulombc/pytorch_build_2021-11-10_08-09-16/avx2/python3.9/pytorch/aten/src/ATen/native/cuda/Loss.cu:104: operator(): block: [20,0,0], thread: [58,0,0] Assertion `input_val >= zero && input_val <= one` failed.
/tmp/coulombc/pytorch_build_2021-11-10_08-09-16/avx2/python3.9/pytorch/aten/src/ATen/native/cuda/Loss.cu:104: operator(): block: [20,0,0], thread: [59,0,0] Assertion `input_val >= zero && input_val <= one` failed.
/tmp/coulombc/pytorch_build_2021-11-10_08-09-16/avx2/python3.9/pytorch/aten/src/ATen/native/cuda/Loss.cu:104: operator(): block: [20,0,0], thread: [60,0,0] Assertion `input_val >= zero && input_val <= one` failed.
/tmp/coulombc/pytorch_build_2021-11-10_08-09-16/avx2/python3.9/pytorch/aten/src/ATen/native/cuda/Loss.cu:104: operator(): block: [20,0,0], thread: [61,0,0] Assertion `input_val >= zero && input_val <= one` failed.
/tmp/coulombc/pytorch_build_2021-11-10_08-09-16/avx2/python3.9/pytorch/aten/src/ATen/native/cuda/Loss.cu:104: operator(): block: [20,0,0], thread: [62,0,0] Assertion `input_val >= zero && input_val <= one` failed.
/tmp/coulombc/pytorch_build_2021-11-10_08-09-16/avx2/python3.9/pytorch/aten/src/ATen/native/cuda/Loss.cu:104: operator(): block: [20,0,0], thread: [63,0,0] Assertion `input_val >= zero && input_val <= one` failed.
/tmp/coulombc/pytorch_build_2021-11-10_08-09-16/avx2/python3.9/pytorch/aten/src/ATen/native/cuda/Loss.cu:104: operator(): block: [1,0,0], thread: [32,0,0] Assertion `input_val >= zero && input_val <= one` failed.
/tmp/coulombc/pytorch_build_2021-11-10_08-09-16/avx2/python3.9/pytorch/aten/src/ATen/native/cuda/Loss.cu:104: operator(): block: [1,0,0], thread: [33,0,0] Assertion `input_val >= zero && input_val <= one` failed.
/tmp/coulombc/pytorch_build_2021-11-10_08-09-16/avx2/python3.9/pytorch/aten/src/ATen/native/cuda/Loss.cu:104: operator(): block: [1,0,0], thread: [34,0,0] Assertion `input_val >= zero && input_val <= one` failed.
/tmp/coulombc/pytorch_build_2021-11-10_08-09-16/avx2/python3.9/pytorch/aten/src/ATen/native/cuda/Loss.cu:104: operator(): block: [1,0,0], thread: [35,0,0] Assertion `input_val >= zero && input_val <= one` failed.
/tmp/coulombc/pytorch_build_2021-11-10_08-09-16/avx2/python3.9/pytorch/aten/src/ATen/native/cuda/Loss.cu:104: operator(): block: [1,0,0], thread: [36,0,0] Assertion `input_val >= zero && input_val <= one` failed.
/tmp/coulombc/pytorch_build_2021-11-10_08-09-16/avx2/python3.9/pytorch/aten/src/ATen/native/cuda/Loss.cu:104: operator(): block: [1,0,0], thread: [37,0,0] Assertion `input_val >= zero && input_val <= one` failed.
/tmp/coulombc/pytorch_build_2021-11-10_08-09-16/avx2/python3.9/pytorch/aten/src/ATen/native/cuda/Loss.cu:104: operator(): block: [1,0,0], thread: [38,0,0] Assertion `input_val >= zero && input_val <= one` failed.
/tmp/coulombc/pytorch_build_2021-11-10_08-09-16/avx2/python3.9/pytorch/aten/src/ATen/native/cuda/Loss.cu:104: operator(): block: [1,0,0], thread: [39,0,0] Assertion `input_val >= zero && input_val <= one` failed.
/tmp/coulombc/pytorch_build_2021-11-10_08-09-16/avx2/python3.9/pytorch/aten/src/ATen/native/cuda/Loss.cu:104: operator(): block: [1,0,0], thread: [40,0,0] Assertion `input_val >= zero && input_val <= one` failed.
/tmp/coulombc/pytorch_build_2021-11-10_08-09-16/avx2/python3.9/pytorch/aten/src/ATen/native/cuda/Loss.cu:104: operator(): block: [1,0,0], thread: [41,0,0] Assertion `input_val >= zero && input_val <= one` failed.
/tmp/coulombc/pytorch_build_2021-11-10_08-09-16/avx2/python3.9/pytorch/aten/src/ATen/native/cuda/Loss.cu:104: operator(): block: [1,0,0], thread: [42,0,0] Assertion `input_val >= zero && input_val <= one` failed.
/tmp/coulombc/pytorch_build_2021-11-10_08-09-16/avx2/python3.9/pytorch/aten/src/ATen/native/cuda/Loss.cu:104: operator(): block: [1,0,0], thread: [43,0,0] Assertion `input_val >= zero && input_val <= one` failed.
/tmp/coulombc/pytorch_build_2021-11-10_08-09-16/avx2/python3.9/pytorch/aten/src/ATen/native/cuda/Loss.cu:104: operator(): block: [1,0,0], thread: [44,0,0] Assertion `input_val >= zero && input_val <= one` failed.
/tmp/coulombc/pytorch_build_2021-11-10_08-09-16/avx2/python3.9/pytorch/aten/src/ATen/native/cuda/Loss.cu:104: operator(): block: [1,0,0], thread: [45,0,0] Assertion `input_val >= zero && input_val <= one` failed.
/tmp/coulombc/pytorch_build_2021-11-10_08-09-16/avx2/python3.9/pytorch/aten/src/ATen/native/cuda/Loss.cu:104: operator(): block: [1,0,0], thread: [46,0,0] Assertion `input_val >= zero && input_val <= one` failed.
/tmp/coulombc/pytorch_build_2021-11-10_08-09-16/avx2/python3.9/pytorch/aten/src/ATen/native/cuda/Loss.cu:104: operator(): block: [1,0,0], thread: [47,0,0] Assertion `input_val >= zero && input_val <= one` failed.
/tmp/coulombc/pytorch_build_2021-11-10_08-09-16/avx2/python3.9/pytorch/aten/src/ATen/native/cuda/Loss.cu:104: operator(): block: [1,0,0], thread: [48,0,0] Assertion `input_val >= zero && input_val <= one` failed.
/tmp/coulombc/pytorch_build_2021-11-10_08-09-16/avx2/python3.9/pytorch/aten/src/ATen/native/cuda/Loss.cu:104: operator(): block: [1,0,0], thread: [49,0,0] Assertion `input_val >= zero && input_val <= one` failed.
/tmp/coulombc/pytorch_build_2021-11-10_08-09-16/avx2/python3.9/pytorch/aten/src/ATen/native/cuda/Loss.cu:104: operator(): block: [1,0,0], thread: [50,0,0] Assertion `input_val >= zero && input_val <= one` failed.
/tmp/coulombc/pytorch_build_2021-11-10_08-09-16/avx2/python3.9/pytorch/aten/src/ATen/native/cuda/Loss.cu:104: operator(): block: [1,0,0], thread: [51,0,0] Assertion `input_val >= zero && input_val <= one` failed.
/tmp/coulombc/pytorch_build_2021-11-10_08-09-16/avx2/python3.9/pytorch/aten/src/ATen/native/cuda/Loss.cu:104: operator(): block: [1,0,0], thread: [52,0,0] Assertion `input_val >= zero && input_val <= one` failed.
/tmp/coulombc/pytorch_build_2021-11-10_08-09-16/avx2/python3.9/pytorch/aten/src/ATen/native/cuda/Loss.cu:104: operator(): block: [1,0,0], thread: [53,0,0] Assertion `input_val >= zero && input_val <= one` failed.
/tmp/coulombc/pytorch_build_2021-11-10_08-09-16/avx2/python3.9/pytorch/aten/src/ATen/native/cuda/Loss.cu:104: operator(): block: [1,0,0], thread: [54,0,0] Assertion `input_val >= zero && input_val <= one` failed.
/tmp/coulombc/pytorch_build_2021-11-10_08-09-16/avx2/python3.9/pytorch/aten/src/ATen/native/cuda/Loss.cu:104: operator(): block: [1,0,0], thread: [55,0,0] Assertion `input_val >= zero && input_val <= one` failed.
/tmp/coulombc/pytorch_build_2021-11-10_08-09-16/avx2/python3.9/pytorch/aten/src/ATen/native/cuda/Loss.cu:104: operator(): block: [1,0,0], thread: [56,0,0] Assertion `input_val >= zero && input_val <= one` failed.
/tmp/coulombc/pytorch_build_2021-11-10_08-09-16/avx2/python3.9/pytorch/aten/src/ATen/native/cuda/Loss.cu:104: operator(): block: [1,0,0], thread: [57,0,0] Assertion `input_val >= zero && input_val <= one` failed.
/tmp/coulombc/pytorch_build_2021-11-10_08-09-16/avx2/python3.9/pytorch/aten/src/ATen/native/cuda/Loss.cu:104: operator(): block: [1,0,0], thread: [58,0,0] Assertion `input_val >= zero && input_val <= one` failed.
/tmp/coulombc/pytorch_build_2021-11-10_08-09-16/avx2/python3.9/pytorch/aten/src/ATen/native/cuda/Loss.cu:104: operator(): block: [1,0,0], thread: [59,0,0] Assertion `input_val >= zero && input_val <= one` failed.
/tmp/coulombc/pytorch_build_2021-11-10_08-09-16/avx2/python3.9/pytorch/aten/src/ATen/native/cuda/Loss.cu:104: operator(): block: [1,0,0], thread: [60,0,0] Assertion `input_val >= zero && input_val <= one` failed.
/tmp/coulombc/pytorch_build_2021-11-10_08-09-16/avx2/python3.9/pytorch/aten/src/ATen/native/cuda/Loss.cu:104: operator(): block: [1,0,0], thread: [61,0,0] Assertion `input_val >= zero && input_val <= one` failed.
/tmp/coulombc/pytorch_build_2021-11-10_08-09-16/avx2/python3.9/pytorch/aten/src/ATen/native/cuda/Loss.cu:104: operator(): block: [1,0,0], thread: [62,0,0] Assertion `input_val >= zero && input_val <= one` failed.
/tmp/coulombc/pytorch_build_2021-11-10_08-09-16/avx2/python3.9/pytorch/aten/src/ATen/native/cuda/Loss.cu:104: operator(): block: [1,0,0], thread: [63,0,0] Assertion `input_val >= zero && input_val <= one` failed.
/tmp/coulombc/pytorch_build_2021-11-10_08-09-16/avx2/python3.9/pytorch/aten/src/ATen/native/cuda/Loss.cu:104: operator(): block: [19,0,0], thread: [0,0,0] Assertion `input_val >= zero && input_val <= one` failed.
/tmp/coulombc/pytorch_build_2021-11-10_08-09-16/avx2/python3.9/pytorch/aten/src/ATen/native/cuda/Loss.cu:104: operator(): block: [19,0,0], thread: [1,0,0] Assertion `input_val >= zero && input_val <= one` failed.
/tmp/coulombc/pytorch_build_2021-11-10_08-09-16/avx2/python3.9/pytorch/aten/src/ATen/native/cuda/Loss.cu:104: operator(): block: [19,0,0], thread: [2,0,0] Assertion `input_val >= zero && input_val <= one` failed.
/tmp/coulombc/pytorch_build_2021-11-10_08-09-16/avx2/python3.9/pytorch/aten/src/ATen/native/cuda/Loss.cu:104: operator(): block: [19,0,0], thread: [3,0,0] Assertion `input_val >= zero && input_val <= one` failed.
/tmp/coulombc/pytorch_build_2021-11-10_08-09-16/avx2/python3.9/pytorch/aten/src/ATen/native/cuda/Loss.cu:104: operator(): block: [19,0,0], thread: [4,0,0] Assertion `input_val >= zero && input_val <= one` failed.
/tmp/coulombc/pytorch_build_2021-11-10_08-09-16/avx2/python3.9/pytorch/aten/src/ATen/native/cuda/Loss.cu:104: operator(): block: [19,0,0], thread: [5,0,0] Assertion `input_val >= zero && input_val <= one` failed.
/tmp/coulombc/pytorch_build_2021-11-10_08-09-16/avx2/python3.9/pytorch/aten/src/ATen/native/cuda/Loss.cu:104: operator(): block: [19,0,0], thread: [6,0,0] Assertion `input_val >= zero && input_val <= one` failed.
/tmp/coulombc/pytorch_build_2021-11-10_08-09-16/avx2/python3.9/pytorch/aten/src/ATen/native/cuda/Loss.cu:104: operator(): block: [19,0,0], thread: [7,0,0] Assertion `input_val >= zero && input_val <= one` failed.
/tmp/coulombc/pytorch_build_2021-11-10_08-09-16/avx2/python3.9/pytorch/aten/src/ATen/native/cuda/Loss.cu:104: operator(): block: [19,0,0], thread: [8,0,0] Assertion `input_val >= zero && input_val <= one` failed.
/tmp/coulombc/pytorch_build_2021-11-10_08-09-16/avx2/python3.9/pytorch/aten/src/ATen/native/cuda/Loss.cu:104: operator(): block: [19,0,0], thread: [9,0,0] Assertion `input_val >= zero && input_val <= one` failed.
/tmp/coulombc/pytorch_build_2021-11-10_08-09-16/avx2/python3.9/pytorch/aten/src/ATen/native/cuda/Loss.cu:104: operator(): block: [19,0,0], thread: [10,0,0] Assertion `input_val >= zero && input_val <= one` failed.
/tmp/coulombc/pytorch_build_2021-11-10_08-09-16/avx2/python3.9/pytorch/aten/src/ATen/native/cuda/Loss.cu:104: operator(): block: [19,0,0], thread: [11,0,0] Assertion `input_val >= zero && input_val <= one` failed.
/tmp/coulombc/pytorch_build_2021-11-10_08-09-16/avx2/python3.9/pytorch/aten/src/ATen/native/cuda/Loss.cu:104: operator(): block: [19,0,0], thread: [12,0,0] Assertion `input_val >= zero && input_val <= one` failed.
/tmp/coulombc/pytorch_build_2021-11-10_08-09-16/avx2/python3.9/pytorch/aten/src/ATen/native/cuda/Loss.cu:104: operator(): block: [19,0,0], thread: [13,0,0] Assertion `input_val >= zero && input_val <= one` failed.
/tmp/coulombc/pytorch_build_2021-11-10_08-09-16/avx2/python3.9/pytorch/aten/src/ATen/native/cuda/Loss.cu:104: operator(): block: [19,0,0], thread: [14,0,0] Assertion `input_val >= zero && input_val <= one` failed.
/tmp/coulombc/pytorch_build_2021-11-10_08-09-16/avx2/python3.9/pytorch/aten/src/ATen/native/cuda/Loss.cu:104: operator(): block: [19,0,0], thread: [15,0,0] Assertion `input_val >= zero && input_val <= one` failed.
/tmp/coulombc/pytorch_build_2021-11-10_08-09-16/avx2/python3.9/pytorch/aten/src/ATen/native/cuda/Loss.cu:104: operator(): block: [19,0,0], thread: [16,0,0] Assertion `input_val >= zero && input_val <= one` failed.
/tmp/coulombc/pytorch_build_2021-11-10_08-09-16/avx2/python3.9/pytorch/aten/src/ATen/native/cuda/Loss.cu:104: operator(): block: [19,0,0], thread: [17,0,0] Assertion `input_val >= zero && input_val <= one` failed.
/tmp/coulombc/pytorch_build_2021-11-10_08-09-16/avx2/python3.9/pytorch/aten/src/ATen/native/cuda/Loss.cu:104: operator(): block: [19,0,0], thread: [18,0,0] Assertion `input_val >= zero && input_val <= one` failed.
/tmp/coulombc/pytorch_build_2021-11-10_08-09-16/avx2/python3.9/pytorch/aten/src/ATen/native/cuda/Loss.cu:104: operator(): block: [19,0,0], thread: [19,0,0] Assertion `input_val >= zero && input_val <= one` failed.
/tmp/coulombc/pytorch_build_2021-11-10_08-09-16/avx2/python3.9/pytorch/aten/src/ATen/native/cuda/Loss.cu:104: operator(): block: [19,0,0], thread: [20,0,0] Assertion `input_val >= zero && input_val <= one` failed.
/tmp/coulombc/pytorch_build_2021-11-10_08-09-16/avx2/python3.9/pytorch/aten/src/ATen/native/cuda/Loss.cu:104: operator(): block: [19,0,0], thread: [21,0,0] Assertion `input_val >= zero && input_val <= one` failed.
/tmp/coulombc/pytorch_build_2021-11-10_08-09-16/avx2/python3.9/pytorch/aten/src/ATen/native/cuda/Loss.cu:104: operator(): block: [19,0,0], thread: [22,0,0] Assertion `input_val >= zero && input_val <= one` failed.
/tmp/coulombc/pytorch_build_2021-11-10_08-09-16/avx2/python3.9/pytorch/aten/src/ATen/native/cuda/Loss.cu:104: operator(): block: [19,0,0], thread: [23,0,0] Assertion `input_val >= zero && input_val <= one` failed.
/tmp/coulombc/pytorch_build_2021-11-10_08-09-16/avx2/python3.9/pytorch/aten/src/ATen/native/cuda/Loss.cu:104: operator(): block: [19,0,0], thread: [24,0,0] Assertion `input_val >= zero && input_val <= one` failed.
/tmp/coulombc/pytorch_build_2021-11-10_08-09-16/avx2/python3.9/pytorch/aten/src/ATen/native/cuda/Loss.cu:104: operator(): block: [19,0,0], thread: [25,0,0] Assertion `input_val >= zero && input_val <= one` failed.
/tmp/coulombc/pytorch_build_2021-11-10_08-09-16/avx2/python3.9/pytorch/aten/src/ATen/native/cuda/Loss.cu:104: operator(): block: [19,0,0], thread: [26,0,0] Assertion `input_val >= zero && input_val <= one` failed.
/tmp/coulombc/pytorch_build_2021-11-10_08-09-16/avx2/python3.9/pytorch/aten/src/ATen/native/cuda/Loss.cu:104: operator(): block: [19,0,0], thread: [27,0,0] Assertion `input_val >= zero && input_val <= one` failed.
/tmp/coulombc/pytorch_build_2021-11-10_08-09-16/avx2/python3.9/pytorch/aten/src/ATen/native/cuda/Loss.cu:104: operator(): block: [19,0,0], thread: [28,0,0] Assertion `input_val >= zero && input_val <= one` failed.
/tmp/coulombc/pytorch_build_2021-11-10_08-09-16/avx2/python3.9/pytorch/aten/src/ATen/native/cuda/Loss.cu:104: operator(): block: [19,0,0], thread: [29,0,0] Assertion `input_val >= zero && input_val <= one` failed.
/tmp/coulombc/pytorch_build_2021-11-10_08-09-16/avx2/python3.9/pytorch/aten/src/ATen/native/cuda/Loss.cu:104: operator(): block: [19,0,0], thread: [30,0,0] Assertion `input_val >= zero && input_val <= one` failed.
/tmp/coulombc/pytorch_build_2021-11-10_08-09-16/avx2/python3.9/pytorch/aten/src/ATen/native/cuda/Loss.cu:104: operator(): block: [19,0,0], thread: [31,0,0] Assertion `input_val >= zero && input_val <= one` failed.
/tmp/coulombc/pytorch_build_2021-11-10_08-09-16/avx2/python3.9/pytorch/aten/src/ATen/native/cuda/Loss.cu:104: operator(): block: [1,0,0], thread: [0,0,0] Assertion `input_val >= zero && input_val <= one` failed.
/tmp/coulombc/pytorch_build_2021-11-10_08-09-16/avx2/python3.9/pytorch/aten/src/ATen/native/cuda/Loss.cu:104: operator(): block: [1,0,0], thread: [1,0,0] Assertion `input_val >= zero && input_val <= one` failed.
/tmp/coulombc/pytorch_build_2021-11-10_08-09-16/avx2/python3.9/pytorch/aten/src/ATen/native/cuda/Loss.cu:104: operator(): block: [1,0,0], thread: [2,0,0] Assertion `input_val >= zero && input_val <= one` failed.
/tmp/coulombc/pytorch_build_2021-11-10_08-09-16/avx2/python3.9/pytorch/aten/src/ATen/native/cuda/Loss.cu:104: operator(): block: [1,0,0], thread: [3,0,0] Assertion `input_val >= zero && input_val <= one` failed.
/tmp/coulombc/pytorch_build_2021-11-10_08-09-16/avx2/python3.9/pytorch/aten/src/ATen/native/cuda/Loss.cu:104: operator(): block: [1,0,0], thread: [4,0,0] Assertion `input_val >= zero && input_val <= one` failed.
/tmp/coulombc/pytorch_build_2021-11-10_08-09-16/avx2/python3.9/pytorch/aten/src/ATen/native/cuda/Loss.cu:104: operator(): block: [1,0,0], thread: [5,0,0] Assertion `input_val >= zero && input_val <= one` failed.
/tmp/coulombc/pytorch_build_2021-11-10_08-09-16/avx2/python3.9/pytorch/aten/src/ATen/native/cuda/Loss.cu:104: operator(): block: [1,0,0], thread: [6,0,0] Assertion `input_val >= zero && input_val <= one` failed.
/tmp/coulombc/pytorch_build_2021-11-10_08-09-16/avx2/python3.9/pytorch/aten/src/ATen/native/cuda/Loss.cu:104: operator(): block: [1,0,0], thread: [7,0,0] Assertion `input_val >= zero && input_val <= one` failed.
/tmp/coulombc/pytorch_build_2021-11-10_08-09-16/avx2/python3.9/pytorch/aten/src/ATen/native/cuda/Loss.cu:104: operator(): block: [1,0,0], thread: [8,0,0] Assertion `input_val >= zero && input_val <= one` failed.
/tmp/coulombc/pytorch_build_2021-11-10_08-09-16/avx2/python3.9/pytorch/aten/src/ATen/native/cuda/Loss.cu:104: operator(): block: [1,0,0], thread: [9,0,0] Assertion `input_val >= zero && input_val <= one` failed.
/tmp/coulombc/pytorch_build_2021-11-10_08-09-16/avx2/python3.9/pytorch/aten/src/ATen/native/cuda/Loss.cu:104: operator(): block: [1,0,0], thread: [10,0,0] Assertion `input_val >= zero && input_val <= one` failed.
/tmp/coulombc/pytorch_build_2021-11-10_08-09-16/avx2/python3.9/pytorch/aten/src/ATen/native/cuda/Loss.cu:104: operator(): block: [1,0,0], thread: [11,0,0] Assertion `input_val >= zero && input_val <= one` failed.
/tmp/coulombc/pytorch_build_2021-11-10_08-09-16/avx2/python3.9/pytorch/aten/src/ATen/native/cuda/Loss.cu:104: operator(): block: [1,0,0], thread: [12,0,0] Assertion `input_val >= zero && input_val <= one` failed.
/tmp/coulombc/pytorch_build_2021-11-10_08-09-16/avx2/python3.9/pytorch/aten/src/ATen/native/cuda/Loss.cu:104: operator(): block: [1,0,0], thread: [13,0,0] Assertion `input_val >= zero && input_val <= one` failed.
/tmp/coulombc/pytorch_build_2021-11-10_08-09-16/avx2/python3.9/pytorch/aten/src/ATen/native/cuda/Loss.cu:104: operator(): block: [1,0,0], thread: [14,0,0] Assertion `input_val >= zero && input_val <= one` failed.
/tmp/coulombc/pytorch_build_2021-11-10_08-09-16/avx2/python3.9/pytorch/aten/src/ATen/native/cuda/Loss.cu:104: operator(): block: [1,0,0], thread: [15,0,0] Assertion `input_val >= zero && input_val <= one` failed.
/tmp/coulombc/pytorch_build_2021-11-10_08-09-16/avx2/python3.9/pytorch/aten/src/ATen/native/cuda/Loss.cu:104: operator(): block: [1,0,0], thread: [16,0,0] Assertion `input_val >= zero && input_val <= one` failed.
/tmp/coulombc/pytorch_build_2021-11-10_08-09-16/avx2/python3.9/pytorch/aten/src/ATen/native/cuda/Loss.cu:104: operator(): block: [1,0,0], thread: [17,0,0] Assertion `input_val >= zero && input_val <= one` failed.
/tmp/coulombc/pytorch_build_2021-11-10_08-09-16/avx2/python3.9/pytorch/aten/src/ATen/native/cuda/Loss.cu:104: operator(): block: [1,0,0], thread: [18,0,0] Assertion `input_val >= zero && input_val <= one` failed.
/tmp/coulombc/pytorch_build_2021-11-10_08-09-16/avx2/python3.9/pytorch/aten/src/ATen/native/cuda/Loss.cu:104: operator(): block: [1,0,0], thread: [19,0,0] Assertion `input_val >= zero && input_val <= one` failed.
/tmp/coulombc/pytorch_build_2021-11-10_08-09-16/avx2/python3.9/pytorch/aten/src/ATen/native/cuda/Loss.cu:104: operator(): block: [1,0,0], thread: [20,0,0] Assertion `input_val >= zero && input_val <= one` failed.
/tmp/coulombc/pytorch_build_2021-11-10_08-09-16/avx2/python3.9/pytorch/aten/src/ATen/native/cuda/Loss.cu:104: operator(): block: [1,0,0], thread: [21,0,0] Assertion `input_val >= zero && input_val <= one` failed.
/tmp/coulombc/pytorch_build_2021-11-10_08-09-16/avx2/python3.9/pytorch/aten/src/ATen/native/cuda/Loss.cu:104: operator(): block: [1,0,0], thread: [22,0,0] Assertion `input_val >= zero && input_val <= one` failed.
/tmp/coulombc/pytorch_build_2021-11-10_08-09-16/avx2/python3.9/pytorch/aten/src/ATen/native/cuda/Loss.cu:104: operator(): block: [1,0,0], thread: [23,0,0] Assertion `input_val >= zero && input_val <= one` failed.
/tmp/coulombc/pytorch_build_2021-11-10_08-09-16/avx2/python3.9/pytorch/aten/src/ATen/native/cuda/Loss.cu:104: operator(): block: [1,0,0], thread: [24,0,0] Assertion `input_val >= zero && input_val <= one` failed.
/tmp/coulombc/pytorch_build_2021-11-10_08-09-16/avx2/python3.9/pytorch/aten/src/ATen/native/cuda/Loss.cu:104: operator(): block: [1,0,0], thread: [25,0,0] Assertion `input_val >= zero && input_val <= one` failed.
/tmp/coulombc/pytorch_build_2021-11-10_08-09-16/avx2/python3.9/pytorch/aten/src/ATen/native/cuda/Loss.cu:104: operator(): block: [1,0,0], thread: [26,0,0] Assertion `input_val >= zero && input_val <= one` failed.
/tmp/coulombc/pytorch_build_2021-11-10_08-09-16/avx2/python3.9/pytorch/aten/src/ATen/native/cuda/Loss.cu:104: operator(): block: [1,0,0], thread: [27,0,0] Assertion `input_val >= zero && input_val <= one` failed.
/tmp/coulombc/pytorch_build_2021-11-10_08-09-16/avx2/python3.9/pytorch/aten/src/ATen/native/cuda/Loss.cu:104: operator(): block: [1,0,0], thread: [28,0,0] Assertion `input_val >= zero && input_val <= one` failed.
/tmp/coulombc/pytorch_build_2021-11-10_08-09-16/avx2/python3.9/pytorch/aten/src/ATen/native/cuda/Loss.cu:104: operator(): block: [1,0,0], thread: [29,0,0] Assertion `input_val >= zero && input_val <= one` failed.
/tmp/coulombc/pytorch_build_2021-11-10_08-09-16/avx2/python3.9/pytorch/aten/src/ATen/native/cuda/Loss.cu:104: operator(): block: [1,0,0], thread: [30,0,0] Assertion `input_val >= zero && input_val <= one` failed.
/tmp/coulombc/pytorch_build_2021-11-10_08-09-16/avx2/python3.9/pytorch/aten/src/ATen/native/cuda/Loss.cu:104: operator(): block: [1,0,0], thread: [31,0,0] Assertion `input_val >= zero && input_val <= one` failed.
/tmp/coulombc/pytorch_build_2021-11-10_08-09-16/avx2/python3.9/pytorch/aten/src/ATen/native/cuda/Loss.cu:104: operator(): block: [4,0,0], thread: [0,0,0] Assertion `input_val >= zero && input_val <= one` failed.
/tmp/coulombc/pytorch_build_2021-11-10_08-09-16/avx2/python3.9/pytorch/aten/src/ATen/native/cuda/Loss.cu:104: operator(): block: [4,0,0], thread: [1,0,0] Assertion `input_val >= zero && input_val <= one` failed.
/tmp/coulombc/pytorch_build_2021-11-10_08-09-16/avx2/python3.9/pytorch/aten/src/ATen/native/cuda/Loss.cu:104: operator(): block: [4,0,0], thread: [2,0,0] Assertion `input_val >= zero && input_val <= one` failed.
/tmp/coulombc/pytorch_build_2021-11-10_08-09-16/avx2/python3.9/pytorch/aten/src/ATen/native/cuda/Loss.cu:104: operator(): block: [4,0,0], thread: [3,0,0] Assertion `input_val >= zero && input_val <= one` failed.
/tmp/coulombc/pytorch_build_2021-11-10_08-09-16/avx2/python3.9/pytorch/aten/src/ATen/native/cuda/Loss.cu:104: operator(): block: [4,0,0], thread: [4,0,0] Assertion `input_val >= zero && input_val <= one` failed.
/tmp/coulombc/pytorch_build_2021-11-10_08-09-16/avx2/python3.9/pytorch/aten/src/ATen/native/cuda/Loss.cu:104: operator(): block: [4,0,0], thread: [5,0,0] Assertion `input_val >= zero && input_val <= one` failed.
/tmp/coulombc/pytorch_build_2021-11-10_08-09-16/avx2/python3.9/pytorch/aten/src/ATen/native/cuda/Loss.cu:104: operator(): block: [4,0,0], thread: [6,0,0] Assertion `input_val >= zero && input_val <= one` failed.
/tmp/coulombc/pytorch_build_2021-11-10_08-09-16/avx2/python3.9/pytorch/aten/src/ATen/native/cuda/Loss.cu:104: operator(): block: [4,0,0], thread: [7,0,0] Assertion `input_val >= zero && input_val <= one` failed.
/tmp/coulombc/pytorch_build_2021-11-10_08-09-16/avx2/python3.9/pytorch/aten/src/ATen/native/cuda/Loss.cu:104: operator(): block: [4,0,0], thread: [8,0,0] Assertion `input_val >= zero && input_val <= one` failed.
/tmp/coulombc/pytorch_build_2021-11-10_08-09-16/avx2/python3.9/pytorch/aten/src/ATen/native/cuda/Loss.cu:104: operator(): block: [4,0,0], thread: [9,0,0] Assertion `input_val >= zero && input_val <= one` failed.
/tmp/coulombc/pytorch_build_2021-11-10_08-09-16/avx2/python3.9/pytorch/aten/src/ATen/native/cuda/Loss.cu:104: operator(): block: [4,0,0], thread: [10,0,0] Assertion `input_val >= zero && input_val <= one` failed.
/tmp/coulombc/pytorch_build_2021-11-10_08-09-16/avx2/python3.9/pytorch/aten/src/ATen/native/cuda/Loss.cu:104: operator(): block: [4,0,0], thread: [11,0,0] Assertion `input_val >= zero && input_val <= one` failed.
/tmp/coulombc/pytorch_build_2021-11-10_08-09-16/avx2/python3.9/pytorch/aten/src/ATen/native/cuda/Loss.cu:104: operator(): block: [4,0,0], thread: [12,0,0] Assertion `input_val >= zero && input_val <= one` failed.
/tmp/coulombc/pytorch_build_2021-11-10_08-09-16/avx2/python3.9/pytorch/aten/src/ATen/native/cuda/Loss.cu:104: operator(): block: [4,0,0], thread: [13,0,0] Assertion `input_val >= zero && input_val <= one` failed.
/tmp/coulombc/pytorch_build_2021-11-10_08-09-16/avx2/python3.9/pytorch/aten/src/ATen/native/cuda/Loss.cu:104: operator(): block: [4,0,0], thread: [14,0,0] Assertion `input_val >= zero && input_val <= one` failed.
/tmp/coulombc/pytorch_build_2021-11-10_08-09-16/avx2/python3.9/pytorch/aten/src/ATen/native/cuda/Loss.cu:104: operator(): block: [4,0,0], thread: [15,0,0] Assertion `input_val >= zero && input_val <= one` failed.
/tmp/coulombc/pytorch_build_2021-11-10_08-09-16/avx2/python3.9/pytorch/aten/src/ATen/native/cuda/Loss.cu:104: operator(): block: [4,0,0], thread: [16,0,0] Assertion `input_val >= zero && input_val <= one` failed.
/tmp/coulombc/pytorch_build_2021-11-10_08-09-16/avx2/python3.9/pytorch/aten/src/ATen/native/cuda/Loss.cu:104: operator(): block: [4,0,0], thread: [17,0,0] Assertion `input_val >= zero && input_val <= one` failed.
/tmp/coulombc/pytorch_build_2021-11-10_08-09-16/avx2/python3.9/pytorch/aten/src/ATen/native/cuda/Loss.cu:104: operator(): block: [4,0,0], thread: [18,0,0] Assertion `input_val >= zero && input_val <= one` failed.
/tmp/coulombc/pytorch_build_2021-11-10_08-09-16/avx2/python3.9/pytorch/aten/src/ATen/native/cuda/Loss.cu:104: operator(): block: [4,0,0], thread: [19,0,0] Assertion `input_val >= zero && input_val <= one` failed.
/tmp/coulombc/pytorch_build_2021-11-10_08-09-16/avx2/python3.9/pytorch/aten/src/ATen/native/cuda/Loss.cu:104: operator(): block: [4,0,0], thread: [20,0,0] Assertion `input_val >= zero && input_val <= one` failed.
/tmp/coulombc/pytorch_build_2021-11-10_08-09-16/avx2/python3.9/pytorch/aten/src/ATen/native/cuda/Loss.cu:104: operator(): block: [4,0,0], thread: [21,0,0] Assertion `input_val >= zero && input_val <= one` failed.
/tmp/coulombc/pytorch_build_2021-11-10_08-09-16/avx2/python3.9/pytorch/aten/src/ATen/native/cuda/Loss.cu:104: operator(): block: [4,0,0], thread: [22,0,0] Assertion `input_val >= zero && input_val <= one` failed.
/tmp/coulombc/pytorch_build_2021-11-10_08-09-16/avx2/python3.9/pytorch/aten/src/ATen/native/cuda/Loss.cu:104: operator(): block: [4,0,0], thread: [23,0,0] Assertion `input_val >= zero && input_val <= one` failed.
/tmp/coulombc/pytorch_build_2021-11-10_08-09-16/avx2/python3.9/pytorch/aten/src/ATen/native/cuda/Loss.cu:104: operator(): block: [4,0,0], thread: [24,0,0] Assertion `input_val >= zero && input_val <= one` failed.
/tmp/coulombc/pytorch_build_2021-11-10_08-09-16/avx2/python3.9/pytorch/aten/src/ATen/native/cuda/Loss.cu:104: operator(): block: [4,0,0], thread: [25,0,0] Assertion `input_val >= zero && input_val <= one` failed.
/tmp/coulombc/pytorch_build_2021-11-10_08-09-16/avx2/python3.9/pytorch/aten/src/ATen/native/cuda/Loss.cu:104: operator(): block: [4,0,0], thread: [26,0,0] Assertion `input_val >= zero && input_val <= one` failed.
/tmp/coulombc/pytorch_build_2021-11-10_08-09-16/avx2/python3.9/pytorch/aten/src/ATen/native/cuda/Loss.cu:104: operator(): block: [4,0,0], thread: [27,0,0] Assertion `input_val >= zero && input_val <= one` failed.
/tmp/coulombc/pytorch_build_2021-11-10_08-09-16/avx2/python3.9/pytorch/aten/src/ATen/native/cuda/Loss.cu:104: operator(): block: [4,0,0], thread: [28,0,0] Assertion `input_val >= zero && input_val <= one` failed.
/tmp/coulombc/pytorch_build_2021-11-10_08-09-16/avx2/python3.9/pytorch/aten/src/ATen/native/cuda/Loss.cu:104: operator(): block: [4,0,0], thread: [29,0,0] Assertion `input_val >= zero && input_val <= one` failed.
/tmp/coulombc/pytorch_build_2021-11-10_08-09-16/avx2/python3.9/pytorch/aten/src/ATen/native/cuda/Loss.cu:104: operator(): block: [4,0,0], thread: [30,0,0] Assertion `input_val >= zero && input_val <= one` failed.
/tmp/coulombc/pytorch_build_2021-11-10_08-09-16/avx2/python3.9/pytorch/aten/src/ATen/native/cuda/Loss.cu:104: operator(): block: [4,0,0], thread: [31,0,0] Assertion `input_val >= zero && input_val <= one` failed.
/tmp/coulombc/pytorch_build_2021-11-10_08-09-16/avx2/python3.9/pytorch/aten/src/ATen/native/cuda/Loss.cu:104: operator(): block: [4,0,0], thread: [32,0,0] Assertion `input_val >= zero && input_val <= one` failed.
/tmp/coulombc/pytorch_build_2021-11-10_08-09-16/avx2/python3.9/pytorch/aten/src/ATen/native/cuda/Loss.cu:104: operator(): block: [4,0,0], thread: [33,0,0] Assertion `input_val >= zero && input_val <= one` failed.
/tmp/coulombc/pytorch_build_2021-11-10_08-09-16/avx2/python3.9/pytorch/aten/src/ATen/native/cuda/Loss.cu:104: operator(): block: [4,0,0], thread: [34,0,0] Assertion `input_val >= zero && input_val <= one` failed.
/tmp/coulombc/pytorch_build_2021-11-10_08-09-16/avx2/python3.9/pytorch/aten/src/ATen/native/cuda/Loss.cu:104: operator(): block: [4,0,0], thread: [35,0,0] Assertion `input_val >= zero && input_val <= one` failed.
/tmp/coulombc/pytorch_build_2021-11-10_08-09-16/avx2/python3.9/pytorch/aten/src/ATen/native/cuda/Loss.cu:104: operator(): block: [4,0,0], thread: [36,0,0] Assertion `input_val >= zero && input_val <= one` failed.
/tmp/coulombc/pytorch_build_2021-11-10_08-09-16/avx2/python3.9/pytorch/aten/src/ATen/native/cuda/Loss.cu:104: operator(): block: [4,0,0], thread: [37,0,0] Assertion `input_val >= zero && input_val <= one` failed.
/tmp/coulombc/pytorch_build_2021-11-10_08-09-16/avx2/python3.9/pytorch/aten/src/ATen/native/cuda/Loss.cu:104: operator(): block: [4,0,0], thread: [38,0,0] Assertion `input_val >= zero && input_val <= one` failed.
/tmp/coulombc/pytorch_build_2021-11-10_08-09-16/avx2/python3.9/pytorch/aten/src/ATen/native/cuda/Loss.cu:104: operator(): block: [4,0,0], thread: [39,0,0] Assertion `input_val >= zero && input_val <= one` failed.
/tmp/coulombc/pytorch_build_2021-11-10_08-09-16/avx2/python3.9/pytorch/aten/src/ATen/native/cuda/Loss.cu:104: operator(): block: [4,0,0], thread: [40,0,0] Assertion `input_val >= zero && input_val <= one` failed.
/tmp/coulombc/pytorch_build_2021-11-10_08-09-16/avx2/python3.9/pytorch/aten/src/ATen/native/cuda/Loss.cu:104: operator(): block: [4,0,0], thread: [41,0,0] Assertion `input_val >= zero && input_val <= one` failed.
/tmp/coulombc/pytorch_build_2021-11-10_08-09-16/avx2/python3.9/pytorch/aten/src/ATen/native/cuda/Loss.cu:104: operator(): block: [4,0,0], thread: [42,0,0] Assertion `input_val >= zero && input_val <= one` failed.
/tmp/coulombc/pytorch_build_2021-11-10_08-09-16/avx2/python3.9/pytorch/aten/src/ATen/native/cuda/Loss.cu:104: operator(): block: [4,0,0], thread: [43,0,0] Assertion `input_val >= zero && input_val <= one` failed.
/tmp/coulombc/pytorch_build_2021-11-10_08-09-16/avx2/python3.9/pytorch/aten/src/ATen/native/cuda/Loss.cu:104: operator(): block: [4,0,0], thread: [44,0,0] Assertion `input_val >= zero && input_val <= one` failed.
/tmp/coulombc/pytorch_build_2021-11-10_08-09-16/avx2/python3.9/pytorch/aten/src/ATen/native/cuda/Loss.cu:104: operator(): block: [4,0,0], thread: [45,0,0] Assertion `input_val >= zero && input_val <= one` failed.
/tmp/coulombc/pytorch_build_2021-11-10_08-09-16/avx2/python3.9/pytorch/aten/src/ATen/native/cuda/Loss.cu:104: operator(): block: [4,0,0], thread: [46,0,0] Assertion `input_val >= zero && input_val <= one` failed.
/tmp/coulombc/pytorch_build_2021-11-10_08-09-16/avx2/python3.9/pytorch/aten/src/ATen/native/cuda/Loss.cu:104: operator(): block: [4,0,0], thread: [47,0,0] Assertion `input_val >= zero && input_val <= one` failed.
/tmp/coulombc/pytorch_build_2021-11-10_08-09-16/avx2/python3.9/pytorch/aten/src/ATen/native/cuda/Loss.cu:104: operator(): block: [4,0,0], thread: [48,0,0] Assertion `input_val >= zero && input_val <= one` failed.
/tmp/coulombc/pytorch_build_2021-11-10_08-09-16/avx2/python3.9/pytorch/aten/src/ATen/native/cuda/Loss.cu:104: operator(): block: [4,0,0], thread: [49,0,0] Assertion `input_val >= zero && input_val <= one` failed.
/tmp/coulombc/pytorch_build_2021-11-10_08-09-16/avx2/python3.9/pytorch/aten/src/ATen/native/cuda/Loss.cu:104: operator(): block: [4,0,0], thread: [50,0,0] Assertion `input_val >= zero && input_val <= one` failed.
/tmp/coulombc/pytorch_build_2021-11-10_08-09-16/avx2/python3.9/pytorch/aten/src/ATen/native/cuda/Loss.cu:104: operator(): block: [4,0,0], thread: [51,0,0] Assertion `input_val >= zero && input_val <= one` failed.
/tmp/coulombc/pytorch_build_2021-11-10_08-09-16/avx2/python3.9/pytorch/aten/src/ATen/native/cuda/Loss.cu:104: operator(): block: [4,0,0], thread: [52,0,0] Assertion `input_val >= zero && input_val <= one` failed.
/tmp/coulombc/pytorch_build_2021-11-10_08-09-16/avx2/python3.9/pytorch/aten/src/ATen/native/cuda/Loss.cu:104: operator(): block: [4,0,0], thread: [53,0,0] Assertion `input_val >= zero && input_val <= one` failed.
/tmp/coulombc/pytorch_build_2021-11-10_08-09-16/avx2/python3.9/pytorch/aten/src/ATen/native/cuda/Loss.cu:104: operator(): block: [4,0,0], thread: [54,0,0] Assertion `input_val >= zero && input_val <= one` failed.
/tmp/coulombc/pytorch_build_2021-11-10_08-09-16/avx2/python3.9/pytorch/aten/src/ATen/native/cuda/Loss.cu:104: operator(): block: [4,0,0], thread: [55,0,0] Assertion `input_val >= zero && input_val <= one` failed.
/tmp/coulombc/pytorch_build_2021-11-10_08-09-16/avx2/python3.9/pytorch/aten/src/ATen/native/cuda/Loss.cu:104: operator(): block: [4,0,0], thread: [56,0,0] Assertion `input_val >= zero && input_val <= one` failed.
/tmp/coulombc/pytorch_build_2021-11-10_08-09-16/avx2/python3.9/pytorch/aten/src/ATen/native/cuda/Loss.cu:104: operator(): block: [4,0,0], thread: [57,0,0] Assertion `input_val >= zero && input_val <= one` failed.
/tmp/coulombc/pytorch_build_2021-11-10_08-09-16/avx2/python3.9/pytorch/aten/src/ATen/native/cuda/Loss.cu:104: operator(): block: [4,0,0], thread: [58,0,0] Assertion `input_val >= zero && input_val <= one` failed.
/tmp/coulombc/pytorch_build_2021-11-10_08-09-16/avx2/python3.9/pytorch/aten/src/ATen/native/cuda/Loss.cu:104: operator(): block: [4,0,0], thread: [59,0,0] Assertion `input_val >= zero && input_val <= one` failed.
/tmp/coulombc/pytorch_build_2021-11-10_08-09-16/avx2/python3.9/pytorch/aten/src/ATen/native/cuda/Loss.cu:104: operator(): block: [4,0,0], thread: [60,0,0] Assertion `input_val >= zero && input_val <= one` failed.
/tmp/coulombc/pytorch_build_2021-11-10_08-09-16/avx2/python3.9/pytorch/aten/src/ATen/native/cuda/Loss.cu:104: operator(): block: [4,0,0], thread: [61,0,0] Assertion `input_val >= zero && input_val <= one` failed.
/tmp/coulombc/pytorch_build_2021-11-10_08-09-16/avx2/python3.9/pytorch/aten/src/ATen/native/cuda/Loss.cu:104: operator(): block: [4,0,0], thread: [62,0,0] Assertion `input_val >= zero && input_val <= one` failed.
/tmp/coulombc/pytorch_build_2021-11-10_08-09-16/avx2/python3.9/pytorch/aten/src/ATen/native/cuda/Loss.cu:104: operator(): block: [4,0,0], thread: [63,0,0] Assertion `input_val >= zero && input_val <= one` failed.
/tmp/coulombc/pytorch_build_2021-11-10_08-09-16/avx2/python3.9/pytorch/aten/src/ATen/native/cuda/Loss.cu:104: operator(): block: [3,0,0], thread: [0,0,0] Assertion `input_val >= zero && input_val <= one` failed.
/tmp/coulombc/pytorch_build_2021-11-10_08-09-16/avx2/python3.9/pytorch/aten/src/ATen/native/cuda/Loss.cu:104: operator(): block: [3,0,0], thread: [1,0,0] Assertion `input_val >= zero && input_val <= one` failed.
/tmp/coulombc/pytorch_build_2021-11-10_08-09-16/avx2/python3.9/pytorch/aten/src/ATen/native/cuda/Loss.cu:104: operator(): block: [3,0,0], thread: [2,0,0] Assertion `input_val >= zero && input_val <= one` failed.
/tmp/coulombc/pytorch_build_2021-11-10_08-09-16/avx2/python3.9/pytorch/aten/src/ATen/native/cuda/Loss.cu:104: operator(): block: [3,0,0], thread: [3,0,0] Assertion `input_val >= zero && input_val <= one` failed.
/tmp/coulombc/pytorch_build_2021-11-10_08-09-16/avx2/python3.9/pytorch/aten/src/ATen/native/cuda/Loss.cu:104: operator(): block: [3,0,0], thread: [4,0,0] Assertion `input_val >= zero && input_val <= one` failed.
/tmp/coulombc/pytorch_build_2021-11-10_08-09-16/avx2/python3.9/pytorch/aten/src/ATen/native/cuda/Loss.cu:104: operator(): block: [3,0,0], thread: [5,0,0] Assertion `input_val >= zero && input_val <= one` failed.
/tmp/coulombc/pytorch_build_2021-11-10_08-09-16/avx2/python3.9/pytorch/aten/src/ATen/native/cuda/Loss.cu:104: operator(): block: [3,0,0], thread: [6,0,0] Assertion `input_val >= zero && input_val <= one` failed.
/tmp/coulombc/pytorch_build_2021-11-10_08-09-16/avx2/python3.9/pytorch/aten/src/ATen/native/cuda/Loss.cu:104: operator(): block: [3,0,0], thread: [7,0,0] Assertion `input_val >= zero && input_val <= one` failed.
/tmp/coulombc/pytorch_build_2021-11-10_08-09-16/avx2/python3.9/pytorch/aten/src/ATen/native/cuda/Loss.cu:104: operator(): block: [3,0,0], thread: [8,0,0] Assertion `input_val >= zero && input_val <= one` failed.
/tmp/coulombc/pytorch_build_2021-11-10_08-09-16/avx2/python3.9/pytorch/aten/src/ATen/native/cuda/Loss.cu:104: operator(): block: [3,0,0], thread: [9,0,0] Assertion `input_val >= zero && input_val <= one` failed.
/tmp/coulombc/pytorch_build_2021-11-10_08-09-16/avx2/python3.9/pytorch/aten/src/ATen/native/cuda/Loss.cu:104: operator(): block: [3,0,0], thread: [10,0,0] Assertion `input_val >= zero && input_val <= one` failed.
/tmp/coulombc/pytorch_build_2021-11-10_08-09-16/avx2/python3.9/pytorch/aten/src/ATen/native/cuda/Loss.cu:104: operator(): block: [3,0,0], thread: [11,0,0] Assertion `input_val >= zero && input_val <= one` failed.
/tmp/coulombc/pytorch_build_2021-11-10_08-09-16/avx2/python3.9/pytorch/aten/src/ATen/native/cuda/Loss.cu:104: operator(): block: [3,0,0], thread: [12,0,0] Assertion `input_val >= zero && input_val <= one` failed.
/tmp/coulombc/pytorch_build_2021-11-10_08-09-16/avx2/python3.9/pytorch/aten/src/ATen/native/cuda/Loss.cu:104: operator(): block: [3,0,0], thread: [13,0,0] Assertion `input_val >= zero && input_val <= one` failed.
/tmp/coulombc/pytorch_build_2021-11-10_08-09-16/avx2/python3.9/pytorch/aten/src/ATen/native/cuda/Loss.cu:104: operator(): block: [3,0,0], thread: [14,0,0] Assertion `input_val >= zero && input_val <= one` failed.
/tmp/coulombc/pytorch_build_2021-11-10_08-09-16/avx2/python3.9/pytorch/aten/src/ATen/native/cuda/Loss.cu:104: operator(): block: [3,0,0], thread: [15,0,0] Assertion `input_val >= zero && input_val <= one` failed.
/tmp/coulombc/pytorch_build_2021-11-10_08-09-16/avx2/python3.9/pytorch/aten/src/ATen/native/cuda/Loss.cu:104: operator(): block: [3,0,0], thread: [16,0,0] Assertion `input_val >= zero && input_val <= one` failed.
/tmp/coulombc/pytorch_build_2021-11-10_08-09-16/avx2/python3.9/pytorch/aten/src/ATen/native/cuda/Loss.cu:104: operator(): block: [3,0,0], thread: [17,0,0] Assertion `input_val >= zero && input_val <= one` failed.
/tmp/coulombc/pytorch_build_2021-11-10_08-09-16/avx2/python3.9/pytorch/aten/src/ATen/native/cuda/Loss.cu:104: operator(): block: [3,0,0], thread: [18,0,0] Assertion `input_val >= zero && input_val <= one` failed.
/tmp/coulombc/pytorch_build_2021-11-10_08-09-16/avx2/python3.9/pytorch/aten/src/ATen/native/cuda/Loss.cu:104: operator(): block: [3,0,0], thread: [19,0,0] Assertion `input_val >= zero && input_val <= one` failed.
/tmp/coulombc/pytorch_build_2021-11-10_08-09-16/avx2/python3.9/pytorch/aten/src/ATen/native/cuda/Loss.cu:104: operator(): block: [3,0,0], thread: [20,0,0] Assertion `input_val >= zero && input_val <= one` failed.
/tmp/coulombc/pytorch_build_2021-11-10_08-09-16/avx2/python3.9/pytorch/aten/src/ATen/native/cuda/Loss.cu:104: operator(): block: [3,0,0], thread: [21,0,0] Assertion `input_val >= zero && input_val <= one` failed.
/tmp/coulombc/pytorch_build_2021-11-10_08-09-16/avx2/python3.9/pytorch/aten/src/ATen/native/cuda/Loss.cu:104: operator(): block: [3,0,0], thread: [22,0,0] Assertion `input_val >= zero && input_val <= one` failed.
/tmp/coulombc/pytorch_build_2021-11-10_08-09-16/avx2/python3.9/pytorch/aten/src/ATen/native/cuda/Loss.cu:104: operator(): block: [3,0,0], thread: [23,0,0] Assertion `input_val >= zero && input_val <= one` failed.
/tmp/coulombc/pytorch_build_2021-11-10_08-09-16/avx2/python3.9/pytorch/aten/src/ATen/native/cuda/Loss.cu:104: operator(): block: [3,0,0], thread: [24,0,0] Assertion `input_val >= zero && input_val <= one` failed.
/tmp/coulombc/pytorch_build_2021-11-10_08-09-16/avx2/python3.9/pytorch/aten/src/ATen/native/cuda/Loss.cu:104: operator(): block: [3,0,0], thread: [25,0,0] Assertion `input_val >= zero && input_val <= one` failed.
/tmp/coulombc/pytorch_build_2021-11-10_08-09-16/avx2/python3.9/pytorch/aten/src/ATen/native/cuda/Loss.cu:104: operator(): block: [3,0,0], thread: [26,0,0] Assertion `input_val >= zero && input_val <= one` failed.
/tmp/coulombc/pytorch_build_2021-11-10_08-09-16/avx2/python3.9/pytorch/aten/src/ATen/native/cuda/Loss.cu:104: operator(): block: [3,0,0], thread: [27,0,0] Assertion `input_val >= zero && input_val <= one` failed.
/tmp/coulombc/pytorch_build_2021-11-10_08-09-16/avx2/python3.9/pytorch/aten/src/ATen/native/cuda/Loss.cu:104: operator(): block: [3,0,0], thread: [28,0,0] Assertion `input_val >= zero && input_val <= one` failed.
/tmp/coulombc/pytorch_build_2021-11-10_08-09-16/avx2/python3.9/pytorch/aten/src/ATen/native/cuda/Loss.cu:104: operator(): block: [3,0,0], thread: [29,0,0] Assertion `input_val >= zero && input_val <= one` failed.
/tmp/coulombc/pytorch_build_2021-11-10_08-09-16/avx2/python3.9/pytorch/aten/src/ATen/native/cuda/Loss.cu:104: operator(): block: [3,0,0], thread: [30,0,0] Assertion `input_val >= zero && input_val <= one` failed.
/tmp/coulombc/pytorch_build_2021-11-10_08-09-16/avx2/python3.9/pytorch/aten/src/ATen/native/cuda/Loss.cu:104: operator(): block: [3,0,0], thread: [31,0,0] Assertion `input_val >= zero && input_val <= one` failed.
/tmp/coulombc/pytorch_build_2021-11-10_08-09-16/avx2/python3.9/pytorch/aten/src/ATen/native/cuda/Loss.cu:104: operator(): block: [19,0,0], thread: [32,0,0] Assertion `input_val >= zero && input_val <= one` failed.
/tmp/coulombc/pytorch_build_2021-11-10_08-09-16/avx2/python3.9/pytorch/aten/src/ATen/native/cuda/Loss.cu:104: operator(): block: [19,0,0], thread: [33,0,0] Assertion `input_val >= zero && input_val <= one` failed.
/tmp/coulombc/pytorch_build_2021-11-10_08-09-16/avx2/python3.9/pytorch/aten/src/ATen/native/cuda/Loss.cu:104: operator(): block: [19,0,0], thread: [34,0,0] Assertion `input_val >= zero && input_val <= one` failed.
/tmp/coulombc/pytorch_build_2021-11-10_08-09-16/avx2/python3.9/pytorch/aten/src/ATen/native/cuda/Loss.cu:104: operator(): block: [19,0,0], thread: [35,0,0] Assertion `input_val >= zero && input_val <= one` failed.
/tmp/coulombc/pytorch_build_2021-11-10_08-09-16/avx2/python3.9/pytorch/aten/src/ATen/native/cuda/Loss.cu:104: operator(): block: [19,0,0], thread: [36,0,0] Assertion `input_val >= zero && input_val <= one` failed.
/tmp/coulombc/pytorch_build_2021-11-10_08-09-16/avx2/python3.9/pytorch/aten/src/ATen/native/cuda/Loss.cu:104: operator(): block: [19,0,0], thread: [37,0,0] Assertion `input_val >= zero && input_val <= one` failed.
/tmp/coulombc/pytorch_build_2021-11-10_08-09-16/avx2/python3.9/pytorch/aten/src/ATen/native/cuda/Loss.cu:104: operator(): block: [19,0,0], thread: [38,0,0] Assertion `input_val >= zero && input_val <= one` failed.
/tmp/coulombc/pytorch_build_2021-11-10_08-09-16/avx2/python3.9/pytorch/aten/src/ATen/native/cuda/Loss.cu:104: operator(): block: [19,0,0], thread: [39,0,0] Assertion `input_val >= zero && input_val <= one` failed.
/tmp/coulombc/pytorch_build_2021-11-10_08-09-16/avx2/python3.9/pytorch/aten/src/ATen/native/cuda/Loss.cu:104: operator(): block: [19,0,0], thread: [40,0,0] Assertion `input_val >= zero && input_val <= one` failed.
/tmp/coulombc/pytorch_build_2021-11-10_08-09-16/avx2/python3.9/pytorch/aten/src/ATen/native/cuda/Loss.cu:104: operator(): block: [19,0,0], thread: [41,0,0] Assertion `input_val >= zero && input_val <= one` failed.
/tmp/coulombc/pytorch_build_2021-11-10_08-09-16/avx2/python3.9/pytorch/aten/src/ATen/native/cuda/Loss.cu:104: operator(): block: [19,0,0], thread: [42,0,0] Assertion `input_val >= zero && input_val <= one` failed.
/tmp/coulombc/pytorch_build_2021-11-10_08-09-16/avx2/python3.9/pytorch/aten/src/ATen/native/cuda/Loss.cu:104: operator(): block: [19,0,0], thread: [43,0,0] Assertion `input_val >= zero && input_val <= one` failed.
/tmp/coulombc/pytorch_build_2021-11-10_08-09-16/avx2/python3.9/pytorch/aten/src/ATen/native/cuda/Loss.cu:104: operator(): block: [19,0,0], thread: [44,0,0] Assertion `input_val >= zero && input_val <= one` failed.
/tmp/coulombc/pytorch_build_2021-11-10_08-09-16/avx2/python3.9/pytorch/aten/src/ATen/native/cuda/Loss.cu:104: operator(): block: [19,0,0], thread: [45,0,0] Assertion `input_val >= zero && input_val <= one` failed.
/tmp/coulombc/pytorch_build_2021-11-10_08-09-16/avx2/python3.9/pytorch/aten/src/ATen/native/cuda/Loss.cu:104: operator(): block: [19,0,0], thread: [46,0,0] Assertion `input_val >= zero && input_val <= one` failed.
/tmp/coulombc/pytorch_build_2021-11-10_08-09-16/avx2/python3.9/pytorch/aten/src/ATen/native/cuda/Loss.cu:104: operator(): block: [19,0,0], thread: [47,0,0] Assertion `input_val >= zero && input_val <= one` failed.
/tmp/coulombc/pytorch_build_2021-11-10_08-09-16/avx2/python3.9/pytorch/aten/src/ATen/native/cuda/Loss.cu:104: operator(): block: [19,0,0], thread: [48,0,0] Assertion `input_val >= zero && input_val <= one` failed.
/tmp/coulombc/pytorch_build_2021-11-10_08-09-16/avx2/python3.9/pytorch/aten/src/ATen/native/cuda/Loss.cu:104: operator(): block: [19,0,0], thread: [49,0,0] Assertion `input_val >= zero && input_val <= one` failed.
/tmp/coulombc/pytorch_build_2021-11-10_08-09-16/avx2/python3.9/pytorch/aten/src/ATen/native/cuda/Loss.cu:104: operator(): block: [19,0,0], thread: [50,0,0] Assertion `input_val >= zero && input_val <= one` failed.
/tmp/coulombc/pytorch_build_2021-11-10_08-09-16/avx2/python3.9/pytorch/aten/src/ATen/native/cuda/Loss.cu:104: operator(): block: [19,0,0], thread: [51,0,0] Assertion `input_val >= zero && input_val <= one` failed.
/tmp/coulombc/pytorch_build_2021-11-10_08-09-16/avx2/python3.9/pytorch/aten/src/ATen/native/cuda/Loss.cu:104: operator(): block: [19,0,0], thread: [52,0,0] Assertion `input_val >= zero && input_val <= one` failed.
/tmp/coulombc/pytorch_build_2021-11-10_08-09-16/avx2/python3.9/pytorch/aten/src/ATen/native/cuda/Loss.cu:104: operator(): block: [19,0,0], thread: [53,0,0] Assertion `input_val >= zero && input_val <= one` failed.
/tmp/coulombc/pytorch_build_2021-11-10_08-09-16/avx2/python3.9/pytorch/aten/src/ATen/native/cuda/Loss.cu:104: operator(): block: [19,0,0], thread: [54,0,0] Assertion `input_val >= zero && input_val <= one` failed.
/tmp/coulombc/pytorch_build_2021-11-10_08-09-16/avx2/python3.9/pytorch/aten/src/ATen/native/cuda/Loss.cu:104: operator(): block: [19,0,0], thread: [55,0,0] Assertion `input_val >= zero && input_val <= one` failed.
/tmp/coulombc/pytorch_build_2021-11-10_08-09-16/avx2/python3.9/pytorch/aten/src/ATen/native/cuda/Loss.cu:104: operator(): block: [19,0,0], thread: [56,0,0] Assertion `input_val >= zero && input_val <= one` failed.
/tmp/coulombc/pytorch_build_2021-11-10_08-09-16/avx2/python3.9/pytorch/aten/src/ATen/native/cuda/Loss.cu:104: operator(): block: [19,0,0], thread: [57,0,0] Assertion `input_val >= zero && input_val <= one` failed.
/tmp/coulombc/pytorch_build_2021-11-10_08-09-16/avx2/python3.9/pytorch/aten/src/ATen/native/cuda/Loss.cu:104: operator(): block: [19,0,0], thread: [58,0,0] Assertion `input_val >= zero && input_val <= one` failed.
/tmp/coulombc/pytorch_build_2021-11-10_08-09-16/avx2/python3.9/pytorch/aten/src/ATen/native/cuda/Loss.cu:104: operator(): block: [19,0,0], thread: [59,0,0] Assertion `input_val >= zero && input_val <= one` failed.
/tmp/coulombc/pytorch_build_2021-11-10_08-09-16/avx2/python3.9/pytorch/aten/src/ATen/native/cuda/Loss.cu:104: operator(): block: [19,0,0], thread: [60,0,0] Assertion `input_val >= zero && input_val <= one` failed.
/tmp/coulombc/pytorch_build_2021-11-10_08-09-16/avx2/python3.9/pytorch/aten/src/ATen/native/cuda/Loss.cu:104: operator(): block: [19,0,0], thread: [61,0,0] Assertion `input_val >= zero && input_val <= one` failed.
/tmp/coulombc/pytorch_build_2021-11-10_08-09-16/avx2/python3.9/pytorch/aten/src/ATen/native/cuda/Loss.cu:104: operator(): block: [19,0,0], thread: [62,0,0] Assertion `input_val >= zero && input_val <= one` failed.
/tmp/coulombc/pytorch_build_2021-11-10_08-09-16/avx2/python3.9/pytorch/aten/src/ATen/native/cuda/Loss.cu:104: operator(): block: [19,0,0], thread: [63,0,0] Assertion `input_val >= zero && input_val <= one` failed.
/tmp/coulombc/pytorch_build_2021-11-10_08-09-16/avx2/python3.9/pytorch/aten/src/ATen/native/cuda/Loss.cu:104: operator(): block: [54,0,0], thread: [0,0,0] Assertion `input_val >= zero && input_val <= one` failed.
/tmp/coulombc/pytorch_build_2021-11-10_08-09-16/avx2/python3.9/pytorch/aten/src/ATen/native/cuda/Loss.cu:104: operator(): block: [54,0,0], thread: [1,0,0] Assertion `input_val >= zero && input_val <= one` failed.
/tmp/coulombc/pytorch_build_2021-11-10_08-09-16/avx2/python3.9/pytorch/aten/src/ATen/native/cuda/Loss.cu:104: operator(): block: [54,0,0], thread: [2,0,0] Assertion `input_val >= zero && input_val <= one` failed.
/tmp/coulombc/pytorch_build_2021-11-10_08-09-16/avx2/python3.9/pytorch/aten/src/ATen/native/cuda/Loss.cu:104: operator(): block: [54,0,0], thread: [3,0,0] Assertion `input_val >= zero && input_val <= one` failed.
/tmp/coulombc/pytorch_build_2021-11-10_08-09-16/avx2/python3.9/pytorch/aten/src/ATen/native/cuda/Loss.cu:104: operator(): block: [54,0,0], thread: [4,0,0] Assertion `input_val >= zero && input_val <= one` failed.
/tmp/coulombc/pytorch_build_2021-11-10_08-09-16/avx2/python3.9/pytorch/aten/src/ATen/native/cuda/Loss.cu:104: operator(): block: [54,0,0], thread: [5,0,0] Assertion `input_val >= zero && input_val <= one` failed.
/tmp/coulombc/pytorch_build_2021-11-10_08-09-16/avx2/python3.9/pytorch/aten/src/ATen/native/cuda/Loss.cu:104: operator(): block: [54,0,0], thread: [6,0,0] Assertion `input_val >= zero && input_val <= one` failed.
/tmp/coulombc/pytorch_build_2021-11-10_08-09-16/avx2/python3.9/pytorch/aten/src/ATen/native/cuda/Loss.cu:104: operator(): block: [54,0,0], thread: [7,0,0] Assertion `input_val >= zero && input_val <= one` failed.
/tmp/coulombc/pytorch_build_2021-11-10_08-09-16/avx2/python3.9/pytorch/aten/src/ATen/native/cuda/Loss.cu:104: operator(): block: [54,0,0], thread: [8,0,0] Assertion `input_val >= zero && input_val <= one` failed.
/tmp/coulombc/pytorch_build_2021-11-10_08-09-16/avx2/python3.9/pytorch/aten/src/ATen/native/cuda/Loss.cu:104: operator(): block: [54,0,0], thread: [9,0,0] Assertion `input_val >= zero && input_val <= one` failed.
/tmp/coulombc/pytorch_build_2021-11-10_08-09-16/avx2/python3.9/pytorch/aten/src/ATen/native/cuda/Loss.cu:104: operator(): block: [54,0,0], thread: [10,0,0] Assertion `input_val >= zero && input_val <= one` failed.
/tmp/coulombc/pytorch_build_2021-11-10_08-09-16/avx2/python3.9/pytorch/aten/src/ATen/native/cuda/Loss.cu:104: operator(): block: [54,0,0], thread: [11,0,0] Assertion `input_val >= zero && input_val <= one` failed.
/tmp/coulombc/pytorch_build_2021-11-10_08-09-16/avx2/python3.9/pytorch/aten/src/ATen/native/cuda/Loss.cu:104: operator(): block: [54,0,0], thread: [12,0,0] Assertion `input_val >= zero && input_val <= one` failed.
/tmp/coulombc/pytorch_build_2021-11-10_08-09-16/avx2/python3.9/pytorch/aten/src/ATen/native/cuda/Loss.cu:104: operator(): block: [54,0,0], thread: [13,0,0] Assertion `input_val >= zero && input_val <= one` failed.
/tmp/coulombc/pytorch_build_2021-11-10_08-09-16/avx2/python3.9/pytorch/aten/src/ATen/native/cuda/Loss.cu:104: operator(): block: [54,0,0], thread: [14,0,0] Assertion `input_val >= zero && input_val <= one` failed.
/tmp/coulombc/pytorch_build_2021-11-10_08-09-16/avx2/python3.9/pytorch/aten/src/ATen/native/cuda/Loss.cu:104: operator(): block: [54,0,0], thread: [15,0,0] Assertion `input_val >= zero && input_val <= one` failed.
/tmp/coulombc/pytorch_build_2021-11-10_08-09-16/avx2/python3.9/pytorch/aten/src/ATen/native/cuda/Loss.cu:104: operator(): block: [54,0,0], thread: [16,0,0] Assertion `input_val >= zero && input_val <= one` failed.
/tmp/coulombc/pytorch_build_2021-11-10_08-09-16/avx2/python3.9/pytorch/aten/src/ATen/native/cuda/Loss.cu:104: operator(): block: [54,0,0], thread: [17,0,0] Assertion `input_val >= zero && input_val <= one` failed.
/tmp/coulombc/pytorch_build_2021-11-10_08-09-16/avx2/python3.9/pytorch/aten/src/ATen/native/cuda/Loss.cu:104: operator(): block: [54,0,0], thread: [18,0,0] Assertion `input_val >= zero && input_val <= one` failed.
/tmp/coulombc/pytorch_build_2021-11-10_08-09-16/avx2/python3.9/pytorch/aten/src/ATen/native/cuda/Loss.cu:104: operator(): block: [54,0,0], thread: [19,0,0] Assertion `input_val >= zero && input_val <= one` failed.
/tmp/coulombc/pytorch_build_2021-11-10_08-09-16/avx2/python3.9/pytorch/aten/src/ATen/native/cuda/Loss.cu:104: operator(): block: [54,0,0], thread: [20,0,0] Assertion `input_val >= zero && input_val <= one` failed.
/tmp/coulombc/pytorch_build_2021-11-10_08-09-16/avx2/python3.9/pytorch/aten/src/ATen/native/cuda/Loss.cu:104: operator(): block: [54,0,0], thread: [21,0,0] Assertion `input_val >= zero && input_val <= one` failed.
/tmp/coulombc/pytorch_build_2021-11-10_08-09-16/avx2/python3.9/pytorch/aten/src/ATen/native/cuda/Loss.cu:104: operator(): block: [54,0,0], thread: [22,0,0] Assertion `input_val >= zero && input_val <= one` failed.
/tmp/coulombc/pytorch_build_2021-11-10_08-09-16/avx2/python3.9/pytorch/aten/src/ATen/native/cuda/Loss.cu:104: operator(): block: [54,0,0], thread: [23,0,0] Assertion `input_val >= zero && input_val <= one` failed.
/tmp/coulombc/pytorch_build_2021-11-10_08-09-16/avx2/python3.9/pytorch/aten/src/ATen/native/cuda/Loss.cu:104: operator(): block: [54,0,0], thread: [24,0,0] Assertion `input_val >= zero && input_val <= one` failed.
/tmp/coulombc/pytorch_build_2021-11-10_08-09-16/avx2/python3.9/pytorch/aten/src/ATen/native/cuda/Loss.cu:104: operator(): block: [54,0,0], thread: [25,0,0] Assertion `input_val >= zero && input_val <= one` failed.
/tmp/coulombc/pytorch_build_2021-11-10_08-09-16/avx2/python3.9/pytorch/aten/src/ATen/native/cuda/Loss.cu:104: operator(): block: [54,0,0], thread: [26,0,0] Assertion `input_val >= zero && input_val <= one` failed.
/tmp/coulombc/pytorch_build_2021-11-10_08-09-16/avx2/python3.9/pytorch/aten/src/ATen/native/cuda/Loss.cu:104: operator(): block: [54,0,0], thread: [27,0,0] Assertion `input_val >= zero && input_val <= one` failed.
/tmp/coulombc/pytorch_build_2021-11-10_08-09-16/avx2/python3.9/pytorch/aten/src/ATen/native/cuda/Loss.cu:104: operator(): block: [54,0,0], thread: [28,0,0] Assertion `input_val >= zero && input_val <= one` failed.
/tmp/coulombc/pytorch_build_2021-11-10_08-09-16/avx2/python3.9/pytorch/aten/src/ATen/native/cuda/Loss.cu:104: operator(): block: [54,0,0], thread: [29,0,0] Assertion `input_val >= zero && input_val <= one` failed.
/tmp/coulombc/pytorch_build_2021-11-10_08-09-16/avx2/python3.9/pytorch/aten/src/ATen/native/cuda/Loss.cu:104: operator(): block: [54,0,0], thread: [30,0,0] Assertion `input_val >= zero && input_val <= one` failed.
/tmp/coulombc/pytorch_build_2021-11-10_08-09-16/avx2/python3.9/pytorch/aten/src/ATen/native/cuda/Loss.cu:104: operator(): block: [54,0,0], thread: [31,0,0] Assertion `input_val >= zero && input_val <= one` failed.
/tmp/coulombc/pytorch_build_2021-11-10_08-09-16/avx2/python3.9/pytorch/aten/src/ATen/native/cuda/Loss.cu:104: operator(): block: [21,0,0], thread: [0,0,0] Assertion `input_val >= zero && input_val <= one` failed.
/tmp/coulombc/pytorch_build_2021-11-10_08-09-16/avx2/python3.9/pytorch/aten/src/ATen/native/cuda/Loss.cu:104: operator(): block: [21,0,0], thread: [1,0,0] Assertion `input_val >= zero && input_val <= one` failed.
/tmp/coulombc/pytorch_build_2021-11-10_08-09-16/avx2/python3.9/pytorch/aten/src/ATen/native/cuda/Loss.cu:104: operator(): block: [21,0,0], thread: [2,0,0] Assertion `input_val >= zero && input_val <= one` failed.
/tmp/coulombc/pytorch_build_2021-11-10_08-09-16/avx2/python3.9/pytorch/aten/src/ATen/native/cuda/Loss.cu:104: operator(): block: [21,0,0], thread: [3,0,0] Assertion `input_val >= zero && input_val <= one` failed.
/tmp/coulombc/pytorch_build_2021-11-10_08-09-16/avx2/python3.9/pytorch/aten/src/ATen/native/cuda/Loss.cu:104: operator(): block: [21,0,0], thread: [4,0,0] Assertion `input_val >= zero && input_val <= one` failed.
/tmp/coulombc/pytorch_build_2021-11-10_08-09-16/avx2/python3.9/pytorch/aten/src/ATen/native/cuda/Loss.cu:104: operator(): block: [21,0,0], thread: [5,0,0] Assertion `input_val >= zero && input_val <= one` failed.
/tmp/coulombc/pytorch_build_2021-11-10_08-09-16/avx2/python3.9/pytorch/aten/src/ATen/native/cuda/Loss.cu:104: operator(): block: [21,0,0], thread: [6,0,0] Assertion `input_val >= zero && input_val <= one` failed.
/tmp/coulombc/pytorch_build_2021-11-10_08-09-16/avx2/python3.9/pytorch/aten/src/ATen/native/cuda/Loss.cu:104: operator(): block: [21,0,0], thread: [7,0,0] Assertion `input_val >= zero && input_val <= one` failed.
/tmp/coulombc/pytorch_build_2021-11-10_08-09-16/avx2/python3.9/pytorch/aten/src/ATen/native/cuda/Loss.cu:104: operator(): block: [21,0,0], thread: [8,0,0] Assertion `input_val >= zero && input_val <= one` failed.
/tmp/coulombc/pytorch_build_2021-11-10_08-09-16/avx2/python3.9/pytorch/aten/src/ATen/native/cuda/Loss.cu:104: operator(): block: [21,0,0], thread: [9,0,0] Assertion `input_val >= zero && input_val <= one` failed.
/tmp/coulombc/pytorch_build_2021-11-10_08-09-16/avx2/python3.9/pytorch/aten/src/ATen/native/cuda/Loss.cu:104: operator(): block: [21,0,0], thread: [10,0,0] Assertion `input_val >= zero && input_val <= one` failed.
/tmp/coulombc/pytorch_build_2021-11-10_08-09-16/avx2/python3.9/pytorch/aten/src/ATen/native/cuda/Loss.cu:104: operator(): block: [21,0,0], thread: [11,0,0] Assertion `input_val >= zero && input_val <= one` failed.
/tmp/coulombc/pytorch_build_2021-11-10_08-09-16/avx2/python3.9/pytorch/aten/src/ATen/native/cuda/Loss.cu:104: operator(): block: [21,0,0], thread: [12,0,0] Assertion `input_val >= zero && input_val <= one` failed.
/tmp/coulombc/pytorch_build_2021-11-10_08-09-16/avx2/python3.9/pytorch/aten/src/ATen/native/cuda/Loss.cu:104: operator(): block: [21,0,0], thread: [13,0,0] Assertion `input_val >= zero && input_val <= one` failed.
/tmp/coulombc/pytorch_build_2021-11-10_08-09-16/avx2/python3.9/pytorch/aten/src/ATen/native/cuda/Loss.cu:104: operator(): block: [21,0,0], thread: [14,0,0] Assertion `input_val >= zero && input_val <= one` failed.
/tmp/coulombc/pytorch_build_2021-11-10_08-09-16/avx2/python3.9/pytorch/aten/src/ATen/native/cuda/Loss.cu:104: operator(): block: [21,0,0], thread: [15,0,0] Assertion `input_val >= zero && input_val <= one` failed.
/tmp/coulombc/pytorch_build_2021-11-10_08-09-16/avx2/python3.9/pytorch/aten/src/ATen/native/cuda/Loss.cu:104: operator(): block: [21,0,0], thread: [16,0,0] Assertion `input_val >= zero && input_val <= one` failed.
/tmp/coulombc/pytorch_build_2021-11-10_08-09-16/avx2/python3.9/pytorch/aten/src/ATen/native/cuda/Loss.cu:104: operator(): block: [21,0,0], thread: [17,0,0] Assertion `input_val >= zero && input_val <= one` failed.
/tmp/coulombc/pytorch_build_2021-11-10_08-09-16/avx2/python3.9/pytorch/aten/src/ATen/native/cuda/Loss.cu:104: operator(): block: [21,0,0], thread: [18,0,0] Assertion `input_val >= zero && input_val <= one` failed.
/tmp/coulombc/pytorch_build_2021-11-10_08-09-16/avx2/python3.9/pytorch/aten/src/ATen/native/cuda/Loss.cu:104: operator(): block: [21,0,0], thread: [19,0,0] Assertion `input_val >= zero && input_val <= one` failed.
/tmp/coulombc/pytorch_build_2021-11-10_08-09-16/avx2/python3.9/pytorch/aten/src/ATen/native/cuda/Loss.cu:104: operator(): block: [21,0,0], thread: [20,0,0] Assertion `input_val >= zero && input_val <= one` failed.
/tmp/coulombc/pytorch_build_2021-11-10_08-09-16/avx2/python3.9/pytorch/aten/src/ATen/native/cuda/Loss.cu:104: operator(): block: [21,0,0], thread: [21,0,0] Assertion `input_val >= zero && input_val <= one` failed.
/tmp/coulombc/pytorch_build_2021-11-10_08-09-16/avx2/python3.9/pytorch/aten/src/ATen/native/cuda/Loss.cu:104: operator(): block: [21,0,0], thread: [22,0,0] Assertion `input_val >= zero && input_val <= one` failed.
/tmp/coulombc/pytorch_build_2021-11-10_08-09-16/avx2/python3.9/pytorch/aten/src/ATen/native/cuda/Loss.cu:104: operator(): block: [21,0,0], thread: [23,0,0] Assertion `input_val >= zero && input_val <= one` failed.
/tmp/coulombc/pytorch_build_2021-11-10_08-09-16/avx2/python3.9/pytorch/aten/src/ATen/native/cuda/Loss.cu:104: operator(): block: [21,0,0], thread: [24,0,0] Assertion `input_val >= zero && input_val <= one` failed.
/tmp/coulombc/pytorch_build_2021-11-10_08-09-16/avx2/python3.9/pytorch/aten/src/ATen/native/cuda/Loss.cu:104: operator(): block: [21,0,0], thread: [25,0,0] Assertion `input_val >= zero && input_val <= one` failed.
/tmp/coulombc/pytorch_build_2021-11-10_08-09-16/avx2/python3.9/pytorch/aten/src/ATen/native/cuda/Loss.cu:104: operator(): block: [21,0,0], thread: [26,0,0] Assertion `input_val >= zero && input_val <= one` failed.
/tmp/coulombc/pytorch_build_2021-11-10_08-09-16/avx2/python3.9/pytorch/aten/src/ATen/native/cuda/Loss.cu:104: operator(): block: [21,0,0], thread: [27,0,0] Assertion `input_val >= zero && input_val <= one` failed.
/tmp/coulombc/pytorch_build_2021-11-10_08-09-16/avx2/python3.9/pytorch/aten/src/ATen/native/cuda/Loss.cu:104: operator(): block: [21,0,0], thread: [28,0,0] Assertion `input_val >= zero && input_val <= one` failed.
/tmp/coulombc/pytorch_build_2021-11-10_08-09-16/avx2/python3.9/pytorch/aten/src/ATen/native/cuda/Loss.cu:104: operator(): block: [21,0,0], thread: [29,0,0] Assertion `input_val >= zero && input_val <= one` failed.
/tmp/coulombc/pytorch_build_2021-11-10_08-09-16/avx2/python3.9/pytorch/aten/src/ATen/native/cuda/Loss.cu:104: operator(): block: [21,0,0], thread: [30,0,0] Assertion `input_val >= zero && input_val <= one` failed.
/tmp/coulombc/pytorch_build_2021-11-10_08-09-16/avx2/python3.9/pytorch/aten/src/ATen/native/cuda/Loss.cu:104: operator(): block: [21,0,0], thread: [31,0,0] Assertion `input_val >= zero && input_val <= one` failed.
/tmp/coulombc/pytorch_build_2021-11-10_08-09-16/avx2/python3.9/pytorch/aten/src/ATen/native/cuda/Loss.cu:104: operator(): block: [54,0,0], thread: [32,0,0] Assertion `input_val >= zero && input_val <= one` failed.
/tmp/coulombc/pytorch_build_2021-11-10_08-09-16/avx2/python3.9/pytorch/aten/src/ATen/native/cuda/Loss.cu:104: operator(): block: [54,0,0], thread: [33,0,0] Assertion `input_val >= zero && input_val <= one` failed.
/tmp/coulombc/pytorch_build_2021-11-10_08-09-16/avx2/python3.9/pytorch/aten/src/ATen/native/cuda/Loss.cu:104: operator(): block: [54,0,0], thread: [34,0,0] Assertion `input_val >= zero && input_val <= one` failed.
/tmp/coulombc/pytorch_build_2021-11-10_08-09-16/avx2/python3.9/pytorch/aten/src/ATen/native/cuda/Loss.cu:104: operator(): block: [54,0,0], thread: [35,0,0] Assertion `input_val >= zero && input_val <= one` failed.
/tmp/coulombc/pytorch_build_2021-11-10_08-09-16/avx2/python3.9/pytorch/aten/src/ATen/native/cuda/Loss.cu:104: operator(): block: [54,0,0], thread: [36,0,0] Assertion `input_val >= zero && input_val <= one` failed.
/tmp/coulombc/pytorch_build_2021-11-10_08-09-16/avx2/python3.9/pytorch/aten/src/ATen/native/cuda/Loss.cu:104: operator(): block: [54,0,0], thread: [37,0,0] Assertion `input_val >= zero && input_val <= one` failed.
/tmp/coulombc/pytorch_build_2021-11-10_08-09-16/avx2/python3.9/pytorch/aten/src/ATen/native/cuda/Loss.cu:104: operator(): block: [54,0,0], thread: [38,0,0] Assertion `input_val >= zero && input_val <= one` failed.
/tmp/coulombc/pytorch_build_2021-11-10_08-09-16/avx2/python3.9/pytorch/aten/src/ATen/native/cuda/Loss.cu:104: operator(): block: [54,0,0], thread: [39,0,0] Assertion `input_val >= zero && input_val <= one` failed.
/tmp/coulombc/pytorch_build_2021-11-10_08-09-16/avx2/python3.9/pytorch/aten/src/ATen/native/cuda/Loss.cu:104: operator(): block: [54,0,0], thread: [40,0,0] Assertion `input_val >= zero && input_val <= one` failed.
/tmp/coulombc/pytorch_build_2021-11-10_08-09-16/avx2/python3.9/pytorch/aten/src/ATen/native/cuda/Loss.cu:104: operator(): block: [54,0,0], thread: [41,0,0] Assertion `input_val >= zero && input_val <= one` failed.
/tmp/coulombc/pytorch_build_2021-11-10_08-09-16/avx2/python3.9/pytorch/aten/src/ATen/native/cuda/Loss.cu:104: operator(): block: [54,0,0], thread: [42,0,0] Assertion `input_val >= zero && input_val <= one` failed.
/tmp/coulombc/pytorch_build_2021-11-10_08-09-16/avx2/python3.9/pytorch/aten/src/ATen/native/cuda/Loss.cu:104: operator(): block: [54,0,0], thread: [43,0,0] Assertion `input_val >= zero && input_val <= one` failed.
/tmp/coulombc/pytorch_build_2021-11-10_08-09-16/avx2/python3.9/pytorch/aten/src/ATen/native/cuda/Loss.cu:104: operator(): block: [54,0,0], thread: [44,0,0] Assertion `input_val >= zero && input_val <= one` failed.
/tmp/coulombc/pytorch_build_2021-11-10_08-09-16/avx2/python3.9/pytorch/aten/src/ATen/native/cuda/Loss.cu:104: operator(): block: [54,0,0], thread: [45,0,0] Assertion `input_val >= zero && input_val <= one` failed.
/tmp/coulombc/pytorch_build_2021-11-10_08-09-16/avx2/python3.9/pytorch/aten/src/ATen/native/cuda/Loss.cu:104: operator(): block: [54,0,0], thread: [46,0,0] Assertion `input_val >= zero && input_val <= one` failed.
/tmp/coulombc/pytorch_build_2021-11-10_08-09-16/avx2/python3.9/pytorch/aten/src/ATen/native/cuda/Loss.cu:104: operator(): block: [54,0,0], thread: [47,0,0] Assertion `input_val >= zero && input_val <= one` failed.
/tmp/coulombc/pytorch_build_2021-11-10_08-09-16/avx2/python3.9/pytorch/aten/src/ATen/native/cuda/Loss.cu:104: operator(): block: [54,0,0], thread: [48,0,0] Assertion `input_val >= zero && input_val <= one` failed.
/tmp/coulombc/pytorch_build_2021-11-10_08-09-16/avx2/python3.9/pytorch/aten/src/ATen/native/cuda/Loss.cu:104: operator(): block: [54,0,0], thread: [49,0,0] Assertion `input_val >= zero && input_val <= one` failed.
/tmp/coulombc/pytorch_build_2021-11-10_08-09-16/avx2/python3.9/pytorch/aten/src/ATen/native/cuda/Loss.cu:104: operator(): block: [54,0,0], thread: [50,0,0] Assertion `input_val >= zero && input_val <= one` failed.
/tmp/coulombc/pytorch_build_2021-11-10_08-09-16/avx2/python3.9/pytorch/aten/src/ATen/native/cuda/Loss.cu:104: operator(): block: [54,0,0], thread: [51,0,0] Assertion `input_val >= zero && input_val <= one` failed.
/tmp/coulombc/pytorch_build_2021-11-10_08-09-16/avx2/python3.9/pytorch/aten/src/ATen/native/cuda/Loss.cu:104: operator(): block: [54,0,0], thread: [52,0,0] Assertion `input_val >= zero && input_val <= one` failed.
/tmp/coulombc/pytorch_build_2021-11-10_08-09-16/avx2/python3.9/pytorch/aten/src/ATen/native/cuda/Loss.cu:104: operator(): block: [54,0,0], thread: [53,0,0] Assertion `input_val >= zero && input_val <= one` failed.
/tmp/coulombc/pytorch_build_2021-11-10_08-09-16/avx2/python3.9/pytorch/aten/src/ATen/native/cuda/Loss.cu:104: operator(): block: [54,0,0], thread: [54,0,0] Assertion `input_val >= zero && input_val <= one` failed.
/tmp/coulombc/pytorch_build_2021-11-10_08-09-16/avx2/python3.9/pytorch/aten/src/ATen/native/cuda/Loss.cu:104: operator(): block: [54,0,0], thread: [55,0,0] Assertion `input_val >= zero && input_val <= one` failed.
/tmp/coulombc/pytorch_build_2021-11-10_08-09-16/avx2/python3.9/pytorch/aten/src/ATen/native/cuda/Loss.cu:104: operator(): block: [54,0,0], thread: [56,0,0] Assertion `input_val >= zero && input_val <= one` failed.
/tmp/coulombc/pytorch_build_2021-11-10_08-09-16/avx2/python3.9/pytorch/aten/src/ATen/native/cuda/Loss.cu:104: operator(): block: [54,0,0], thread: [57,0,0] Assertion `input_val >= zero && input_val <= one` failed.
/tmp/coulombc/pytorch_build_2021-11-10_08-09-16/avx2/python3.9/pytorch/aten/src/ATen/native/cuda/Loss.cu:104: operator(): block: [54,0,0], thread: [58,0,0] Assertion `input_val >= zero && input_val <= one` failed.
/tmp/coulombc/pytorch_build_2021-11-10_08-09-16/avx2/python3.9/pytorch/aten/src/ATen/native/cuda/Loss.cu:104: operator(): block: [54,0,0], thread: [59,0,0] Assertion `input_val >= zero && input_val <= one` failed.
/tmp/coulombc/pytorch_build_2021-11-10_08-09-16/avx2/python3.9/pytorch/aten/src/ATen/native/cuda/Loss.cu:104: operator(): block: [54,0,0], thread: [60,0,0] Assertion `input_val >= zero && input_val <= one` failed.
/tmp/coulombc/pytorch_build_2021-11-10_08-09-16/avx2/python3.9/pytorch/aten/src/ATen/native/cuda/Loss.cu:104: operator(): block: [54,0,0], thread: [61,0,0] Assertion `input_val >= zero && input_val <= one` failed.
/tmp/coulombc/pytorch_build_2021-11-10_08-09-16/avx2/python3.9/pytorch/aten/src/ATen/native/cuda/Loss.cu:104: operator(): block: [54,0,0], thread: [62,0,0] Assertion `input_val >= zero && input_val <= one` failed.
/tmp/coulombc/pytorch_build_2021-11-10_08-09-16/avx2/python3.9/pytorch/aten/src/ATen/native/cuda/Loss.cu:104: operator(): block: [54,0,0], thread: [63,0,0] Assertion `input_val >= zero && input_val <= one` failed.
/tmp/coulombc/pytorch_build_2021-11-10_08-09-16/avx2/python3.9/pytorch/aten/src/ATen/native/cuda/Loss.cu:104: operator(): block: [56,0,0], thread: [0,0,0] Assertion `input_val >= zero && input_val <= one` failed.
/tmp/coulombc/pytorch_build_2021-11-10_08-09-16/avx2/python3.9/pytorch/aten/src/ATen/native/cuda/Loss.cu:104: operator(): block: [56,0,0], thread: [1,0,0] Assertion `input_val >= zero && input_val <= one` failed.
/tmp/coulombc/pytorch_build_2021-11-10_08-09-16/avx2/python3.9/pytorch/aten/src/ATen/native/cuda/Loss.cu:104: operator(): block: [56,0,0], thread: [2,0,0] Assertion `input_val >= zero && input_val <= one` failed.
/tmp/coulombc/pytorch_build_2021-11-10_08-09-16/avx2/python3.9/pytorch/aten/src/ATen/native/cuda/Loss.cu:104: operator(): block: [56,0,0], thread: [3,0,0] Assertion `input_val >= zero && input_val <= one` failed.
/tmp/coulombc/pytorch_build_2021-11-10_08-09-16/avx2/python3.9/pytorch/aten/src/ATen/native/cuda/Loss.cu:104: operator(): block: [56,0,0], thread: [4,0,0] Assertion `input_val >= zero && input_val <= one` failed.
/tmp/coulombc/pytorch_build_2021-11-10_08-09-16/avx2/python3.9/pytorch/aten/src/ATen/native/cuda/Loss.cu:104: operator(): block: [56,0,0], thread: [5,0,0] Assertion `input_val >= zero && input_val <= one` failed.
/tmp/coulombc/pytorch_build_2021-11-10_08-09-16/avx2/python3.9/pytorch/aten/src/ATen/native/cuda/Loss.cu:104: operator(): block: [56,0,0], thread: [6,0,0] Assertion `input_val >= zero && input_val <= one` failed.
/tmp/coulombc/pytorch_build_2021-11-10_08-09-16/avx2/python3.9/pytorch/aten/src/ATen/native/cuda/Loss.cu:104: operator(): block: [56,0,0], thread: [7,0,0] Assertion `input_val >= zero && input_val <= one` failed.
/tmp/coulombc/pytorch_build_2021-11-10_08-09-16/avx2/python3.9/pytorch/aten/src/ATen/native/cuda/Loss.cu:104: operator(): block: [56,0,0], thread: [8,0,0] Assertion `input_val >= zero && input_val <= one` failed.
/tmp/coulombc/pytorch_build_2021-11-10_08-09-16/avx2/python3.9/pytorch/aten/src/ATen/native/cuda/Loss.cu:104: operator(): block: [56,0,0], thread: [9,0,0] Assertion `input_val >= zero && input_val <= one` failed.
/tmp/coulombc/pytorch_build_2021-11-10_08-09-16/avx2/python3.9/pytorch/aten/src/ATen/native/cuda/Loss.cu:104: operator(): block: [56,0,0], thread: [10,0,0] Assertion `input_val >= zero && input_val <= one` failed.
/tmp/coulombc/pytorch_build_2021-11-10_08-09-16/avx2/python3.9/pytorch/aten/src/ATen/native/cuda/Loss.cu:104: operator(): block: [56,0,0], thread: [11,0,0] Assertion `input_val >= zero && input_val <= one` failed.
/tmp/coulombc/pytorch_build_2021-11-10_08-09-16/avx2/python3.9/pytorch/aten/src/ATen/native/cuda/Loss.cu:104: operator(): block: [56,0,0], thread: [12,0,0] Assertion `input_val >= zero && input_val <= one` failed.
/tmp/coulombc/pytorch_build_2021-11-10_08-09-16/avx2/python3.9/pytorch/aten/src/ATen/native/cuda/Loss.cu:104: operator(): block: [56,0,0], thread: [13,0,0] Assertion `input_val >= zero && input_val <= one` failed.
/tmp/coulombc/pytorch_build_2021-11-10_08-09-16/avx2/python3.9/pytorch/aten/src/ATen/native/cuda/Loss.cu:104: operator(): block: [56,0,0], thread: [14,0,0] Assertion `input_val >= zero && input_val <= one` failed.
/tmp/coulombc/pytorch_build_2021-11-10_08-09-16/avx2/python3.9/pytorch/aten/src/ATen/native/cuda/Loss.cu:104: operator(): block: [56,0,0], thread: [15,0,0] Assertion `input_val >= zero && input_val <= one` failed.
/tmp/coulombc/pytorch_build_2021-11-10_08-09-16/avx2/python3.9/pytorch/aten/src/ATen/native/cuda/Loss.cu:104: operator(): block: [56,0,0], thread: [16,0,0] Assertion `input_val >= zero && input_val <= one` failed.
/tmp/coulombc/pytorch_build_2021-11-10_08-09-16/avx2/python3.9/pytorch/aten/src/ATen/native/cuda/Loss.cu:104: operator(): block: [56,0,0], thread: [17,0,0] Assertion `input_val >= zero && input_val <= one` failed.
/tmp/coulombc/pytorch_build_2021-11-10_08-09-16/avx2/python3.9/pytorch/aten/src/ATen/native/cuda/Loss.cu:104: operator(): block: [56,0,0], thread: [18,0,0] Assertion `input_val >= zero && input_val <= one` failed.
/tmp/coulombc/pytorch_build_2021-11-10_08-09-16/avx2/python3.9/pytorch/aten/src/ATen/native/cuda/Loss.cu:104: operator(): block: [56,0,0], thread: [19,0,0] Assertion `input_val >= zero && input_val <= one` failed.
/tmp/coulombc/pytorch_build_2021-11-10_08-09-16/avx2/python3.9/pytorch/aten/src/ATen/native/cuda/Loss.cu:104: operator(): block: [56,0,0], thread: [20,0,0] Assertion `input_val >= zero && input_val <= one` failed.
/tmp/coulombc/pytorch_build_2021-11-10_08-09-16/avx2/python3.9/pytorch/aten/src/ATen/native/cuda/Loss.cu:104: operator(): block: [56,0,0], thread: [21,0,0] Assertion `input_val >= zero && input_val <= one` failed.
/tmp/coulombc/pytorch_build_2021-11-10_08-09-16/avx2/python3.9/pytorch/aten/src/ATen/native/cuda/Loss.cu:104: operator(): block: [56,0,0], thread: [22,0,0] Assertion `input_val >= zero && input_val <= one` failed.
/tmp/coulombc/pytorch_build_2021-11-10_08-09-16/avx2/python3.9/pytorch/aten/src/ATen/native/cuda/Loss.cu:104: operator(): block: [56,0,0], thread: [23,0,0] Assertion `input_val >= zero && input_val <= one` failed.
/tmp/coulombc/pytorch_build_2021-11-10_08-09-16/avx2/python3.9/pytorch/aten/src/ATen/native/cuda/Loss.cu:104: operator(): block: [56,0,0], thread: [24,0,0] Assertion `input_val >= zero && input_val <= one` failed.
/tmp/coulombc/pytorch_build_2021-11-10_08-09-16/avx2/python3.9/pytorch/aten/src/ATen/native/cuda/Loss.cu:104: operator(): block: [56,0,0], thread: [25,0,0] Assertion `input_val >= zero && input_val <= one` failed.
/tmp/coulombc/pytorch_build_2021-11-10_08-09-16/avx2/python3.9/pytorch/aten/src/ATen/native/cuda/Loss.cu:104: operator(): block: [56,0,0], thread: [26,0,0] Assertion `input_val >= zero && input_val <= one` failed.
/tmp/coulombc/pytorch_build_2021-11-10_08-09-16/avx2/python3.9/pytorch/aten/src/ATen/native/cuda/Loss.cu:104: operator(): block: [56,0,0], thread: [27,0,0] Assertion `input_val >= zero && input_val <= one` failed.
/tmp/coulombc/pytorch_build_2021-11-10_08-09-16/avx2/python3.9/pytorch/aten/src/ATen/native/cuda/Loss.cu:104: operator(): block: [56,0,0], thread: [28,0,0] Assertion `input_val >= zero && input_val <= one` failed.
/tmp/coulombc/pytorch_build_2021-11-10_08-09-16/avx2/python3.9/pytorch/aten/src/ATen/native/cuda/Loss.cu:104: operator(): block: [56,0,0], thread: [29,0,0] Assertion `input_val >= zero && input_val <= one` failed.
/tmp/coulombc/pytorch_build_2021-11-10_08-09-16/avx2/python3.9/pytorch/aten/src/ATen/native/cuda/Loss.cu:104: operator(): block: [56,0,0], thread: [30,0,0] Assertion `input_val >= zero && input_val <= one` failed.
/tmp/coulombc/pytorch_build_2021-11-10_08-09-16/avx2/python3.9/pytorch/aten/src/ATen/native/cuda/Loss.cu:104: operator(): block: [56,0,0], thread: [31,0,0] Assertion `input_val >= zero && input_val <= one` failed.
/tmp/coulombc/pytorch_build_2021-11-10_08-09-16/avx2/python3.9/pytorch/aten/src/ATen/native/cuda/Loss.cu:104: operator(): block: [56,0,0], thread: [32,0,0] Assertion `input_val >= zero && input_val <= one` failed.
/tmp/coulombc/pytorch_build_2021-11-10_08-09-16/avx2/python3.9/pytorch/aten/src/ATen/native/cuda/Loss.cu:104: operator(): block: [56,0,0], thread: [33,0,0] Assertion `input_val >= zero && input_val <= one` failed.
/tmp/coulombc/pytorch_build_2021-11-10_08-09-16/avx2/python3.9/pytorch/aten/src/ATen/native/cuda/Loss.cu:104: operator(): block: [56,0,0], thread: [34,0,0] Assertion `input_val >= zero && input_val <= one` failed.
/tmp/coulombc/pytorch_build_2021-11-10_08-09-16/avx2/python3.9/pytorch/aten/src/ATen/native/cuda/Loss.cu:104: operator(): block: [56,0,0], thread: [35,0,0] Assertion `input_val >= zero && input_val <= one` failed.
/tmp/coulombc/pytorch_build_2021-11-10_08-09-16/avx2/python3.9/pytorch/aten/src/ATen/native/cuda/Loss.cu:104: operator(): block: [56,0,0], thread: [36,0,0] Assertion `input_val >= zero && input_val <= one` failed.
/tmp/coulombc/pytorch_build_2021-11-10_08-09-16/avx2/python3.9/pytorch/aten/src/ATen/native/cuda/Loss.cu:104: operator(): block: [56,0,0], thread: [37,0,0] Assertion `input_val >= zero && input_val <= one` failed.
/tmp/coulombc/pytorch_build_2021-11-10_08-09-16/avx2/python3.9/pytorch/aten/src/ATen/native/cuda/Loss.cu:104: operator(): block: [56,0,0], thread: [38,0,0] Assertion `input_val >= zero && input_val <= one` failed.
/tmp/coulombc/pytorch_build_2021-11-10_08-09-16/avx2/python3.9/pytorch/aten/src/ATen/native/cuda/Loss.cu:104: operator(): block: [56,0,0], thread: [39,0,0] Assertion `input_val >= zero && input_val <= one` failed.
/tmp/coulombc/pytorch_build_2021-11-10_08-09-16/avx2/python3.9/pytorch/aten/src/ATen/native/cuda/Loss.cu:104: operator(): block: [56,0,0], thread: [40,0,0] Assertion `input_val >= zero && input_val <= one` failed.
/tmp/coulombc/pytorch_build_2021-11-10_08-09-16/avx2/python3.9/pytorch/aten/src/ATen/native/cuda/Loss.cu:104: operator(): block: [56,0,0], thread: [41,0,0] Assertion `input_val >= zero && input_val <= one` failed.
/tmp/coulombc/pytorch_build_2021-11-10_08-09-16/avx2/python3.9/pytorch/aten/src/ATen/native/cuda/Loss.cu:104: operator(): block: [56,0,0], thread: [42,0,0] Assertion `input_val >= zero && input_val <= one` failed.
/tmp/coulombc/pytorch_build_2021-11-10_08-09-16/avx2/python3.9/pytorch/aten/src/ATen/native/cuda/Loss.cu:104: operator(): block: [56,0,0], thread: [43,0,0] Assertion `input_val >= zero && input_val <= one` failed.
/tmp/coulombc/pytorch_build_2021-11-10_08-09-16/avx2/python3.9/pytorch/aten/src/ATen/native/cuda/Loss.cu:104: operator(): block: [56,0,0], thread: [44,0,0] Assertion `input_val >= zero && input_val <= one` failed.
/tmp/coulombc/pytorch_build_2021-11-10_08-09-16/avx2/python3.9/pytorch/aten/src/ATen/native/cuda/Loss.cu:104: operator(): block: [56,0,0], thread: [45,0,0] Assertion `input_val >= zero && input_val <= one` failed.
/tmp/coulombc/pytorch_build_2021-11-10_08-09-16/avx2/python3.9/pytorch/aten/src/ATen/native/cuda/Loss.cu:104: operator(): block: [56,0,0], thread: [46,0,0] Assertion `input_val >= zero && input_val <= one` failed.
/tmp/coulombc/pytorch_build_2021-11-10_08-09-16/avx2/python3.9/pytorch/aten/src/ATen/native/cuda/Loss.cu:104: operator(): block: [56,0,0], thread: [47,0,0] Assertion `input_val >= zero && input_val <= one` failed.
/tmp/coulombc/pytorch_build_2021-11-10_08-09-16/avx2/python3.9/pytorch/aten/src/ATen/native/cuda/Loss.cu:104: operator(): block: [56,0,0], thread: [48,0,0] Assertion `input_val >= zero && input_val <= one` failed.
/tmp/coulombc/pytorch_build_2021-11-10_08-09-16/avx2/python3.9/pytorch/aten/src/ATen/native/cuda/Loss.cu:104: operator(): block: [56,0,0], thread: [49,0,0] Assertion `input_val >= zero && input_val <= one` failed.
/tmp/coulombc/pytorch_build_2021-11-10_08-09-16/avx2/python3.9/pytorch/aten/src/ATen/native/cuda/Loss.cu:104: operator(): block: [56,0,0], thread: [50,0,0] Assertion `input_val >= zero && input_val <= one` failed.
/tmp/coulombc/pytorch_build_2021-11-10_08-09-16/avx2/python3.9/pytorch/aten/src/ATen/native/cuda/Loss.cu:104: operator(): block: [56,0,0], thread: [51,0,0] Assertion `input_val >= zero && input_val <= one` failed.
/tmp/coulombc/pytorch_build_2021-11-10_08-09-16/avx2/python3.9/pytorch/aten/src/ATen/native/cuda/Loss.cu:104: operator(): block: [56,0,0], thread: [52,0,0] Assertion `input_val >= zero && input_val <= one` failed.
/tmp/coulombc/pytorch_build_2021-11-10_08-09-16/avx2/python3.9/pytorch/aten/src/ATen/native/cuda/Loss.cu:104: operator(): block: [56,0,0], thread: [53,0,0] Assertion `input_val >= zero && input_val <= one` failed.
/tmp/coulombc/pytorch_build_2021-11-10_08-09-16/avx2/python3.9/pytorch/aten/src/ATen/native/cuda/Loss.cu:104: operator(): block: [56,0,0], thread: [54,0,0] Assertion `input_val >= zero && input_val <= one` failed.
/tmp/coulombc/pytorch_build_2021-11-10_08-09-16/avx2/python3.9/pytorch/aten/src/ATen/native/cuda/Loss.cu:104: operator(): block: [56,0,0], thread: [55,0,0] Assertion `input_val >= zero && input_val <= one` failed.
/tmp/coulombc/pytorch_build_2021-11-10_08-09-16/avx2/python3.9/pytorch/aten/src/ATen/native/cuda/Loss.cu:104: operator(): block: [56,0,0], thread: [56,0,0] Assertion `input_val >= zero && input_val <= one` failed.
/tmp/coulombc/pytorch_build_2021-11-10_08-09-16/avx2/python3.9/pytorch/aten/src/ATen/native/cuda/Loss.cu:104: operator(): block: [56,0,0], thread: [57,0,0] Assertion `input_val >= zero && input_val <= one` failed.
/tmp/coulombc/pytorch_build_2021-11-10_08-09-16/avx2/python3.9/pytorch/aten/src/ATen/native/cuda/Loss.cu:104: operator(): block: [56,0,0], thread: [58,0,0] Assertion `input_val >= zero && input_val <= one` failed.
/tmp/coulombc/pytorch_build_2021-11-10_08-09-16/avx2/python3.9/pytorch/aten/src/ATen/native/cuda/Loss.cu:104: operator(): block: [56,0,0], thread: [59,0,0] Assertion `input_val >= zero && input_val <= one` failed.
/tmp/coulombc/pytorch_build_2021-11-10_08-09-16/avx2/python3.9/pytorch/aten/src/ATen/native/cuda/Loss.cu:104: operator(): block: [56,0,0], thread: [60,0,0] Assertion `input_val >= zero && input_val <= one` failed.
/tmp/coulombc/pytorch_build_2021-11-10_08-09-16/avx2/python3.9/pytorch/aten/src/ATen/native/cuda/Loss.cu:104: operator(): block: [56,0,0], thread: [61,0,0] Assertion `input_val >= zero && input_val <= one` failed.
/tmp/coulombc/pytorch_build_2021-11-10_08-09-16/avx2/python3.9/pytorch/aten/src/ATen/native/cuda/Loss.cu:104: operator(): block: [56,0,0], thread: [62,0,0] Assertion `input_val >= zero && input_val <= one` failed.
/tmp/coulombc/pytorch_build_2021-11-10_08-09-16/avx2/python3.9/pytorch/aten/src/ATen/native/cuda/Loss.cu:104: operator(): block: [56,0,0], thread: [63,0,0] Assertion `input_val >= zero && input_val <= one` failed.
/tmp/coulombc/pytorch_build_2021-11-10_08-09-16/avx2/python3.9/pytorch/aten/src/ATen/native/cuda/Loss.cu:104: operator(): block: [3,0,0], thread: [32,0,0] Assertion `input_val >= zero && input_val <= one` failed.
/tmp/coulombc/pytorch_build_2021-11-10_08-09-16/avx2/python3.9/pytorch/aten/src/ATen/native/cuda/Loss.cu:104: operator(): block: [3,0,0], thread: [33,0,0] Assertion `input_val >= zero && input_val <= one` failed.
/tmp/coulombc/pytorch_build_2021-11-10_08-09-16/avx2/python3.9/pytorch/aten/src/ATen/native/cuda/Loss.cu:104: operator(): block: [3,0,0], thread: [34,0,0] Assertion `input_val >= zero && input_val <= one` failed.
/tmp/coulombc/pytorch_build_2021-11-10_08-09-16/avx2/python3.9/pytorch/aten/src/ATen/native/cuda/Loss.cu:104: operator(): block: [3,0,0], thread: [35,0,0] Assertion `input_val >= zero && input_val <= one` failed.
/tmp/coulombc/pytorch_build_2021-11-10_08-09-16/avx2/python3.9/pytorch/aten/src/ATen/native/cuda/Loss.cu:104: operator(): block: [3,0,0], thread: [36,0,0] Assertion `input_val >= zero && input_val <= one` failed.
/tmp/coulombc/pytorch_build_2021-11-10_08-09-16/avx2/python3.9/pytorch/aten/src/ATen/native/cuda/Loss.cu:104: operator(): block: [3,0,0], thread: [37,0,0] Assertion `input_val >= zero && input_val <= one` failed.
/tmp/coulombc/pytorch_build_2021-11-10_08-09-16/avx2/python3.9/pytorch/aten/src/ATen/native/cuda/Loss.cu:104: operator(): block: [3,0,0], thread: [38,0,0] Assertion `input_val >= zero && input_val <= one` failed.
/tmp/coulombc/pytorch_build_2021-11-10_08-09-16/avx2/python3.9/pytorch/aten/src/ATen/native/cuda/Loss.cu:104: operator(): block: [3,0,0], thread: [39,0,0] Assertion `input_val >= zero && input_val <= one` failed.
/tmp/coulombc/pytorch_build_2021-11-10_08-09-16/avx2/python3.9/pytorch/aten/src/ATen/native/cuda/Loss.cu:104: operator(): block: [3,0,0], thread: [40,0,0] Assertion `input_val >= zero && input_val <= one` failed.
/tmp/coulombc/pytorch_build_2021-11-10_08-09-16/avx2/python3.9/pytorch/aten/src/ATen/native/cuda/Loss.cu:104: operator(): block: [3,0,0], thread: [41,0,0] Assertion `input_val >= zero && input_val <= one` failed.
/tmp/coulombc/pytorch_build_2021-11-10_08-09-16/avx2/python3.9/pytorch/aten/src/ATen/native/cuda/Loss.cu:104: operator(): block: [3,0,0], thread: [42,0,0] Assertion `input_val >= zero && input_val <= one` failed.
/tmp/coulombc/pytorch_build_2021-11-10_08-09-16/avx2/python3.9/pytorch/aten/src/ATen/native/cuda/Loss.cu:104: operator(): block: [3,0,0], thread: [43,0,0] Assertion `input_val >= zero && input_val <= one` failed.
/tmp/coulombc/pytorch_build_2021-11-10_08-09-16/avx2/python3.9/pytorch/aten/src/ATen/native/cuda/Loss.cu:104: operator(): block: [3,0,0], thread: [44,0,0] Assertion `input_val >= zero && input_val <= one` failed.
/tmp/coulombc/pytorch_build_2021-11-10_08-09-16/avx2/python3.9/pytorch/aten/src/ATen/native/cuda/Loss.cu:104: operator(): block: [3,0,0], thread: [45,0,0] Assertion `input_val >= zero && input_val <= one` failed.
/tmp/coulombc/pytorch_build_2021-11-10_08-09-16/avx2/python3.9/pytorch/aten/src/ATen/native/cuda/Loss.cu:104: operator(): block: [3,0,0], thread: [46,0,0] Assertion `input_val >= zero && input_val <= one` failed.
/tmp/coulombc/pytorch_build_2021-11-10_08-09-16/avx2/python3.9/pytorch/aten/src/ATen/native/cuda/Loss.cu:104: operator(): block: [3,0,0], thread: [47,0,0] Assertion `input_val >= zero && input_val <= one` failed.
/tmp/coulombc/pytorch_build_2021-11-10_08-09-16/avx2/python3.9/pytorch/aten/src/ATen/native/cuda/Loss.cu:104: operator(): block: [3,0,0], thread: [48,0,0] Assertion `input_val >= zero && input_val <= one` failed.
/tmp/coulombc/pytorch_build_2021-11-10_08-09-16/avx2/python3.9/pytorch/aten/src/ATen/native/cuda/Loss.cu:104: operator(): block: [3,0,0], thread: [49,0,0] Assertion `input_val >= zero && input_val <= one` failed.
/tmp/coulombc/pytorch_build_2021-11-10_08-09-16/avx2/python3.9/pytorch/aten/src/ATen/native/cuda/Loss.cu:104: operator(): block: [3,0,0], thread: [50,0,0] Assertion `input_val >= zero && input_val <= one` failed.
/tmp/coulombc/pytorch_build_2021-11-10_08-09-16/avx2/python3.9/pytorch/aten/src/ATen/native/cuda/Loss.cu:104: operator(): block: [3,0,0], thread: [51,0,0] Assertion `input_val >= zero && input_val <= one` failed.
/tmp/coulombc/pytorch_build_2021-11-10_08-09-16/avx2/python3.9/pytorch/aten/src/ATen/native/cuda/Loss.cu:104: operator(): block: [3,0,0], thread: [52,0,0] Assertion `input_val >= zero && input_val <= one` failed.
/tmp/coulombc/pytorch_build_2021-11-10_08-09-16/avx2/python3.9/pytorch/aten/src/ATen/native/cuda/Loss.cu:104: operator(): block: [3,0,0], thread: [53,0,0] Assertion `input_val >= zero && input_val <= one` failed.
/tmp/coulombc/pytorch_build_2021-11-10_08-09-16/avx2/python3.9/pytorch/aten/src/ATen/native/cuda/Loss.cu:104: operator(): block: [3,0,0], thread: [54,0,0] Assertion `input_val >= zero && input_val <= one` failed.
/tmp/coulombc/pytorch_build_2021-11-10_08-09-16/avx2/python3.9/pytorch/aten/src/ATen/native/cuda/Loss.cu:104: operator(): block: [3,0,0], thread: [55,0,0] Assertion `input_val >= zero && input_val <= one` failed.
/tmp/coulombc/pytorch_build_2021-11-10_08-09-16/avx2/python3.9/pytorch/aten/src/ATen/native/cuda/Loss.cu:104: operator(): block: [3,0,0], thread: [56,0,0] Assertion `input_val >= zero && input_val <= one` failed.
/tmp/coulombc/pytorch_build_2021-11-10_08-09-16/avx2/python3.9/pytorch/aten/src/ATen/native/cuda/Loss.cu:104: operator(): block: [3,0,0], thread: [57,0,0] Assertion `input_val >= zero && input_val <= one` failed.
/tmp/coulombc/pytorch_build_2021-11-10_08-09-16/avx2/python3.9/pytorch/aten/src/ATen/native/cuda/Loss.cu:104: operator(): block: [3,0,0], thread: [58,0,0] Assertion `input_val >= zero && input_val <= one` failed.
/tmp/coulombc/pytorch_build_2021-11-10_08-09-16/avx2/python3.9/pytorch/aten/src/ATen/native/cuda/Loss.cu:104: operator(): block: [3,0,0], thread: [59,0,0] Assertion `input_val >= zero && input_val <= one` failed.
/tmp/coulombc/pytorch_build_2021-11-10_08-09-16/avx2/python3.9/pytorch/aten/src/ATen/native/cuda/Loss.cu:104: operator(): block: [3,0,0], thread: [60,0,0] Assertion `input_val >= zero && input_val <= one` failed.
/tmp/coulombc/pytorch_build_2021-11-10_08-09-16/avx2/python3.9/pytorch/aten/src/ATen/native/cuda/Loss.cu:104: operator(): block: [3,0,0], thread: [61,0,0] Assertion `input_val >= zero && input_val <= one` failed.
/tmp/coulombc/pytorch_build_2021-11-10_08-09-16/avx2/python3.9/pytorch/aten/src/ATen/native/cuda/Loss.cu:104: operator(): block: [3,0,0], thread: [62,0,0] Assertion `input_val >= zero && input_val <= one` failed.
/tmp/coulombc/pytorch_build_2021-11-10_08-09-16/avx2/python3.9/pytorch/aten/src/ATen/native/cuda/Loss.cu:104: operator(): block: [3,0,0], thread: [63,0,0] Assertion `input_val >= zero && input_val <= one` failed.
/tmp/coulombc/pytorch_build_2021-11-10_08-09-16/avx2/python3.9/pytorch/aten/src/ATen/native/cuda/Loss.cu:104: operator(): block: [21,0,0], thread: [32,0,0] Assertion `input_val >= zero && input_val <= one` failed.
/tmp/coulombc/pytorch_build_2021-11-10_08-09-16/avx2/python3.9/pytorch/aten/src/ATen/native/cuda/Loss.cu:104: operator(): block: [21,0,0], thread: [33,0,0] Assertion `input_val >= zero && input_val <= one` failed.
/tmp/coulombc/pytorch_build_2021-11-10_08-09-16/avx2/python3.9/pytorch/aten/src/ATen/native/cuda/Loss.cu:104: operator(): block: [21,0,0], thread: [34,0,0] Assertion `input_val >= zero && input_val <= one` failed.
/tmp/coulombc/pytorch_build_2021-11-10_08-09-16/avx2/python3.9/pytorch/aten/src/ATen/native/cuda/Loss.cu:104: operator(): block: [21,0,0], thread: [35,0,0] Assertion `input_val >= zero && input_val <= one` failed.
/tmp/coulombc/pytorch_build_2021-11-10_08-09-16/avx2/python3.9/pytorch/aten/src/ATen/native/cuda/Loss.cu:104: operator(): block: [21,0,0], thread: [36,0,0] Assertion `input_val >= zero && input_val <= one` failed.
/tmp/coulombc/pytorch_build_2021-11-10_08-09-16/avx2/python3.9/pytorch/aten/src/ATen/native/cuda/Loss.cu:104: operator(): block: [21,0,0], thread: [37,0,0] Assertion `input_val >= zero && input_val <= one` failed.
/tmp/coulombc/pytorch_build_2021-11-10_08-09-16/avx2/python3.9/pytorch/aten/src/ATen/native/cuda/Loss.cu:104: operator(): block: [21,0,0], thread: [38,0,0] Assertion `input_val >= zero && input_val <= one` failed.
/tmp/coulombc/pytorch_build_2021-11-10_08-09-16/avx2/python3.9/pytorch/aten/src/ATen/native/cuda/Loss.cu:104: operator(): block: [21,0,0], thread: [39,0,0] Assertion `input_val >= zero && input_val <= one` failed.
/tmp/coulombc/pytorch_build_2021-11-10_08-09-16/avx2/python3.9/pytorch/aten/src/ATen/native/cuda/Loss.cu:104: operator(): block: [21,0,0], thread: [40,0,0] Assertion `input_val >= zero && input_val <= one` failed.
/tmp/coulombc/pytorch_build_2021-11-10_08-09-16/avx2/python3.9/pytorch/aten/src/ATen/native/cuda/Loss.cu:104: operator(): block: [21,0,0], thread: [41,0,0] Assertion `input_val >= zero && input_val <= one` failed.
/tmp/coulombc/pytorch_build_2021-11-10_08-09-16/avx2/python3.9/pytorch/aten/src/ATen/native/cuda/Loss.cu:104: operator(): block: [21,0,0], thread: [42,0,0] Assertion `input_val >= zero && input_val <= one` failed.
/tmp/coulombc/pytorch_build_2021-11-10_08-09-16/avx2/python3.9/pytorch/aten/src/ATen/native/cuda/Loss.cu:104: operator(): block: [21,0,0], thread: [43,0,0] Assertion `input_val >= zero && input_val <= one` failed.
/tmp/coulombc/pytorch_build_2021-11-10_08-09-16/avx2/python3.9/pytorch/aten/src/ATen/native/cuda/Loss.cu:104: operator(): block: [21,0,0], thread: [44,0,0] Assertion `input_val >= zero && input_val <= one` failed.
/tmp/coulombc/pytorch_build_2021-11-10_08-09-16/avx2/python3.9/pytorch/aten/src/ATen/native/cuda/Loss.cu:104: operator(): block: [21,0,0], thread: [45,0,0] Assertion `input_val >= zero && input_val <= one` failed.
/tmp/coulombc/pytorch_build_2021-11-10_08-09-16/avx2/python3.9/pytorch/aten/src/ATen/native/cuda/Loss.cu:104: operator(): block: [21,0,0], thread: [46,0,0] Assertion `input_val >= zero && input_val <= one` failed.
/tmp/coulombc/pytorch_build_2021-11-10_08-09-16/avx2/python3.9/pytorch/aten/src/ATen/native/cuda/Loss.cu:104: operator(): block: [21,0,0], thread: [47,0,0] Assertion `input_val >= zero && input_val <= one` failed.
/tmp/coulombc/pytorch_build_2021-11-10_08-09-16/avx2/python3.9/pytorch/aten/src/ATen/native/cuda/Loss.cu:104: operator(): block: [21,0,0], thread: [48,0,0] Assertion `input_val >= zero && input_val <= one` failed.
/tmp/coulombc/pytorch_build_2021-11-10_08-09-16/avx2/python3.9/pytorch/aten/src/ATen/native/cuda/Loss.cu:104: operator(): block: [21,0,0], thread: [49,0,0] Assertion `input_val >= zero && input_val <= one` failed.
/tmp/coulombc/pytorch_build_2021-11-10_08-09-16/avx2/python3.9/pytorch/aten/src/ATen/native/cuda/Loss.cu:104: operator(): block: [21,0,0], thread: [50,0,0] Assertion `input_val >= zero && input_val <= one` failed.
/tmp/coulombc/pytorch_build_2021-11-10_08-09-16/avx2/python3.9/pytorch/aten/src/ATen/native/cuda/Loss.cu:104: operator(): block: [21,0,0], thread: [51,0,0] Assertion `input_val >= zero && input_val <= one` failed.
/tmp/coulombc/pytorch_build_2021-11-10_08-09-16/avx2/python3.9/pytorch/aten/src/ATen/native/cuda/Loss.cu:104: operator(): block: [21,0,0], thread: [52,0,0] Assertion `input_val >= zero && input_val <= one` failed.
/tmp/coulombc/pytorch_build_2021-11-10_08-09-16/avx2/python3.9/pytorch/aten/src/ATen/native/cuda/Loss.cu:104: operator(): block: [21,0,0], thread: [53,0,0] Assertion `input_val >= zero && input_val <= one` failed.
/tmp/coulombc/pytorch_build_2021-11-10_08-09-16/avx2/python3.9/pytorch/aten/src/ATen/native/cuda/Loss.cu:104: operator(): block: [21,0,0], thread: [54,0,0] Assertion `input_val >= zero && input_val <= one` failed.
/tmp/coulombc/pytorch_build_2021-11-10_08-09-16/avx2/python3.9/pytorch/aten/src/ATen/native/cuda/Loss.cu:104: operator(): block: [21,0,0], thread: [55,0,0] Assertion `input_val >= zero && input_val <= one` failed.
/tmp/coulombc/pytorch_build_2021-11-10_08-09-16/avx2/python3.9/pytorch/aten/src/ATen/native/cuda/Loss.cu:104: operator(): block: [21,0,0], thread: [56,0,0] Assertion `input_val >= zero && input_val <= one` failed.
/tmp/coulombc/pytorch_build_2021-11-10_08-09-16/avx2/python3.9/pytorch/aten/src/ATen/native/cuda/Loss.cu:104: operator(): block: [21,0,0], thread: [57,0,0] Assertion `input_val >= zero && input_val <= one` failed.
/tmp/coulombc/pytorch_build_2021-11-10_08-09-16/avx2/python3.9/pytorch/aten/src/ATen/native/cuda/Loss.cu:104: operator(): block: [21,0,0], thread: [58,0,0] Assertion `input_val >= zero && input_val <= one` failed.
/tmp/coulombc/pytorch_build_2021-11-10_08-09-16/avx2/python3.9/pytorch/aten/src/ATen/native/cuda/Loss.cu:104: operator(): block: [21,0,0], thread: [59,0,0] Assertion `input_val >= zero && input_val <= one` failed.
/tmp/coulombc/pytorch_build_2021-11-10_08-09-16/avx2/python3.9/pytorch/aten/src/ATen/native/cuda/Loss.cu:104: operator(): block: [21,0,0], thread: [60,0,0] Assertion `input_val >= zero && input_val <= one` failed.
/tmp/coulombc/pytorch_build_2021-11-10_08-09-16/avx2/python3.9/pytorch/aten/src/ATen/native/cuda/Loss.cu:104: operator(): block: [21,0,0], thread: [61,0,0] Assertion `input_val >= zero && input_val <= one` failed.
/tmp/coulombc/pytorch_build_2021-11-10_08-09-16/avx2/python3.9/pytorch/aten/src/ATen/native/cuda/Loss.cu:104: operator(): block: [21,0,0], thread: [62,0,0] Assertion `input_val >= zero && input_val <= one` failed.
/tmp/coulombc/pytorch_build_2021-11-10_08-09-16/avx2/python3.9/pytorch/aten/src/ATen/native/cuda/Loss.cu:104: operator(): block: [21,0,0], thread: [63,0,0] Assertion `input_val >= zero && input_val <= one` failed.
/tmp/coulombc/pytorch_build_2021-11-10_08-09-16/avx2/python3.9/pytorch/aten/src/ATen/native/cuda/Loss.cu:104: operator(): block: [38,0,0], thread: [0,0,0] Assertion `input_val >= zero && input_val <= one` failed.
/tmp/coulombc/pytorch_build_2021-11-10_08-09-16/avx2/python3.9/pytorch/aten/src/ATen/native/cuda/Loss.cu:104: operator(): block: [38,0,0], thread: [1,0,0] Assertion `input_val >= zero && input_val <= one` failed.
/tmp/coulombc/pytorch_build_2021-11-10_08-09-16/avx2/python3.9/pytorch/aten/src/ATen/native/cuda/Loss.cu:104: operator(): block: [38,0,0], thread: [2,0,0] Assertion `input_val >= zero && input_val <= one` failed.
/tmp/coulombc/pytorch_build_2021-11-10_08-09-16/avx2/python3.9/pytorch/aten/src/ATen/native/cuda/Loss.cu:104: operator(): block: [38,0,0], thread: [3,0,0] Assertion `input_val >= zero && input_val <= one` failed.
/tmp/coulombc/pytorch_build_2021-11-10_08-09-16/avx2/python3.9/pytorch/aten/src/ATen/native/cuda/Loss.cu:104: operator(): block: [38,0,0], thread: [4,0,0] Assertion `input_val >= zero && input_val <= one` failed.
/tmp/coulombc/pytorch_build_2021-11-10_08-09-16/avx2/python3.9/pytorch/aten/src/ATen/native/cuda/Loss.cu:104: operator(): block: [38,0,0], thread: [5,0,0] Assertion `input_val >= zero && input_val <= one` failed.
/tmp/coulombc/pytorch_build_2021-11-10_08-09-16/avx2/python3.9/pytorch/aten/src/ATen/native/cuda/Loss.cu:104: operator(): block: [38,0,0], thread: [6,0,0] Assertion `input_val >= zero && input_val <= one` failed.
/tmp/coulombc/pytorch_build_2021-11-10_08-09-16/avx2/python3.9/pytorch/aten/src/ATen/native/cuda/Loss.cu:104: operator(): block: [38,0,0], thread: [7,0,0] Assertion `input_val >= zero && input_val <= one` failed.
/tmp/coulombc/pytorch_build_2021-11-10_08-09-16/avx2/python3.9/pytorch/aten/src/ATen/native/cuda/Loss.cu:104: operator(): block: [38,0,0], thread: [8,0,0] Assertion `input_val >= zero && input_val <= one` failed.
/tmp/coulombc/pytorch_build_2021-11-10_08-09-16/avx2/python3.9/pytorch/aten/src/ATen/native/cuda/Loss.cu:104: operator(): block: [38,0,0], thread: [9,0,0] Assertion `input_val >= zero && input_val <= one` failed.
/tmp/coulombc/pytorch_build_2021-11-10_08-09-16/avx2/python3.9/pytorch/aten/src/ATen/native/cuda/Loss.cu:104: operator(): block: [38,0,0], thread: [10,0,0] Assertion `input_val >= zero && input_val <= one` failed.
/tmp/coulombc/pytorch_build_2021-11-10_08-09-16/avx2/python3.9/pytorch/aten/src/ATen/native/cuda/Loss.cu:104: operator(): block: [38,0,0], thread: [11,0,0] Assertion `input_val >= zero && input_val <= one` failed.
/tmp/coulombc/pytorch_build_2021-11-10_08-09-16/avx2/python3.9/pytorch/aten/src/ATen/native/cuda/Loss.cu:104: operator(): block: [38,0,0], thread: [12,0,0] Assertion `input_val >= zero && input_val <= one` failed.
/tmp/coulombc/pytorch_build_2021-11-10_08-09-16/avx2/python3.9/pytorch/aten/src/ATen/native/cuda/Loss.cu:104: operator(): block: [38,0,0], thread: [13,0,0] Assertion `input_val >= zero && input_val <= one` failed.
/tmp/coulombc/pytorch_build_2021-11-10_08-09-16/avx2/python3.9/pytorch/aten/src/ATen/native/cuda/Loss.cu:104: operator(): block: [38,0,0], thread: [14,0,0] Assertion `input_val >= zero && input_val <= one` failed.
/tmp/coulombc/pytorch_build_2021-11-10_08-09-16/avx2/python3.9/pytorch/aten/src/ATen/native/cuda/Loss.cu:104: operator(): block: [38,0,0], thread: [15,0,0] Assertion `input_val >= zero && input_val <= one` failed.
/tmp/coulombc/pytorch_build_2021-11-10_08-09-16/avx2/python3.9/pytorch/aten/src/ATen/native/cuda/Loss.cu:104: operator(): block: [38,0,0], thread: [16,0,0] Assertion `input_val >= zero && input_val <= one` failed.
/tmp/coulombc/pytorch_build_2021-11-10_08-09-16/avx2/python3.9/pytorch/aten/src/ATen/native/cuda/Loss.cu:104: operator(): block: [38,0,0], thread: [17,0,0] Assertion `input_val >= zero && input_val <= one` failed.
/tmp/coulombc/pytorch_build_2021-11-10_08-09-16/avx2/python3.9/pytorch/aten/src/ATen/native/cuda/Loss.cu:104: operator(): block: [38,0,0], thread: [18,0,0] Assertion `input_val >= zero && input_val <= one` failed.
/tmp/coulombc/pytorch_build_2021-11-10_08-09-16/avx2/python3.9/pytorch/aten/src/ATen/native/cuda/Loss.cu:104: operator(): block: [38,0,0], thread: [19,0,0] Assertion `input_val >= zero && input_val <= one` failed.
/tmp/coulombc/pytorch_build_2021-11-10_08-09-16/avx2/python3.9/pytorch/aten/src/ATen/native/cuda/Loss.cu:104: operator(): block: [38,0,0], thread: [20,0,0] Assertion `input_val >= zero && input_val <= one` failed.
/tmp/coulombc/pytorch_build_2021-11-10_08-09-16/avx2/python3.9/pytorch/aten/src/ATen/native/cuda/Loss.cu:104: operator(): block: [38,0,0], thread: [21,0,0] Assertion `input_val >= zero && input_val <= one` failed.
/tmp/coulombc/pytorch_build_2021-11-10_08-09-16/avx2/python3.9/pytorch/aten/src/ATen/native/cuda/Loss.cu:104: operator(): block: [38,0,0], thread: [22,0,0] Assertion `input_val >= zero && input_val <= one` failed.
/tmp/coulombc/pytorch_build_2021-11-10_08-09-16/avx2/python3.9/pytorch/aten/src/ATen/native/cuda/Loss.cu:104: operator(): block: [38,0,0], thread: [23,0,0] Assertion `input_val >= zero && input_val <= one` failed.
/tmp/coulombc/pytorch_build_2021-11-10_08-09-16/avx2/python3.9/pytorch/aten/src/ATen/native/cuda/Loss.cu:104: operator(): block: [38,0,0], thread: [24,0,0] Assertion `input_val >= zero && input_val <= one` failed.
/tmp/coulombc/pytorch_build_2021-11-10_08-09-16/avx2/python3.9/pytorch/aten/src/ATen/native/cuda/Loss.cu:104: operator(): block: [38,0,0], thread: [25,0,0] Assertion `input_val >= zero && input_val <= one` failed.
/tmp/coulombc/pytorch_build_2021-11-10_08-09-16/avx2/python3.9/pytorch/aten/src/ATen/native/cuda/Loss.cu:104: operator(): block: [38,0,0], thread: [26,0,0] Assertion `input_val >= zero && input_val <= one` failed.
/tmp/coulombc/pytorch_build_2021-11-10_08-09-16/avx2/python3.9/pytorch/aten/src/ATen/native/cuda/Loss.cu:104: operator(): block: [38,0,0], thread: [27,0,0] Assertion `input_val >= zero && input_val <= one` failed.
/tmp/coulombc/pytorch_build_2021-11-10_08-09-16/avx2/python3.9/pytorch/aten/src/ATen/native/cuda/Loss.cu:104: operator(): block: [38,0,0], thread: [28,0,0] Assertion `input_val >= zero && input_val <= one` failed.
/tmp/coulombc/pytorch_build_2021-11-10_08-09-16/avx2/python3.9/pytorch/aten/src/ATen/native/cuda/Loss.cu:104: operator(): block: [38,0,0], thread: [29,0,0] Assertion `input_val >= zero && input_val <= one` failed.
/tmp/coulombc/pytorch_build_2021-11-10_08-09-16/avx2/python3.9/pytorch/aten/src/ATen/native/cuda/Loss.cu:104: operator(): block: [38,0,0], thread: [30,0,0] Assertion `input_val >= zero && input_val <= one` failed.
/tmp/coulombc/pytorch_build_2021-11-10_08-09-16/avx2/python3.9/pytorch/aten/src/ATen/native/cuda/Loss.cu:104: operator(): block: [38,0,0], thread: [31,0,0] Assertion `input_val >= zero && input_val <= one` failed.
/tmp/coulombc/pytorch_build_2021-11-10_08-09-16/avx2/python3.9/pytorch/aten/src/ATen/native/cuda/Loss.cu:104: operator(): block: [35,0,0], thread: [0,0,0] Assertion `input_val >= zero && input_val <= one` failed.
/tmp/coulombc/pytorch_build_2021-11-10_08-09-16/avx2/python3.9/pytorch/aten/src/ATen/native/cuda/Loss.cu:104: operator(): block: [35,0,0], thread: [1,0,0] Assertion `input_val >= zero && input_val <= one` failed.
/tmp/coulombc/pytorch_build_2021-11-10_08-09-16/avx2/python3.9/pytorch/aten/src/ATen/native/cuda/Loss.cu:104: operator(): block: [35,0,0], thread: [2,0,0] Assertion `input_val >= zero && input_val <= one` failed.
/tmp/coulombc/pytorch_build_2021-11-10_08-09-16/avx2/python3.9/pytorch/aten/src/ATen/native/cuda/Loss.cu:104: operator(): block: [35,0,0], thread: [3,0,0] Assertion `input_val >= zero && input_val <= one` failed.
/tmp/coulombc/pytorch_build_2021-11-10_08-09-16/avx2/python3.9/pytorch/aten/src/ATen/native/cuda/Loss.cu:104: operator(): block: [35,0,0], thread: [4,0,0] Assertion `input_val >= zero && input_val <= one` failed.
/tmp/coulombc/pytorch_build_2021-11-10_08-09-16/avx2/python3.9/pytorch/aten/src/ATen/native/cuda/Loss.cu:104: operator(): block: [35,0,0], thread: [5,0,0] Assertion `input_val >= zero && input_val <= one` failed.
/tmp/coulombc/pytorch_build_2021-11-10_08-09-16/avx2/python3.9/pytorch/aten/src/ATen/native/cuda/Loss.cu:104: operator(): block: [35,0,0], thread: [6,0,0] Assertion `input_val >= zero && input_val <= one` failed.
/tmp/coulombc/pytorch_build_2021-11-10_08-09-16/avx2/python3.9/pytorch/aten/src/ATen/native/cuda/Loss.cu:104: operator(): block: [35,0,0], thread: [7,0,0] Assertion `input_val >= zero && input_val <= one` failed.
/tmp/coulombc/pytorch_build_2021-11-10_08-09-16/avx2/python3.9/pytorch/aten/src/ATen/native/cuda/Loss.cu:104: operator(): block: [35,0,0], thread: [8,0,0] Assertion `input_val >= zero && input_val <= one` failed.
/tmp/coulombc/pytorch_build_2021-11-10_08-09-16/avx2/python3.9/pytorch/aten/src/ATen/native/cuda/Loss.cu:104: operator(): block: [35,0,0], thread: [9,0,0] Assertion `input_val >= zero && input_val <= one` failed.
/tmp/coulombc/pytorch_build_2021-11-10_08-09-16/avx2/python3.9/pytorch/aten/src/ATen/native/cuda/Loss.cu:104: operator(): block: [35,0,0], thread: [10,0,0] Assertion `input_val >= zero && input_val <= one` failed.
/tmp/coulombc/pytorch_build_2021-11-10_08-09-16/avx2/python3.9/pytorch/aten/src/ATen/native/cuda/Loss.cu:104: operator(): block: [35,0,0], thread: [11,0,0] Assertion `input_val >= zero && input_val <= one` failed.
/tmp/coulombc/pytorch_build_2021-11-10_08-09-16/avx2/python3.9/pytorch/aten/src/ATen/native/cuda/Loss.cu:104: operator(): block: [35,0,0], thread: [12,0,0] Assertion `input_val >= zero && input_val <= one` failed.
/tmp/coulombc/pytorch_build_2021-11-10_08-09-16/avx2/python3.9/pytorch/aten/src/ATen/native/cuda/Loss.cu:104: operator(): block: [35,0,0], thread: [13,0,0] Assertion `input_val >= zero && input_val <= one` failed.
/tmp/coulombc/pytorch_build_2021-11-10_08-09-16/avx2/python3.9/pytorch/aten/src/ATen/native/cuda/Loss.cu:104: operator(): block: [35,0,0], thread: [14,0,0] Assertion `input_val >= zero && input_val <= one` failed.
/tmp/coulombc/pytorch_build_2021-11-10_08-09-16/avx2/python3.9/pytorch/aten/src/ATen/native/cuda/Loss.cu:104: operator(): block: [35,0,0], thread: [15,0,0] Assertion `input_val >= zero && input_val <= one` failed.
/tmp/coulombc/pytorch_build_2021-11-10_08-09-16/avx2/python3.9/pytorch/aten/src/ATen/native/cuda/Loss.cu:104: operator(): block: [35,0,0], thread: [16,0,0] Assertion `input_val >= zero && input_val <= one` failed.
/tmp/coulombc/pytorch_build_2021-11-10_08-09-16/avx2/python3.9/pytorch/aten/src/ATen/native/cuda/Loss.cu:104: operator(): block: [35,0,0], thread: [17,0,0] Assertion `input_val >= zero && input_val <= one` failed.
/tmp/coulombc/pytorch_build_2021-11-10_08-09-16/avx2/python3.9/pytorch/aten/src/ATen/native/cuda/Loss.cu:104: operator(): block: [35,0,0], thread: [18,0,0] Assertion `input_val >= zero && input_val <= one` failed.
/tmp/coulombc/pytorch_build_2021-11-10_08-09-16/avx2/python3.9/pytorch/aten/src/ATen/native/cuda/Loss.cu:104: operator(): block: [35,0,0], thread: [19,0,0] Assertion `input_val >= zero && input_val <= one` failed.
/tmp/coulombc/pytorch_build_2021-11-10_08-09-16/avx2/python3.9/pytorch/aten/src/ATen/native/cuda/Loss.cu:104: operator(): block: [35,0,0], thread: [20,0,0] Assertion `input_val >= zero && input_val <= one` failed.
/tmp/coulombc/pytorch_build_2021-11-10_08-09-16/avx2/python3.9/pytorch/aten/src/ATen/native/cuda/Loss.cu:104: operator(): block: [35,0,0], thread: [21,0,0] Assertion `input_val >= zero && input_val <= one` failed.
/tmp/coulombc/pytorch_build_2021-11-10_08-09-16/avx2/python3.9/pytorch/aten/src/ATen/native/cuda/Loss.cu:104: operator(): block: [35,0,0], thread: [22,0,0] Assertion `input_val >= zero && input_val <= one` failed.
/tmp/coulombc/pytorch_build_2021-11-10_08-09-16/avx2/python3.9/pytorch/aten/src/ATen/native/cuda/Loss.cu:104: operator(): block: [35,0,0], thread: [23,0,0] Assertion `input_val >= zero && input_val <= one` failed.
/tmp/coulombc/pytorch_build_2021-11-10_08-09-16/avx2/python3.9/pytorch/aten/src/ATen/native/cuda/Loss.cu:104: operator(): block: [35,0,0], thread: [24,0,0] Assertion `input_val >= zero && input_val <= one` failed.
/tmp/coulombc/pytorch_build_2021-11-10_08-09-16/avx2/python3.9/pytorch/aten/src/ATen/native/cuda/Loss.cu:104: operator(): block: [35,0,0], thread: [25,0,0] Assertion `input_val >= zero && input_val <= one` failed.
/tmp/coulombc/pytorch_build_2021-11-10_08-09-16/avx2/python3.9/pytorch/aten/src/ATen/native/cuda/Loss.cu:104: operator(): block: [35,0,0], thread: [26,0,0] Assertion `input_val >= zero && input_val <= one` failed.
/tmp/coulombc/pytorch_build_2021-11-10_08-09-16/avx2/python3.9/pytorch/aten/src/ATen/native/cuda/Loss.cu:104: operator(): block: [35,0,0], thread: [27,0,0] Assertion `input_val >= zero && input_val <= one` failed.
/tmp/coulombc/pytorch_build_2021-11-10_08-09-16/avx2/python3.9/pytorch/aten/src/ATen/native/cuda/Loss.cu:104: operator(): block: [35,0,0], thread: [28,0,0] Assertion `input_val >= zero && input_val <= one` failed.
/tmp/coulombc/pytorch_build_2021-11-10_08-09-16/avx2/python3.9/pytorch/aten/src/ATen/native/cuda/Loss.cu:104: operator(): block: [35,0,0], thread: [29,0,0] Assertion `input_val >= zero && input_val <= one` failed.
/tmp/coulombc/pytorch_build_2021-11-10_08-09-16/avx2/python3.9/pytorch/aten/src/ATen/native/cuda/Loss.cu:104: operator(): block: [35,0,0], thread: [30,0,0] Assertion `input_val >= zero && input_val <= one` failed.
/tmp/coulombc/pytorch_build_2021-11-10_08-09-16/avx2/python3.9/pytorch/aten/src/ATen/native/cuda/Loss.cu:104: operator(): block: [35,0,0], thread: [31,0,0] Assertion `input_val >= zero && input_val <= one` failed.
/tmp/coulombc/pytorch_build_2021-11-10_08-09-16/avx2/python3.9/pytorch/aten/src/ATen/native/cuda/Loss.cu:104: operator(): block: [38,0,0], thread: [32,0,0] Assertion `input_val >= zero && input_val <= one` failed.
/tmp/coulombc/pytorch_build_2021-11-10_08-09-16/avx2/python3.9/pytorch/aten/src/ATen/native/cuda/Loss.cu:104: operator(): block: [38,0,0], thread: [33,0,0] Assertion `input_val >= zero && input_val <= one` failed.
/tmp/coulombc/pytorch_build_2021-11-10_08-09-16/avx2/python3.9/pytorch/aten/src/ATen/native/cuda/Loss.cu:104: operator(): block: [38,0,0], thread: [34,0,0] Assertion `input_val >= zero && input_val <= one` failed.
/tmp/coulombc/pytorch_build_2021-11-10_08-09-16/avx2/python3.9/pytorch/aten/src/ATen/native/cuda/Loss.cu:104: operator(): block: [38,0,0], thread: [35,0,0] Assertion `input_val >= zero && input_val <= one` failed.
/tmp/coulombc/pytorch_build_2021-11-10_08-09-16/avx2/python3.9/pytorch/aten/src/ATen/native/cuda/Loss.cu:104: operator(): block: [38,0,0], thread: [36,0,0] Assertion `input_val >= zero && input_val <= one` failed.
/tmp/coulombc/pytorch_build_2021-11-10_08-09-16/avx2/python3.9/pytorch/aten/src/ATen/native/cuda/Loss.cu:104: operator(): block: [38,0,0], thread: [37,0,0] Assertion `input_val >= zero && input_val <= one` failed.
/tmp/coulombc/pytorch_build_2021-11-10_08-09-16/avx2/python3.9/pytorch/aten/src/ATen/native/cuda/Loss.cu:104: operator(): block: [38,0,0], thread: [38,0,0] Assertion `input_val >= zero && input_val <= one` failed.
/tmp/coulombc/pytorch_build_2021-11-10_08-09-16/avx2/python3.9/pytorch/aten/src/ATen/native/cuda/Loss.cu:104: operator(): block: [38,0,0], thread: [39,0,0] Assertion `input_val >= zero && input_val <= one` failed.
/tmp/coulombc/pytorch_build_2021-11-10_08-09-16/avx2/python3.9/pytorch/aten/src/ATen/native/cuda/Loss.cu:104: operator(): block: [38,0,0], thread: [40,0,0] Assertion `input_val >= zero && input_val <= one` failed.
/tmp/coulombc/pytorch_build_2021-11-10_08-09-16/avx2/python3.9/pytorch/aten/src/ATen/native/cuda/Loss.cu:104: operator(): block: [38,0,0], thread: [41,0,0] Assertion `input_val >= zero && input_val <= one` failed.
/tmp/coulombc/pytorch_build_2021-11-10_08-09-16/avx2/python3.9/pytorch/aten/src/ATen/native/cuda/Loss.cu:104: operator(): block: [38,0,0], thread: [42,0,0] Assertion `input_val >= zero && input_val <= one` failed.
/tmp/coulombc/pytorch_build_2021-11-10_08-09-16/avx2/python3.9/pytorch/aten/src/ATen/native/cuda/Loss.cu:104: operator(): block: [38,0,0], thread: [43,0,0] Assertion `input_val >= zero && input_val <= one` failed.
/tmp/coulombc/pytorch_build_2021-11-10_08-09-16/avx2/python3.9/pytorch/aten/src/ATen/native/cuda/Loss.cu:104: operator(): block: [38,0,0], thread: [44,0,0] Assertion `input_val >= zero && input_val <= one` failed.
/tmp/coulombc/pytorch_build_2021-11-10_08-09-16/avx2/python3.9/pytorch/aten/src/ATen/native/cuda/Loss.cu:104: operator(): block: [38,0,0], thread: [45,0,0] Assertion `input_val >= zero && input_val <= one` failed.
/tmp/coulombc/pytorch_build_2021-11-10_08-09-16/avx2/python3.9/pytorch/aten/src/ATen/native/cuda/Loss.cu:104: operator(): block: [38,0,0], thread: [46,0,0] Assertion `input_val >= zero && input_val <= one` failed.
/tmp/coulombc/pytorch_build_2021-11-10_08-09-16/avx2/python3.9/pytorch/aten/src/ATen/native/cuda/Loss.cu:104: operator(): block: [38,0,0], thread: [47,0,0] Assertion `input_val >= zero && input_val <= one` failed.
/tmp/coulombc/pytorch_build_2021-11-10_08-09-16/avx2/python3.9/pytorch/aten/src/ATen/native/cuda/Loss.cu:104: operator(): block: [38,0,0], thread: [48,0,0] Assertion `input_val >= zero && input_val <= one` failed.
/tmp/coulombc/pytorch_build_2021-11-10_08-09-16/avx2/python3.9/pytorch/aten/src/ATen/native/cuda/Loss.cu:104: operator(): block: [38,0,0], thread: [49,0,0] Assertion `input_val >= zero && input_val <= one` failed.
/tmp/coulombc/pytorch_build_2021-11-10_08-09-16/avx2/python3.9/pytorch/aten/src/ATen/native/cuda/Loss.cu:104: operator(): block: [38,0,0], thread: [50,0,0] Assertion `input_val >= zero && input_val <= one` failed.
/tmp/coulombc/pytorch_build_2021-11-10_08-09-16/avx2/python3.9/pytorch/aten/src/ATen/native/cuda/Loss.cu:104: operator(): block: [38,0,0], thread: [51,0,0] Assertion `input_val >= zero && input_val <= one` failed.
/tmp/coulombc/pytorch_build_2021-11-10_08-09-16/avx2/python3.9/pytorch/aten/src/ATen/native/cuda/Loss.cu:104: operator(): block: [38,0,0], thread: [52,0,0] Assertion `input_val >= zero && input_val <= one` failed.
/tmp/coulombc/pytorch_build_2021-11-10_08-09-16/avx2/python3.9/pytorch/aten/src/ATen/native/cuda/Loss.cu:104: operator(): block: [38,0,0], thread: [53,0,0] Assertion `input_val >= zero && input_val <= one` failed.
/tmp/coulombc/pytorch_build_2021-11-10_08-09-16/avx2/python3.9/pytorch/aten/src/ATen/native/cuda/Loss.cu:104: operator(): block: [38,0,0], thread: [54,0,0] Assertion `input_val >= zero && input_val <= one` failed.
/tmp/coulombc/pytorch_build_2021-11-10_08-09-16/avx2/python3.9/pytorch/aten/src/ATen/native/cuda/Loss.cu:104: operator(): block: [38,0,0], thread: [55,0,0] Assertion `input_val >= zero && input_val <= one` failed.
/tmp/coulombc/pytorch_build_2021-11-10_08-09-16/avx2/python3.9/pytorch/aten/src/ATen/native/cuda/Loss.cu:104: operator(): block: [38,0,0], thread: [56,0,0] Assertion `input_val >= zero && input_val <= one` failed.
/tmp/coulombc/pytorch_build_2021-11-10_08-09-16/avx2/python3.9/pytorch/aten/src/ATen/native/cuda/Loss.cu:104: operator(): block: [38,0,0], thread: [57,0,0] Assertion `input_val >= zero && input_val <= one` failed.
/tmp/coulombc/pytorch_build_2021-11-10_08-09-16/avx2/python3.9/pytorch/aten/src/ATen/native/cuda/Loss.cu:104: operator(): block: [38,0,0], thread: [58,0,0] Assertion `input_val >= zero && input_val <= one` failed.
/tmp/coulombc/pytorch_build_2021-11-10_08-09-16/avx2/python3.9/pytorch/aten/src/ATen/native/cuda/Loss.cu:104: operator(): block: [38,0,0], thread: [59,0,0] Assertion `input_val >= zero && input_val <= one` failed.
/tmp/coulombc/pytorch_build_2021-11-10_08-09-16/avx2/python3.9/pytorch/aten/src/ATen/native/cuda/Loss.cu:104: operator(): block: [38,0,0], thread: [60,0,0] Assertion `input_val >= zero && input_val <= one` failed.
/tmp/coulombc/pytorch_build_2021-11-10_08-09-16/avx2/python3.9/pytorch/aten/src/ATen/native/cuda/Loss.cu:104: operator(): block: [38,0,0], thread: [61,0,0] Assertion `input_val >= zero && input_val <= one` failed.
/tmp/coulombc/pytorch_build_2021-11-10_08-09-16/avx2/python3.9/pytorch/aten/src/ATen/native/cuda/Loss.cu:104: operator(): block: [38,0,0], thread: [62,0,0] Assertion `input_val >= zero && input_val <= one` failed.
/tmp/coulombc/pytorch_build_2021-11-10_08-09-16/avx2/python3.9/pytorch/aten/src/ATen/native/cuda/Loss.cu:104: operator(): block: [38,0,0], thread: [63,0,0] Assertion `input_val >= zero && input_val <= one` failed.
/tmp/coulombc/pytorch_build_2021-11-10_08-09-16/avx2/python3.9/pytorch/aten/src/ATen/native/cuda/Loss.cu:104: operator(): block: [35,0,0], thread: [32,0,0] Assertion `input_val >= zero && input_val <= one` failed.
/tmp/coulombc/pytorch_build_2021-11-10_08-09-16/avx2/python3.9/pytorch/aten/src/ATen/native/cuda/Loss.cu:104: operator(): block: [35,0,0], thread: [33,0,0] Assertion `input_val >= zero && input_val <= one` failed.
/tmp/coulombc/pytorch_build_2021-11-10_08-09-16/avx2/python3.9/pytorch/aten/src/ATen/native/cuda/Loss.cu:104: operator(): block: [35,0,0], thread: [34,0,0] Assertion `input_val >= zero && input_val <= one` failed.
/tmp/coulombc/pytorch_build_2021-11-10_08-09-16/avx2/python3.9/pytorch/aten/src/ATen/native/cuda/Loss.cu:104: operator(): block: [35,0,0], thread: [35,0,0] Assertion `input_val >= zero && input_val <= one` failed.
/tmp/coulombc/pytorch_build_2021-11-10_08-09-16/avx2/python3.9/pytorch/aten/src/ATen/native/cuda/Loss.cu:104: operator(): block: [35,0,0], thread: [36,0,0] Assertion `input_val >= zero && input_val <= one` failed.
/tmp/coulombc/pytorch_build_2021-11-10_08-09-16/avx2/python3.9/pytorch/aten/src/ATen/native/cuda/Loss.cu:104: operator(): block: [35,0,0], thread: [37,0,0] Assertion `input_val >= zero && input_val <= one` failed.
/tmp/coulombc/pytorch_build_2021-11-10_08-09-16/avx2/python3.9/pytorch/aten/src/ATen/native/cuda/Loss.cu:104: operator(): block: [35,0,0], thread: [38,0,0] Assertion `input_val >= zero && input_val <= one` failed.
/tmp/coulombc/pytorch_build_2021-11-10_08-09-16/avx2/python3.9/pytorch/aten/src/ATen/native/cuda/Loss.cu:104: operator(): block: [35,0,0], thread: [39,0,0] Assertion `input_val >= zero && input_val <= one` failed.
/tmp/coulombc/pytorch_build_2021-11-10_08-09-16/avx2/python3.9/pytorch/aten/src/ATen/native/cuda/Loss.cu:104: operator(): block: [35,0,0], thread: [40,0,0] Assertion `input_val >= zero && input_val <= one` failed.
/tmp/coulombc/pytorch_build_2021-11-10_08-09-16/avx2/python3.9/pytorch/aten/src/ATen/native/cuda/Loss.cu:104: operator(): block: [35,0,0], thread: [41,0,0] Assertion `input_val >= zero && input_val <= one` failed.
/tmp/coulombc/pytorch_build_2021-11-10_08-09-16/avx2/python3.9/pytorch/aten/src/ATen/native/cuda/Loss.cu:104: operator(): block: [35,0,0], thread: [42,0,0] Assertion `input_val >= zero && input_val <= one` failed.
/tmp/coulombc/pytorch_build_2021-11-10_08-09-16/avx2/python3.9/pytorch/aten/src/ATen/native/cuda/Loss.cu:104: operator(): block: [35,0,0], thread: [43,0,0] Assertion `input_val >= zero && input_val <= one` failed.
/tmp/coulombc/pytorch_build_2021-11-10_08-09-16/avx2/python3.9/pytorch/aten/src/ATen/native/cuda/Loss.cu:104: operator(): block: [35,0,0], thread: [44,0,0] Assertion `input_val >= zero && input_val <= one` failed.
/tmp/coulombc/pytorch_build_2021-11-10_08-09-16/avx2/python3.9/pytorch/aten/src/ATen/native/cuda/Loss.cu:104: operator(): block: [35,0,0], thread: [45,0,0] Assertion `input_val >= zero && input_val <= one` failed.
/tmp/coulombc/pytorch_build_2021-11-10_08-09-16/avx2/python3.9/pytorch/aten/src/ATen/native/cuda/Loss.cu:104: operator(): block: [35,0,0], thread: [46,0,0] Assertion `input_val >= zero && input_val <= one` failed.
/tmp/coulombc/pytorch_build_2021-11-10_08-09-16/avx2/python3.9/pytorch/aten/src/ATen/native/cuda/Loss.cu:104: operator(): block: [35,0,0], thread: [47,0,0] Assertion `input_val >= zero && input_val <= one` failed.
/tmp/coulombc/pytorch_build_2021-11-10_08-09-16/avx2/python3.9/pytorch/aten/src/ATen/native/cuda/Loss.cu:104: operator(): block: [35,0,0], thread: [48,0,0] Assertion `input_val >= zero && input_val <= one` failed.
/tmp/coulombc/pytorch_build_2021-11-10_08-09-16/avx2/python3.9/pytorch/aten/src/ATen/native/cuda/Loss.cu:104: operator(): block: [35,0,0], thread: [49,0,0] Assertion `input_val >= zero && input_val <= one` failed.
/tmp/coulombc/pytorch_build_2021-11-10_08-09-16/avx2/python3.9/pytorch/aten/src/ATen/native/cuda/Loss.cu:104: operator(): block: [35,0,0], thread: [50,0,0] Assertion `input_val >= zero && input_val <= one` failed.
/tmp/coulombc/pytorch_build_2021-11-10_08-09-16/avx2/python3.9/pytorch/aten/src/ATen/native/cuda/Loss.cu:104: operator(): block: [35,0,0], thread: [51,0,0] Assertion `input_val >= zero && input_val <= one` failed.
/tmp/coulombc/pytorch_build_2021-11-10_08-09-16/avx2/python3.9/pytorch/aten/src/ATen/native/cuda/Loss.cu:104: operator(): block: [35,0,0], thread: [52,0,0] Assertion `input_val >= zero && input_val <= one` failed.
/tmp/coulombc/pytorch_build_2021-11-10_08-09-16/avx2/python3.9/pytorch/aten/src/ATen/native/cuda/Loss.cu:104: operator(): block: [35,0,0], thread: [53,0,0] Assertion `input_val >= zero && input_val <= one` failed.
/tmp/coulombc/pytorch_build_2021-11-10_08-09-16/avx2/python3.9/pytorch/aten/src/ATen/native/cuda/Loss.cu:104: operator(): block: [35,0,0], thread: [54,0,0] Assertion `input_val >= zero && input_val <= one` failed.
/tmp/coulombc/pytorch_build_2021-11-10_08-09-16/avx2/python3.9/pytorch/aten/src/ATen/native/cuda/Loss.cu:104: operator(): block: [35,0,0], thread: [55,0,0] Assertion `input_val >= zero && input_val <= one` failed.
/tmp/coulombc/pytorch_build_2021-11-10_08-09-16/avx2/python3.9/pytorch/aten/src/ATen/native/cuda/Loss.cu:104: operator(): block: [35,0,0], thread: [56,0,0] Assertion `input_val >= zero && input_val <= one` failed.
/tmp/coulombc/pytorch_build_2021-11-10_08-09-16/avx2/python3.9/pytorch/aten/src/ATen/native/cuda/Loss.cu:104: operator(): block: [35,0,0], thread: [57,0,0] Assertion `input_val >= zero && input_val <= one` failed.
/tmp/coulombc/pytorch_build_2021-11-10_08-09-16/avx2/python3.9/pytorch/aten/src/ATen/native/cuda/Loss.cu:104: operator(): block: [35,0,0], thread: [58,0,0] Assertion `input_val >= zero && input_val <= one` failed.
/tmp/coulombc/pytorch_build_2021-11-10_08-09-16/avx2/python3.9/pytorch/aten/src/ATen/native/cuda/Loss.cu:104: operator(): block: [35,0,0], thread: [59,0,0] Assertion `input_val >= zero && input_val <= one` failed.
/tmp/coulombc/pytorch_build_2021-11-10_08-09-16/avx2/python3.9/pytorch/aten/src/ATen/native/cuda/Loss.cu:104: operator(): block: [35,0,0], thread: [60,0,0] Assertion `input_val >= zero && input_val <= one` failed.
/tmp/coulombc/pytorch_build_2021-11-10_08-09-16/avx2/python3.9/pytorch/aten/src/ATen/native/cuda/Loss.cu:104: operator(): block: [35,0,0], thread: [61,0,0] Assertion `input_val >= zero && input_val <= one` failed.
/tmp/coulombc/pytorch_build_2021-11-10_08-09-16/avx2/python3.9/pytorch/aten/src/ATen/native/cuda/Loss.cu:104: operator(): block: [35,0,0], thread: [62,0,0] Assertion `input_val >= zero && input_val <= one` failed.
/tmp/coulombc/pytorch_build_2021-11-10_08-09-16/avx2/python3.9/pytorch/aten/src/ATen/native/cuda/Loss.cu:104: operator(): block: [35,0,0], thread: [63,0,0] Assertion `input_val >= zero && input_val <= one` failed.
/tmp/coulombc/pytorch_build_2021-11-10_08-09-16/avx2/python3.9/pytorch/aten/src/ATen/native/cuda/Loss.cu:104: operator(): block: [44,0,0], thread: [32,0,0] Assertion `input_val >= zero && input_val <= one` failed.
/tmp/coulombc/pytorch_build_2021-11-10_08-09-16/avx2/python3.9/pytorch/aten/src/ATen/native/cuda/Loss.cu:104: operator(): block: [44,0,0], thread: [33,0,0] Assertion `input_val >= zero && input_val <= one` failed.
/tmp/coulombc/pytorch_build_2021-11-10_08-09-16/avx2/python3.9/pytorch/aten/src/ATen/native/cuda/Loss.cu:104: operator(): block: [44,0,0], thread: [34,0,0] Assertion `input_val >= zero && input_val <= one` failed.
/tmp/coulombc/pytorch_build_2021-11-10_08-09-16/avx2/python3.9/pytorch/aten/src/ATen/native/cuda/Loss.cu:104: operator(): block: [44,0,0], thread: [35,0,0] Assertion `input_val >= zero && input_val <= one` failed.
/tmp/coulombc/pytorch_build_2021-11-10_08-09-16/avx2/python3.9/pytorch/aten/src/ATen/native/cuda/Loss.cu:104: operator(): block: [44,0,0], thread: [36,0,0] Assertion `input_val >= zero && input_val <= one` failed.
/tmp/coulombc/pytorch_build_2021-11-10_08-09-16/avx2/python3.9/pytorch/aten/src/ATen/native/cuda/Loss.cu:104: operator(): block: [44,0,0], thread: [37,0,0] Assertion `input_val >= zero && input_val <= one` failed.
/tmp/coulombc/pytorch_build_2021-11-10_08-09-16/avx2/python3.9/pytorch/aten/src/ATen/native/cuda/Loss.cu:104: operator(): block: [44,0,0], thread: [38,0,0] Assertion `input_val >= zero && input_val <= one` failed.
/tmp/coulombc/pytorch_build_2021-11-10_08-09-16/avx2/python3.9/pytorch/aten/src/ATen/native/cuda/Loss.cu:104: operator(): block: [44,0,0], thread: [39,0,0] Assertion `input_val >= zero && input_val <= one` failed.
/tmp/coulombc/pytorch_build_2021-11-10_08-09-16/avx2/python3.9/pytorch/aten/src/ATen/native/cuda/Loss.cu:104: operator(): block: [44,0,0], thread: [40,0,0] Assertion `input_val >= zero && input_val <= one` failed.
/tmp/coulombc/pytorch_build_2021-11-10_08-09-16/avx2/python3.9/pytorch/aten/src/ATen/native/cuda/Loss.cu:104: operator(): block: [44,0,0], thread: [41,0,0] Assertion `input_val >= zero && input_val <= one` failed.
/tmp/coulombc/pytorch_build_2021-11-10_08-09-16/avx2/python3.9/pytorch/aten/src/ATen/native/cuda/Loss.cu:104: operator(): block: [44,0,0], thread: [42,0,0] Assertion `input_val >= zero && input_val <= one` failed.
/tmp/coulombc/pytorch_build_2021-11-10_08-09-16/avx2/python3.9/pytorch/aten/src/ATen/native/cuda/Loss.cu:104: operator(): block: [44,0,0], thread: [43,0,0] Assertion `input_val >= zero && input_val <= one` failed.
/tmp/coulombc/pytorch_build_2021-11-10_08-09-16/avx2/python3.9/pytorch/aten/src/ATen/native/cuda/Loss.cu:104: operator(): block: [44,0,0], thread: [44,0,0] Assertion `input_val >= zero && input_val <= one` failed.
/tmp/coulombc/pytorch_build_2021-11-10_08-09-16/avx2/python3.9/pytorch/aten/src/ATen/native/cuda/Loss.cu:104: operator(): block: [44,0,0], thread: [45,0,0] Assertion `input_val >= zero && input_val <= one` failed.
/tmp/coulombc/pytorch_build_2021-11-10_08-09-16/avx2/python3.9/pytorch/aten/src/ATen/native/cuda/Loss.cu:104: operator(): block: [44,0,0], thread: [46,0,0] Assertion `input_val >= zero && input_val <= one` failed.
/tmp/coulombc/pytorch_build_2021-11-10_08-09-16/avx2/python3.9/pytorch/aten/src/ATen/native/cuda/Loss.cu:104: operator(): block: [44,0,0], thread: [47,0,0] Assertion `input_val >= zero && input_val <= one` failed.
/tmp/coulombc/pytorch_build_2021-11-10_08-09-16/avx2/python3.9/pytorch/aten/src/ATen/native/cuda/Loss.cu:104: operator(): block: [44,0,0], thread: [48,0,0] Assertion `input_val >= zero && input_val <= one` failed.
/tmp/coulombc/pytorch_build_2021-11-10_08-09-16/avx2/python3.9/pytorch/aten/src/ATen/native/cuda/Loss.cu:104: operator(): block: [44,0,0], thread: [49,0,0] Assertion `input_val >= zero && input_val <= one` failed.
/tmp/coulombc/pytorch_build_2021-11-10_08-09-16/avx2/python3.9/pytorch/aten/src/ATen/native/cuda/Loss.cu:104: operator(): block: [44,0,0], thread: [50,0,0] Assertion `input_val >= zero && input_val <= one` failed.
/tmp/coulombc/pytorch_build_2021-11-10_08-09-16/avx2/python3.9/pytorch/aten/src/ATen/native/cuda/Loss.cu:104: operator(): block: [44,0,0], thread: [51,0,0] Assertion `input_val >= zero && input_val <= one` failed.
/tmp/coulombc/pytorch_build_2021-11-10_08-09-16/avx2/python3.9/pytorch/aten/src/ATen/native/cuda/Loss.cu:104: operator(): block: [44,0,0], thread: [52,0,0] Assertion `input_val >= zero && input_val <= one` failed.
/tmp/coulombc/pytorch_build_2021-11-10_08-09-16/avx2/python3.9/pytorch/aten/src/ATen/native/cuda/Loss.cu:104: operator(): block: [44,0,0], thread: [53,0,0] Assertion `input_val >= zero && input_val <= one` failed.
/tmp/coulombc/pytorch_build_2021-11-10_08-09-16/avx2/python3.9/pytorch/aten/src/ATen/native/cuda/Loss.cu:104: operator(): block: [44,0,0], thread: [54,0,0] Assertion `input_val >= zero && input_val <= one` failed.
/tmp/coulombc/pytorch_build_2021-11-10_08-09-16/avx2/python3.9/pytorch/aten/src/ATen/native/cuda/Loss.cu:104: operator(): block: [44,0,0], thread: [55,0,0] Assertion `input_val >= zero && input_val <= one` failed.
/tmp/coulombc/pytorch_build_2021-11-10_08-09-16/avx2/python3.9/pytorch/aten/src/ATen/native/cuda/Loss.cu:104: operator(): block: [44,0,0], thread: [56,0,0] Assertion `input_val >= zero && input_val <= one` failed.
/tmp/coulombc/pytorch_build_2021-11-10_08-09-16/avx2/python3.9/pytorch/aten/src/ATen/native/cuda/Loss.cu:104: operator(): block: [44,0,0], thread: [57,0,0] Assertion `input_val >= zero && input_val <= one` failed.
/tmp/coulombc/pytorch_build_2021-11-10_08-09-16/avx2/python3.9/pytorch/aten/src/ATen/native/cuda/Loss.cu:104: operator(): block: [44,0,0], thread: [58,0,0] Assertion `input_val >= zero && input_val <= one` failed.
/tmp/coulombc/pytorch_build_2021-11-10_08-09-16/avx2/python3.9/pytorch/aten/src/ATen/native/cuda/Loss.cu:104: operator(): block: [44,0,0], thread: [59,0,0] Assertion `input_val >= zero && input_val <= one` failed.
/tmp/coulombc/pytorch_build_2021-11-10_08-09-16/avx2/python3.9/pytorch/aten/src/ATen/native/cuda/Loss.cu:104: operator(): block: [44,0,0], thread: [60,0,0] Assertion `input_val >= zero && input_val <= one` failed.
/tmp/coulombc/pytorch_build_2021-11-10_08-09-16/avx2/python3.9/pytorch/aten/src/ATen/native/cuda/Loss.cu:104: operator(): block: [44,0,0], thread: [61,0,0] Assertion `input_val >= zero && input_val <= one` failed.
/tmp/coulombc/pytorch_build_2021-11-10_08-09-16/avx2/python3.9/pytorch/aten/src/ATen/native/cuda/Loss.cu:104: operator(): block: [44,0,0], thread: [62,0,0] Assertion `input_val >= zero && input_val <= one` failed.
/tmp/coulombc/pytorch_build_2021-11-10_08-09-16/avx2/python3.9/pytorch/aten/src/ATen/native/cuda/Loss.cu:104: operator(): block: [44,0,0], thread: [63,0,0] Assertion `input_val >= zero && input_val <= one` failed.
/tmp/coulombc/pytorch_build_2021-11-10_08-09-16/avx2/python3.9/pytorch/aten/src/ATen/native/cuda/Loss.cu:104: operator(): block: [44,0,0], thread: [0,0,0] Assertion `input_val >= zero && input_val <= one` failed.
/tmp/coulombc/pytorch_build_2021-11-10_08-09-16/avx2/python3.9/pytorch/aten/src/ATen/native/cuda/Loss.cu:104: operator(): block: [44,0,0], thread: [1,0,0] Assertion `input_val >= zero && input_val <= one` failed.
/tmp/coulombc/pytorch_build_2021-11-10_08-09-16/avx2/python3.9/pytorch/aten/src/ATen/native/cuda/Loss.cu:104: operator(): block: [44,0,0], thread: [2,0,0] Assertion `input_val >= zero && input_val <= one` failed.
/tmp/coulombc/pytorch_build_2021-11-10_08-09-16/avx2/python3.9/pytorch/aten/src/ATen/native/cuda/Loss.cu:104: operator(): block: [44,0,0], thread: [3,0,0] Assertion `input_val >= zero && input_val <= one` failed.
/tmp/coulombc/pytorch_build_2021-11-10_08-09-16/avx2/python3.9/pytorch/aten/src/ATen/native/cuda/Loss.cu:104: operator(): block: [44,0,0], thread: [4,0,0] Assertion `input_val >= zero && input_val <= one` failed.
/tmp/coulombc/pytorch_build_2021-11-10_08-09-16/avx2/python3.9/pytorch/aten/src/ATen/native/cuda/Loss.cu:104: operator(): block: [44,0,0], thread: [5,0,0] Assertion `input_val >= zero && input_val <= one` failed.
/tmp/coulombc/pytorch_build_2021-11-10_08-09-16/avx2/python3.9/pytorch/aten/src/ATen/native/cuda/Loss.cu:104: operator(): block: [44,0,0], thread: [6,0,0] Assertion `input_val >= zero && input_val <= one` failed.
/tmp/coulombc/pytorch_build_2021-11-10_08-09-16/avx2/python3.9/pytorch/aten/src/ATen/native/cuda/Loss.cu:104: operator(): block: [44,0,0], thread: [7,0,0] Assertion `input_val >= zero && input_val <= one` failed.
/tmp/coulombc/pytorch_build_2021-11-10_08-09-16/avx2/python3.9/pytorch/aten/src/ATen/native/cuda/Loss.cu:104: operator(): block: [44,0,0], thread: [8,0,0] Assertion `input_val >= zero && input_val <= one` failed.
/tmp/coulombc/pytorch_build_2021-11-10_08-09-16/avx2/python3.9/pytorch/aten/src/ATen/native/cuda/Loss.cu:104: operator(): block: [44,0,0], thread: [9,0,0] Assertion `input_val >= zero && input_val <= one` failed.
/tmp/coulombc/pytorch_build_2021-11-10_08-09-16/avx2/python3.9/pytorch/aten/src/ATen/native/cuda/Loss.cu:104: operator(): block: [44,0,0], thread: [10,0,0] Assertion `input_val >= zero && input_val <= one` failed.
/tmp/coulombc/pytorch_build_2021-11-10_08-09-16/avx2/python3.9/pytorch/aten/src/ATen/native/cuda/Loss.cu:104: operator(): block: [44,0,0], thread: [11,0,0] Assertion `input_val >= zero && input_val <= one` failed.
/tmp/coulombc/pytorch_build_2021-11-10_08-09-16/avx2/python3.9/pytorch/aten/src/ATen/native/cuda/Loss.cu:104: operator(): block: [44,0,0], thread: [12,0,0] Assertion `input_val >= zero && input_val <= one` failed.
/tmp/coulombc/pytorch_build_2021-11-10_08-09-16/avx2/python3.9/pytorch/aten/src/ATen/native/cuda/Loss.cu:104: operator(): block: [44,0,0], thread: [13,0,0] Assertion `input_val >= zero && input_val <= one` failed.
/tmp/coulombc/pytorch_build_2021-11-10_08-09-16/avx2/python3.9/pytorch/aten/src/ATen/native/cuda/Loss.cu:104: operator(): block: [44,0,0], thread: [14,0,0] Assertion `input_val >= zero && input_val <= one` failed.
/tmp/coulombc/pytorch_build_2021-11-10_08-09-16/avx2/python3.9/pytorch/aten/src/ATen/native/cuda/Loss.cu:104: operator(): block: [44,0,0], thread: [15,0,0] Assertion `input_val >= zero && input_val <= one` failed.
/tmp/coulombc/pytorch_build_2021-11-10_08-09-16/avx2/python3.9/pytorch/aten/src/ATen/native/cuda/Loss.cu:104: operator(): block: [44,0,0], thread: [16,0,0] Assertion `input_val >= zero && input_val <= one` failed.
/tmp/coulombc/pytorch_build_2021-11-10_08-09-16/avx2/python3.9/pytorch/aten/src/ATen/native/cuda/Loss.cu:104: operator(): block: [44,0,0], thread: [17,0,0] Assertion `input_val >= zero && input_val <= one` failed.
/tmp/coulombc/pytorch_build_2021-11-10_08-09-16/avx2/python3.9/pytorch/aten/src/ATen/native/cuda/Loss.cu:104: operator(): block: [44,0,0], thread: [18,0,0] Assertion `input_val >= zero && input_val <= one` failed.
/tmp/coulombc/pytorch_build_2021-11-10_08-09-16/avx2/python3.9/pytorch/aten/src/ATen/native/cuda/Loss.cu:104: operator(): block: [44,0,0], thread: [19,0,0] Assertion `input_val >= zero && input_val <= one` failed.
/tmp/coulombc/pytorch_build_2021-11-10_08-09-16/avx2/python3.9/pytorch/aten/src/ATen/native/cuda/Loss.cu:104: operator(): block: [44,0,0], thread: [20,0,0] Assertion `input_val >= zero && input_val <= one` failed.
/tmp/coulombc/pytorch_build_2021-11-10_08-09-16/avx2/python3.9/pytorch/aten/src/ATen/native/cuda/Loss.cu:104: operator(): block: [44,0,0], thread: [21,0,0] Assertion `input_val >= zero && input_val <= one` failed.
/tmp/coulombc/pytorch_build_2021-11-10_08-09-16/avx2/python3.9/pytorch/aten/src/ATen/native/cuda/Loss.cu:104: operator(): block: [44,0,0], thread: [22,0,0] Assertion `input_val >= zero && input_val <= one` failed.
/tmp/coulombc/pytorch_build_2021-11-10_08-09-16/avx2/python3.9/pytorch/aten/src/ATen/native/cuda/Loss.cu:104: operator(): block: [44,0,0], thread: [23,0,0] Assertion `input_val >= zero && input_val <= one` failed.
/tmp/coulombc/pytorch_build_2021-11-10_08-09-16/avx2/python3.9/pytorch/aten/src/ATen/native/cuda/Loss.cu:104: operator(): block: [44,0,0], thread: [24,0,0] Assertion `input_val >= zero && input_val <= one` failed.
/tmp/coulombc/pytorch_build_2021-11-10_08-09-16/avx2/python3.9/pytorch/aten/src/ATen/native/cuda/Loss.cu:104: operator(): block: [44,0,0], thread: [25,0,0] Assertion `input_val >= zero && input_val <= one` failed.
/tmp/coulombc/pytorch_build_2021-11-10_08-09-16/avx2/python3.9/pytorch/aten/src/ATen/native/cuda/Loss.cu:104: operator(): block: [44,0,0], thread: [26,0,0] Assertion `input_val >= zero && input_val <= one` failed.
/tmp/coulombc/pytorch_build_2021-11-10_08-09-16/avx2/python3.9/pytorch/aten/src/ATen/native/cuda/Loss.cu:104: operator(): block: [44,0,0], thread: [27,0,0] Assertion `input_val >= zero && input_val <= one` failed.
/tmp/coulombc/pytorch_build_2021-11-10_08-09-16/avx2/python3.9/pytorch/aten/src/ATen/native/cuda/Loss.cu:104: operator(): block: [44,0,0], thread: [28,0,0] Assertion `input_val >= zero && input_val <= one` failed.
/tmp/coulombc/pytorch_build_2021-11-10_08-09-16/avx2/python3.9/pytorch/aten/src/ATen/native/cuda/Loss.cu:104: operator(): block: [44,0,0], thread: [29,0,0] Assertion `input_val >= zero && input_val <= one` failed.
/tmp/coulombc/pytorch_build_2021-11-10_08-09-16/avx2/python3.9/pytorch/aten/src/ATen/native/cuda/Loss.cu:104: operator(): block: [44,0,0], thread: [30,0,0] Assertion `input_val >= zero && input_val <= one` failed.
/tmp/coulombc/pytorch_build_2021-11-10_08-09-16/avx2/python3.9/pytorch/aten/src/ATen/native/cuda/Loss.cu:104: operator(): block: [44,0,0], thread: [31,0,0] Assertion `input_val >= zero && input_val <= one` failed.
/tmp/coulombc/pytorch_build_2021-11-10_08-09-16/avx2/python3.9/pytorch/aten/src/ATen/native/cuda/Loss.cu:104: operator(): block: [34,0,0], thread: [0,0,0] Assertion `input_val >= zero && input_val <= one` failed.
/tmp/coulombc/pytorch_build_2021-11-10_08-09-16/avx2/python3.9/pytorch/aten/src/ATen/native/cuda/Loss.cu:104: operator(): block: [34,0,0], thread: [1,0,0] Assertion `input_val >= zero && input_val <= one` failed.
/tmp/coulombc/pytorch_build_2021-11-10_08-09-16/avx2/python3.9/pytorch/aten/src/ATen/native/cuda/Loss.cu:104: operator(): block: [34,0,0], thread: [2,0,0] Assertion `input_val >= zero && input_val <= one` failed.
/tmp/coulombc/pytorch_build_2021-11-10_08-09-16/avx2/python3.9/pytorch/aten/src/ATen/native/cuda/Loss.cu:104: operator(): block: [34,0,0], thread: [3,0,0] Assertion `input_val >= zero && input_val <= one` failed.
/tmp/coulombc/pytorch_build_2021-11-10_08-09-16/avx2/python3.9/pytorch/aten/src/ATen/native/cuda/Loss.cu:104: operator(): block: [34,0,0], thread: [4,0,0] Assertion `input_val >= zero && input_val <= one` failed.
/tmp/coulombc/pytorch_build_2021-11-10_08-09-16/avx2/python3.9/pytorch/aten/src/ATen/native/cuda/Loss.cu:104: operator(): block: [34,0,0], thread: [5,0,0] Assertion `input_val >= zero && input_val <= one` failed.
/tmp/coulombc/pytorch_build_2021-11-10_08-09-16/avx2/python3.9/pytorch/aten/src/ATen/native/cuda/Loss.cu:104: operator(): block: [34,0,0], thread: [6,0,0] Assertion `input_val >= zero && input_val <= one` failed.
/tmp/coulombc/pytorch_build_2021-11-10_08-09-16/avx2/python3.9/pytorch/aten/src/ATen/native/cuda/Loss.cu:104: operator(): block: [34,0,0], thread: [7,0,0] Assertion `input_val >= zero && input_val <= one` failed.
/tmp/coulombc/pytorch_build_2021-11-10_08-09-16/avx2/python3.9/pytorch/aten/src/ATen/native/cuda/Loss.cu:104: operator(): block: [34,0,0], thread: [8,0,0] Assertion `input_val >= zero && input_val <= one` failed.
/tmp/coulombc/pytorch_build_2021-11-10_08-09-16/avx2/python3.9/pytorch/aten/src/ATen/native/cuda/Loss.cu:104: operator(): block: [34,0,0], thread: [9,0,0] Assertion `input_val >= zero && input_val <= one` failed.
/tmp/coulombc/pytorch_build_2021-11-10_08-09-16/avx2/python3.9/pytorch/aten/src/ATen/native/cuda/Loss.cu:104: operator(): block: [34,0,0], thread: [10,0,0] Assertion `input_val >= zero && input_val <= one` failed.
/tmp/coulombc/pytorch_build_2021-11-10_08-09-16/avx2/python3.9/pytorch/aten/src/ATen/native/cuda/Loss.cu:104: operator(): block: [34,0,0], thread: [11,0,0] Assertion `input_val >= zero && input_val <= one` failed.
/tmp/coulombc/pytorch_build_2021-11-10_08-09-16/avx2/python3.9/pytorch/aten/src/ATen/native/cuda/Loss.cu:104: operator(): block: [34,0,0], thread: [12,0,0] Assertion `input_val >= zero && input_val <= one` failed.
/tmp/coulombc/pytorch_build_2021-11-10_08-09-16/avx2/python3.9/pytorch/aten/src/ATen/native/cuda/Loss.cu:104: operator(): block: [34,0,0], thread: [13,0,0] Assertion `input_val >= zero && input_val <= one` failed.
/tmp/coulombc/pytorch_build_2021-11-10_08-09-16/avx2/python3.9/pytorch/aten/src/ATen/native/cuda/Loss.cu:104: operator(): block: [34,0,0], thread: [14,0,0] Assertion `input_val >= zero && input_val <= one` failed.
/tmp/coulombc/pytorch_build_2021-11-10_08-09-16/avx2/python3.9/pytorch/aten/src/ATen/native/cuda/Loss.cu:104: operator(): block: [34,0,0], thread: [15,0,0] Assertion `input_val >= zero && input_val <= one` failed.
/tmp/coulombc/pytorch_build_2021-11-10_08-09-16/avx2/python3.9/pytorch/aten/src/ATen/native/cuda/Loss.cu:104: operator(): block: [34,0,0], thread: [16,0,0] Assertion `input_val >= zero && input_val <= one` failed.
/tmp/coulombc/pytorch_build_2021-11-10_08-09-16/avx2/python3.9/pytorch/aten/src/ATen/native/cuda/Loss.cu:104: operator(): block: [34,0,0], thread: [17,0,0] Assertion `input_val >= zero && input_val <= one` failed.
/tmp/coulombc/pytorch_build_2021-11-10_08-09-16/avx2/python3.9/pytorch/aten/src/ATen/native/cuda/Loss.cu:104: operator(): block: [34,0,0], thread: [18,0,0] Assertion `input_val >= zero && input_val <= one` failed.
/tmp/coulombc/pytorch_build_2021-11-10_08-09-16/avx2/python3.9/pytorch/aten/src/ATen/native/cuda/Loss.cu:104: operator(): block: [34,0,0], thread: [19,0,0] Assertion `input_val >= zero && input_val <= one` failed.
/tmp/coulombc/pytorch_build_2021-11-10_08-09-16/avx2/python3.9/pytorch/aten/src/ATen/native/cuda/Loss.cu:104: operator(): block: [34,0,0], thread: [20,0,0] Assertion `input_val >= zero && input_val <= one` failed.
/tmp/coulombc/pytorch_build_2021-11-10_08-09-16/avx2/python3.9/pytorch/aten/src/ATen/native/cuda/Loss.cu:104: operator(): block: [34,0,0], thread: [21,0,0] Assertion `input_val >= zero && input_val <= one` failed.
/tmp/coulombc/pytorch_build_2021-11-10_08-09-16/avx2/python3.9/pytorch/aten/src/ATen/native/cuda/Loss.cu:104: operator(): block: [34,0,0], thread: [22,0,0] Assertion `input_val >= zero && input_val <= one` failed.
/tmp/coulombc/pytorch_build_2021-11-10_08-09-16/avx2/python3.9/pytorch/aten/src/ATen/native/cuda/Loss.cu:104: operator(): block: [34,0,0], thread: [23,0,0] Assertion `input_val >= zero && input_val <= one` failed.
/tmp/coulombc/pytorch_build_2021-11-10_08-09-16/avx2/python3.9/pytorch/aten/src/ATen/native/cuda/Loss.cu:104: operator(): block: [34,0,0], thread: [24,0,0] Assertion `input_val >= zero && input_val <= one` failed.
/tmp/coulombc/pytorch_build_2021-11-10_08-09-16/avx2/python3.9/pytorch/aten/src/ATen/native/cuda/Loss.cu:104: operator(): block: [34,0,0], thread: [25,0,0] Assertion `input_val >= zero && input_val <= one` failed.
/tmp/coulombc/pytorch_build_2021-11-10_08-09-16/avx2/python3.9/pytorch/aten/src/ATen/native/cuda/Loss.cu:104: operator(): block: [34,0,0], thread: [26,0,0] Assertion `input_val >= zero && input_val <= one` failed.
/tmp/coulombc/pytorch_build_2021-11-10_08-09-16/avx2/python3.9/pytorch/aten/src/ATen/native/cuda/Loss.cu:104: operator(): block: [34,0,0], thread: [27,0,0] Assertion `input_val >= zero && input_val <= one` failed.
/tmp/coulombc/pytorch_build_2021-11-10_08-09-16/avx2/python3.9/pytorch/aten/src/ATen/native/cuda/Loss.cu:104: operator(): block: [34,0,0], thread: [28,0,0] Assertion `input_val >= zero && input_val <= one` failed.
/tmp/coulombc/pytorch_build_2021-11-10_08-09-16/avx2/python3.9/pytorch/aten/src/ATen/native/cuda/Loss.cu:104: operator(): block: [34,0,0], thread: [29,0,0] Assertion `input_val >= zero && input_val <= one` failed.
/tmp/coulombc/pytorch_build_2021-11-10_08-09-16/avx2/python3.9/pytorch/aten/src/ATen/native/cuda/Loss.cu:104: operator(): block: [34,0,0], thread: [30,0,0] Assertion `input_val >= zero && input_val <= one` failed.
/tmp/coulombc/pytorch_build_2021-11-10_08-09-16/avx2/python3.9/pytorch/aten/src/ATen/native/cuda/Loss.cu:104: operator(): block: [34,0,0], thread: [31,0,0] Assertion `input_val >= zero && input_val <= one` failed.
/tmp/coulombc/pytorch_build_2021-11-10_08-09-16/avx2/python3.9/pytorch/aten/src/ATen/native/cuda/Loss.cu:104: operator(): block: [9,0,0], thread: [32,0,0] Assertion `input_val >= zero && input_val <= one` failed.
/tmp/coulombc/pytorch_build_2021-11-10_08-09-16/avx2/python3.9/pytorch/aten/src/ATen/native/cuda/Loss.cu:104: operator(): block: [9,0,0], thread: [33,0,0] Assertion `input_val >= zero && input_val <= one` failed.
/tmp/coulombc/pytorch_build_2021-11-10_08-09-16/avx2/python3.9/pytorch/aten/src/ATen/native/cuda/Loss.cu:104: operator(): block: [9,0,0], thread: [34,0,0] Assertion `input_val >= zero && input_val <= one` failed.
/tmp/coulombc/pytorch_build_2021-11-10_08-09-16/avx2/python3.9/pytorch/aten/src/ATen/native/cuda/Loss.cu:104: operator(): block: [9,0,0], thread: [35,0,0] Assertion `input_val >= zero && input_val <= one` failed.
/tmp/coulombc/pytorch_build_2021-11-10_08-09-16/avx2/python3.9/pytorch/aten/src/ATen/native/cuda/Loss.cu:104: operator(): block: [9,0,0], thread: [36,0,0] Assertion `input_val >= zero && input_val <= one` failed.
/tmp/coulombc/pytorch_build_2021-11-10_08-09-16/avx2/python3.9/pytorch/aten/src/ATen/native/cuda/Loss.cu:104: operator(): block: [9,0,0], thread: [37,0,0] Assertion `input_val >= zero && input_val <= one` failed.
/tmp/coulombc/pytorch_build_2021-11-10_08-09-16/avx2/python3.9/pytorch/aten/src/ATen/native/cuda/Loss.cu:104: operator(): block: [9,0,0], thread: [38,0,0] Assertion `input_val >= zero && input_val <= one` failed.
/tmp/coulombc/pytorch_build_2021-11-10_08-09-16/avx2/python3.9/pytorch/aten/src/ATen/native/cuda/Loss.cu:104: operator(): block: [9,0,0], thread: [39,0,0] Assertion `input_val >= zero && input_val <= one` failed.
/tmp/coulombc/pytorch_build_2021-11-10_08-09-16/avx2/python3.9/pytorch/aten/src/ATen/native/cuda/Loss.cu:104: operator(): block: [9,0,0], thread: [40,0,0] Assertion `input_val >= zero && input_val <= one` failed.
/tmp/coulombc/pytorch_build_2021-11-10_08-09-16/avx2/python3.9/pytorch/aten/src/ATen/native/cuda/Loss.cu:104: operator(): block: [9,0,0], thread: [41,0,0] Assertion `input_val >= zero && input_val <= one` failed.
/tmp/coulombc/pytorch_build_2021-11-10_08-09-16/avx2/python3.9/pytorch/aten/src/ATen/native/cuda/Loss.cu:104: operator(): block: [9,0,0], thread: [42,0,0] Assertion `input_val >= zero && input_val <= one` failed.
/tmp/coulombc/pytorch_build_2021-11-10_08-09-16/avx2/python3.9/pytorch/aten/src/ATen/native/cuda/Loss.cu:104: operator(): block: [9,0,0], thread: [43,0,0] Assertion `input_val >= zero && input_val <= one` failed.
/tmp/coulombc/pytorch_build_2021-11-10_08-09-16/avx2/python3.9/pytorch/aten/src/ATen/native/cuda/Loss.cu:104: operator(): block: [9,0,0], thread: [44,0,0] Assertion `input_val >= zero && input_val <= one` failed.
/tmp/coulombc/pytorch_build_2021-11-10_08-09-16/avx2/python3.9/pytorch/aten/src/ATen/native/cuda/Loss.cu:104: operator(): block: [9,0,0], thread: [45,0,0] Assertion `input_val >= zero && input_val <= one` failed.
/tmp/coulombc/pytorch_build_2021-11-10_08-09-16/avx2/python3.9/pytorch/aten/src/ATen/native/cuda/Loss.cu:104: operator(): block: [9,0,0], thread: [46,0,0] Assertion `input_val >= zero && input_val <= one` failed.
/tmp/coulombc/pytorch_build_2021-11-10_08-09-16/avx2/python3.9/pytorch/aten/src/ATen/native/cuda/Loss.cu:104: operator(): block: [9,0,0], thread: [47,0,0] Assertion `input_val >= zero && input_val <= one` failed.
/tmp/coulombc/pytorch_build_2021-11-10_08-09-16/avx2/python3.9/pytorch/aten/src/ATen/native/cuda/Loss.cu:104: operator(): block: [9,0,0], thread: [48,0,0] Assertion `input_val >= zero && input_val <= one` failed.
/tmp/coulombc/pytorch_build_2021-11-10_08-09-16/avx2/python3.9/pytorch/aten/src/ATen/native/cuda/Loss.cu:104: operator(): block: [9,0,0], thread: [49,0,0] Assertion `input_val >= zero && input_val <= one` failed.
/tmp/coulombc/pytorch_build_2021-11-10_08-09-16/avx2/python3.9/pytorch/aten/src/ATen/native/cuda/Loss.cu:104: operator(): block: [9,0,0], thread: [50,0,0] Assertion `input_val >= zero && input_val <= one` failed.
/tmp/coulombc/pytorch_build_2021-11-10_08-09-16/avx2/python3.9/pytorch/aten/src/ATen/native/cuda/Loss.cu:104: operator(): block: [9,0,0], thread: [51,0,0] Assertion `input_val >= zero && input_val <= one` failed.
/tmp/coulombc/pytorch_build_2021-11-10_08-09-16/avx2/python3.9/pytorch/aten/src/ATen/native/cuda/Loss.cu:104: operator(): block: [9,0,0], thread: [52,0,0] Assertion `input_val >= zero && input_val <= one` failed.
/tmp/coulombc/pytorch_build_2021-11-10_08-09-16/avx2/python3.9/pytorch/aten/src/ATen/native/cuda/Loss.cu:104: operator(): block: [9,0,0], thread: [53,0,0] Assertion `input_val >= zero && input_val <= one` failed.
/tmp/coulombc/pytorch_build_2021-11-10_08-09-16/avx2/python3.9/pytorch/aten/src/ATen/native/cuda/Loss.cu:104: operator(): block: [9,0,0], thread: [54,0,0] Assertion `input_val >= zero && input_val <= one` failed.
/tmp/coulombc/pytorch_build_2021-11-10_08-09-16/avx2/python3.9/pytorch/aten/src/ATen/native/cuda/Loss.cu:104: operator(): block: [9,0,0], thread: [55,0,0] Assertion `input_val >= zero && input_val <= one` failed.
/tmp/coulombc/pytorch_build_2021-11-10_08-09-16/avx2/python3.9/pytorch/aten/src/ATen/native/cuda/Loss.cu:104: operator(): block: [9,0,0], thread: [56,0,0] Assertion `input_val >= zero && input_val <= one` failed.
/tmp/coulombc/pytorch_build_2021-11-10_08-09-16/avx2/python3.9/pytorch/aten/src/ATen/native/cuda/Loss.cu:104: operator(): block: [9,0,0], thread: [57,0,0] Assertion `input_val >= zero && input_val <= one` failed.
/tmp/coulombc/pytorch_build_2021-11-10_08-09-16/avx2/python3.9/pytorch/aten/src/ATen/native/cuda/Loss.cu:104: operator(): block: [9,0,0], thread: [58,0,0] Assertion `input_val >= zero && input_val <= one` failed.
/tmp/coulombc/pytorch_build_2021-11-10_08-09-16/avx2/python3.9/pytorch/aten/src/ATen/native/cuda/Loss.cu:104: operator(): block: [9,0,0], thread: [59,0,0] Assertion `input_val >= zero && input_val <= one` failed.
/tmp/coulombc/pytorch_build_2021-11-10_08-09-16/avx2/python3.9/pytorch/aten/src/ATen/native/cuda/Loss.cu:104: operator(): block: [9,0,0], thread: [60,0,0] Assertion `input_val >= zero && input_val <= one` failed.
/tmp/coulombc/pytorch_build_2021-11-10_08-09-16/avx2/python3.9/pytorch/aten/src/ATen/native/cuda/Loss.cu:104: operator(): block: [9,0,0], thread: [61,0,0] Assertion `input_val >= zero && input_val <= one` failed.
/tmp/coulombc/pytorch_build_2021-11-10_08-09-16/avx2/python3.9/pytorch/aten/src/ATen/native/cuda/Loss.cu:104: operator(): block: [9,0,0], thread: [62,0,0] Assertion `input_val >= zero && input_val <= one` failed.
/tmp/coulombc/pytorch_build_2021-11-10_08-09-16/avx2/python3.9/pytorch/aten/src/ATen/native/cuda/Loss.cu:104: operator(): block: [9,0,0], thread: [63,0,0] Assertion `input_val >= zero && input_val <= one` failed.
/tmp/coulombc/pytorch_build_2021-11-10_08-09-16/avx2/python3.9/pytorch/aten/src/ATen/native/cuda/Loss.cu:104: operator(): block: [23,0,0], thread: [0,0,0] Assertion `input_val >= zero && input_val <= one` failed.
/tmp/coulombc/pytorch_build_2021-11-10_08-09-16/avx2/python3.9/pytorch/aten/src/ATen/native/cuda/Loss.cu:104: operator(): block: [23,0,0], thread: [1,0,0] Assertion `input_val >= zero && input_val <= one` failed.
/tmp/coulombc/pytorch_build_2021-11-10_08-09-16/avx2/python3.9/pytorch/aten/src/ATen/native/cuda/Loss.cu:104: operator(): block: [23,0,0], thread: [2,0,0] Assertion `input_val >= zero && input_val <= one` failed.
/tmp/coulombc/pytorch_build_2021-11-10_08-09-16/avx2/python3.9/pytorch/aten/src/ATen/native/cuda/Loss.cu:104: operator(): block: [23,0,0], thread: [3,0,0] Assertion `input_val >= zero && input_val <= one` failed.
/tmp/coulombc/pytorch_build_2021-11-10_08-09-16/avx2/python3.9/pytorch/aten/src/ATen/native/cuda/Loss.cu:104: operator(): block: [23,0,0], thread: [4,0,0] Assertion `input_val >= zero && input_val <= one` failed.
/tmp/coulombc/pytorch_build_2021-11-10_08-09-16/avx2/python3.9/pytorch/aten/src/ATen/native/cuda/Loss.cu:104: operator(): block: [23,0,0], thread: [5,0,0] Assertion `input_val >= zero && input_val <= one` failed.
/tmp/coulombc/pytorch_build_2021-11-10_08-09-16/avx2/python3.9/pytorch/aten/src/ATen/native/cuda/Loss.cu:104: operator(): block: [23,0,0], thread: [6,0,0] Assertion `input_val >= zero && input_val <= one` failed.
/tmp/coulombc/pytorch_build_2021-11-10_08-09-16/avx2/python3.9/pytorch/aten/src/ATen/native/cuda/Loss.cu:104: operator(): block: [23,0,0], thread: [7,0,0] Assertion `input_val >= zero && input_val <= one` failed.
/tmp/coulombc/pytorch_build_2021-11-10_08-09-16/avx2/python3.9/pytorch/aten/src/ATen/native/cuda/Loss.cu:104: operator(): block: [23,0,0], thread: [8,0,0] Assertion `input_val >= zero && input_val <= one` failed.
/tmp/coulombc/pytorch_build_2021-11-10_08-09-16/avx2/python3.9/pytorch/aten/src/ATen/native/cuda/Loss.cu:104: operator(): block: [23,0,0], thread: [9,0,0] Assertion `input_val >= zero && input_val <= one` failed.
/tmp/coulombc/pytorch_build_2021-11-10_08-09-16/avx2/python3.9/pytorch/aten/src/ATen/native/cuda/Loss.cu:104: operator(): block: [23,0,0], thread: [10,0,0] Assertion `input_val >= zero && input_val <= one` failed.
/tmp/coulombc/pytorch_build_2021-11-10_08-09-16/avx2/python3.9/pytorch/aten/src/ATen/native/cuda/Loss.cu:104: operator(): block: [23,0,0], thread: [11,0,0] Assertion `input_val >= zero && input_val <= one` failed.
/tmp/coulombc/pytorch_build_2021-11-10_08-09-16/avx2/python3.9/pytorch/aten/src/ATen/native/cuda/Loss.cu:104: operator(): block: [23,0,0], thread: [12,0,0] Assertion `input_val >= zero && input_val <= one` failed.
/tmp/coulombc/pytorch_build_2021-11-10_08-09-16/avx2/python3.9/pytorch/aten/src/ATen/native/cuda/Loss.cu:104: operator(): block: [23,0,0], thread: [13,0,0] Assertion `input_val >= zero && input_val <= one` failed.
/tmp/coulombc/pytorch_build_2021-11-10_08-09-16/avx2/python3.9/pytorch/aten/src/ATen/native/cuda/Loss.cu:104: operator(): block: [23,0,0], thread: [14,0,0] Assertion `input_val >= zero && input_val <= one` failed.
/tmp/coulombc/pytorch_build_2021-11-10_08-09-16/avx2/python3.9/pytorch/aten/src/ATen/native/cuda/Loss.cu:104: operator(): block: [23,0,0], thread: [15,0,0] Assertion `input_val >= zero && input_val <= one` failed.
/tmp/coulombc/pytorch_build_2021-11-10_08-09-16/avx2/python3.9/pytorch/aten/src/ATen/native/cuda/Loss.cu:104: operator(): block: [23,0,0], thread: [16,0,0] Assertion `input_val >= zero && input_val <= one` failed.
/tmp/coulombc/pytorch_build_2021-11-10_08-09-16/avx2/python3.9/pytorch/aten/src/ATen/native/cuda/Loss.cu:104: operator(): block: [23,0,0], thread: [17,0,0] Assertion `input_val >= zero && input_val <= one` failed.
/tmp/coulombc/pytorch_build_2021-11-10_08-09-16/avx2/python3.9/pytorch/aten/src/ATen/native/cuda/Loss.cu:104: operator(): block: [23,0,0], thread: [18,0,0] Assertion `input_val >= zero && input_val <= one` failed.
/tmp/coulombc/pytorch_build_2021-11-10_08-09-16/avx2/python3.9/pytorch/aten/src/ATen/native/cuda/Loss.cu:104: operator(): block: [23,0,0], thread: [19,0,0] Assertion `input_val >= zero && input_val <= one` failed.
/tmp/coulombc/pytorch_build_2021-11-10_08-09-16/avx2/python3.9/pytorch/aten/src/ATen/native/cuda/Loss.cu:104: operator(): block: [23,0,0], thread: [20,0,0] Assertion `input_val >= zero && input_val <= one` failed.
/tmp/coulombc/pytorch_build_2021-11-10_08-09-16/avx2/python3.9/pytorch/aten/src/ATen/native/cuda/Loss.cu:104: operator(): block: [23,0,0], thread: [21,0,0] Assertion `input_val >= zero && input_val <= one` failed.
/tmp/coulombc/pytorch_build_2021-11-10_08-09-16/avx2/python3.9/pytorch/aten/src/ATen/native/cuda/Loss.cu:104: operator(): block: [23,0,0], thread: [22,0,0] Assertion `input_val >= zero && input_val <= one` failed.
/tmp/coulombc/pytorch_build_2021-11-10_08-09-16/avx2/python3.9/pytorch/aten/src/ATen/native/cuda/Loss.cu:104: operator(): block: [23,0,0], thread: [23,0,0] Assertion `input_val >= zero && input_val <= one` failed.
/tmp/coulombc/pytorch_build_2021-11-10_08-09-16/avx2/python3.9/pytorch/aten/src/ATen/native/cuda/Loss.cu:104: operator(): block: [23,0,0], thread: [24,0,0] Assertion `input_val >= zero && input_val <= one` failed.
/tmp/coulombc/pytorch_build_2021-11-10_08-09-16/avx2/python3.9/pytorch/aten/src/ATen/native/cuda/Loss.cu:104: operator(): block: [23,0,0], thread: [25,0,0] Assertion `input_val >= zero && input_val <= one` failed.
/tmp/coulombc/pytorch_build_2021-11-10_08-09-16/avx2/python3.9/pytorch/aten/src/ATen/native/cuda/Loss.cu:104: operator(): block: [23,0,0], thread: [26,0,0] Assertion `input_val >= zero && input_val <= one` failed.
/tmp/coulombc/pytorch_build_2021-11-10_08-09-16/avx2/python3.9/pytorch/aten/src/ATen/native/cuda/Loss.cu:104: operator(): block: [23,0,0], thread: [27,0,0] Assertion `input_val >= zero && input_val <= one` failed.
/tmp/coulombc/pytorch_build_2021-11-10_08-09-16/avx2/python3.9/pytorch/aten/src/ATen/native/cuda/Loss.cu:104: operator(): block: [23,0,0], thread: [28,0,0] Assertion `input_val >= zero && input_val <= one` failed.
/tmp/coulombc/pytorch_build_2021-11-10_08-09-16/avx2/python3.9/pytorch/aten/src/ATen/native/cuda/Loss.cu:104: operator(): block: [23,0,0], thread: [29,0,0] Assertion `input_val >= zero && input_val <= one` failed.
/tmp/coulombc/pytorch_build_2021-11-10_08-09-16/avx2/python3.9/pytorch/aten/src/ATen/native/cuda/Loss.cu:104: operator(): block: [23,0,0], thread: [30,0,0] Assertion `input_val >= zero && input_val <= one` failed.
/tmp/coulombc/pytorch_build_2021-11-10_08-09-16/avx2/python3.9/pytorch/aten/src/ATen/native/cuda/Loss.cu:104: operator(): block: [23,0,0], thread: [31,0,0] Assertion `input_val >= zero && input_val <= one` failed.
/tmp/coulombc/pytorch_build_2021-11-10_08-09-16/avx2/python3.9/pytorch/aten/src/ATen/native/cuda/Loss.cu:104: operator(): block: [9,0,0], thread: [0,0,0] Assertion `input_val >= zero && input_val <= one` failed.
/tmp/coulombc/pytorch_build_2021-11-10_08-09-16/avx2/python3.9/pytorch/aten/src/ATen/native/cuda/Loss.cu:104: operator(): block: [9,0,0], thread: [1,0,0] Assertion `input_val >= zero && input_val <= one` failed.
/tmp/coulombc/pytorch_build_2021-11-10_08-09-16/avx2/python3.9/pytorch/aten/src/ATen/native/cuda/Loss.cu:104: operator(): block: [9,0,0], thread: [2,0,0] Assertion `input_val >= zero && input_val <= one` failed.
/tmp/coulombc/pytorch_build_2021-11-10_08-09-16/avx2/python3.9/pytorch/aten/src/ATen/native/cuda/Loss.cu:104: operator(): block: [9,0,0], thread: [3,0,0] Assertion `input_val >= zero && input_val <= one` failed.
/tmp/coulombc/pytorch_build_2021-11-10_08-09-16/avx2/python3.9/pytorch/aten/src/ATen/native/cuda/Loss.cu:104: operator(): block: [9,0,0], thread: [4,0,0] Assertion `input_val >= zero && input_val <= one` failed.
/tmp/coulombc/pytorch_build_2021-11-10_08-09-16/avx2/python3.9/pytorch/aten/src/ATen/native/cuda/Loss.cu:104: operator(): block: [9,0,0], thread: [5,0,0] Assertion `input_val >= zero && input_val <= one` failed.
/tmp/coulombc/pytorch_build_2021-11-10_08-09-16/avx2/python3.9/pytorch/aten/src/ATen/native/cuda/Loss.cu:104: operator(): block: [9,0,0], thread: [6,0,0] Assertion `input_val >= zero && input_val <= one` failed.
/tmp/coulombc/pytorch_build_2021-11-10_08-09-16/avx2/python3.9/pytorch/aten/src/ATen/native/cuda/Loss.cu:104: operator(): block: [9,0,0], thread: [7,0,0] Assertion `input_val >= zero && input_val <= one` failed.
/tmp/coulombc/pytorch_build_2021-11-10_08-09-16/avx2/python3.9/pytorch/aten/src/ATen/native/cuda/Loss.cu:104: operator(): block: [9,0,0], thread: [8,0,0] Assertion `input_val >= zero && input_val <= one` failed.
/tmp/coulombc/pytorch_build_2021-11-10_08-09-16/avx2/python3.9/pytorch/aten/src/ATen/native/cuda/Loss.cu:104: operator(): block: [9,0,0], thread: [9,0,0] Assertion `input_val >= zero && input_val <= one` failed.
/tmp/coulombc/pytorch_build_2021-11-10_08-09-16/avx2/python3.9/pytorch/aten/src/ATen/native/cuda/Loss.cu:104: operator(): block: [9,0,0], thread: [10,0,0] Assertion `input_val >= zero && input_val <= one` failed.
/tmp/coulombc/pytorch_build_2021-11-10_08-09-16/avx2/python3.9/pytorch/aten/src/ATen/native/cuda/Loss.cu:104: operator(): block: [9,0,0], thread: [11,0,0] Assertion `input_val >= zero && input_val <= one` failed.
/tmp/coulombc/pytorch_build_2021-11-10_08-09-16/avx2/python3.9/pytorch/aten/src/ATen/native/cuda/Loss.cu:104: operator(): block: [9,0,0], thread: [12,0,0] Assertion `input_val >= zero && input_val <= one` failed.
/tmp/coulombc/pytorch_build_2021-11-10_08-09-16/avx2/python3.9/pytorch/aten/src/ATen/native/cuda/Loss.cu:104: operator(): block: [9,0,0], thread: [13,0,0] Assertion `input_val >= zero && input_val <= one` failed.
/tmp/coulombc/pytorch_build_2021-11-10_08-09-16/avx2/python3.9/pytorch/aten/src/ATen/native/cuda/Loss.cu:104: operator(): block: [9,0,0], thread: [14,0,0] Assertion `input_val >= zero && input_val <= one` failed.
/tmp/coulombc/pytorch_build_2021-11-10_08-09-16/avx2/python3.9/pytorch/aten/src/ATen/native/cuda/Loss.cu:104: operator(): block: [9,0,0], thread: [15,0,0] Assertion `input_val >= zero && input_val <= one` failed.
/tmp/coulombc/pytorch_build_2021-11-10_08-09-16/avx2/python3.9/pytorch/aten/src/ATen/native/cuda/Loss.cu:104: operator(): block: [9,0,0], thread: [16,0,0] Assertion `input_val >= zero && input_val <= one` failed.
/tmp/coulombc/pytorch_build_2021-11-10_08-09-16/avx2/python3.9/pytorch/aten/src/ATen/native/cuda/Loss.cu:104: operator(): block: [9,0,0], thread: [17,0,0] Assertion `input_val >= zero && input_val <= one` failed.
/tmp/coulombc/pytorch_build_2021-11-10_08-09-16/avx2/python3.9/pytorch/aten/src/ATen/native/cuda/Loss.cu:104: operator(): block: [9,0,0], thread: [18,0,0] Assertion `input_val >= zero && input_val <= one` failed.
/tmp/coulombc/pytorch_build_2021-11-10_08-09-16/avx2/python3.9/pytorch/aten/src/ATen/native/cuda/Loss.cu:104: operator(): block: [9,0,0], thread: [19,0,0] Assertion `input_val >= zero && input_val <= one` failed.
/tmp/coulombc/pytorch_build_2021-11-10_08-09-16/avx2/python3.9/pytorch/aten/src/ATen/native/cuda/Loss.cu:104: operator(): block: [9,0,0], thread: [20,0,0] Assertion `input_val >= zero && input_val <= one` failed.
/tmp/coulombc/pytorch_build_2021-11-10_08-09-16/avx2/python3.9/pytorch/aten/src/ATen/native/cuda/Loss.cu:104: operator(): block: [9,0,0], thread: [21,0,0] Assertion `input_val >= zero && input_val <= one` failed.
/tmp/coulombc/pytorch_build_2021-11-10_08-09-16/avx2/python3.9/pytorch/aten/src/ATen/native/cuda/Loss.cu:104: operator(): block: [9,0,0], thread: [22,0,0] Assertion `input_val >= zero && input_val <= one` failed.
/tmp/coulombc/pytorch_build_2021-11-10_08-09-16/avx2/python3.9/pytorch/aten/src/ATen/native/cuda/Loss.cu:104: operator(): block: [9,0,0], thread: [23,0,0] Assertion `input_val >= zero && input_val <= one` failed.
/tmp/coulombc/pytorch_build_2021-11-10_08-09-16/avx2/python3.9/pytorch/aten/src/ATen/native/cuda/Loss.cu:104: operator(): block: [9,0,0], thread: [24,0,0] Assertion `input_val >= zero && input_val <= one` failed.
/tmp/coulombc/pytorch_build_2021-11-10_08-09-16/avx2/python3.9/pytorch/aten/src/ATen/native/cuda/Loss.cu:104: operator(): block: [9,0,0], thread: [25,0,0] Assertion `input_val >= zero && input_val <= one` failed.
/tmp/coulombc/pytorch_build_2021-11-10_08-09-16/avx2/python3.9/pytorch/aten/src/ATen/native/cuda/Loss.cu:104: operator(): block: [9,0,0], thread: [26,0,0] Assertion `input_val >= zero && input_val <= one` failed.
/tmp/coulombc/pytorch_build_2021-11-10_08-09-16/avx2/python3.9/pytorch/aten/src/ATen/native/cuda/Loss.cu:104: operator(): block: [9,0,0], thread: [27,0,0] Assertion `input_val >= zero && input_val <= one` failed.
/tmp/coulombc/pytorch_build_2021-11-10_08-09-16/avx2/python3.9/pytorch/aten/src/ATen/native/cuda/Loss.cu:104: operator(): block: [9,0,0], thread: [28,0,0] Assertion `input_val >= zero && input_val <= one` failed.
/tmp/coulombc/pytorch_build_2021-11-10_08-09-16/avx2/python3.9/pytorch/aten/src/ATen/native/cuda/Loss.cu:104: operator(): block: [9,0,0], thread: [29,0,0] Assertion `input_val >= zero && input_val <= one` failed.
/tmp/coulombc/pytorch_build_2021-11-10_08-09-16/avx2/python3.9/pytorch/aten/src/ATen/native/cuda/Loss.cu:104: operator(): block: [9,0,0], thread: [30,0,0] Assertion `input_val >= zero && input_val <= one` failed.
/tmp/coulombc/pytorch_build_2021-11-10_08-09-16/avx2/python3.9/pytorch/aten/src/ATen/native/cuda/Loss.cu:104: operator(): block: [9,0,0], thread: [31,0,0] Assertion `input_val >= zero && input_val <= one` failed.
/tmp/coulombc/pytorch_build_2021-11-10_08-09-16/avx2/python3.9/pytorch/aten/src/ATen/native/cuda/Loss.cu:104: operator(): block: [23,0,0], thread: [32,0,0] Assertion `input_val >= zero && input_val <= one` failed.
/tmp/coulombc/pytorch_build_2021-11-10_08-09-16/avx2/python3.9/pytorch/aten/src/ATen/native/cuda/Loss.cu:104: operator(): block: [23,0,0], thread: [33,0,0] Assertion `input_val >= zero && input_val <= one` failed.
/tmp/coulombc/pytorch_build_2021-11-10_08-09-16/avx2/python3.9/pytorch/aten/src/ATen/native/cuda/Loss.cu:104: operator(): block: [23,0,0], thread: [34,0,0] Assertion `input_val >= zero && input_val <= one` failed.
/tmp/coulombc/pytorch_build_2021-11-10_08-09-16/avx2/python3.9/pytorch/aten/src/ATen/native/cuda/Loss.cu:104: operator(): block: [23,0,0], thread: [35,0,0] Assertion `input_val >= zero && input_val <= one` failed.
/tmp/coulombc/pytorch_build_2021-11-10_08-09-16/avx2/python3.9/pytorch/aten/src/ATen/native/cuda/Loss.cu:104: operator(): block: [23,0,0], thread: [36,0,0] Assertion `input_val >= zero && input_val <= one` failed.
/tmp/coulombc/pytorch_build_2021-11-10_08-09-16/avx2/python3.9/pytorch/aten/src/ATen/native/cuda/Loss.cu:104: operator(): block: [23,0,0], thread: [37,0,0] Assertion `input_val >= zero && input_val <= one` failed.
/tmp/coulombc/pytorch_build_2021-11-10_08-09-16/avx2/python3.9/pytorch/aten/src/ATen/native/cuda/Loss.cu:104: operator(): block: [23,0,0], thread: [38,0,0] Assertion `input_val >= zero && input_val <= one` failed.
/tmp/coulombc/pytorch_build_2021-11-10_08-09-16/avx2/python3.9/pytorch/aten/src/ATen/native/cuda/Loss.cu:104: operator(): block: [23,0,0], thread: [39,0,0] Assertion `input_val >= zero && input_val <= one` failed.
/tmp/coulombc/pytorch_build_2021-11-10_08-09-16/avx2/python3.9/pytorch/aten/src/ATen/native/cuda/Loss.cu:104: operator(): block: [23,0,0], thread: [40,0,0] Assertion `input_val >= zero && input_val <= one` failed.
/tmp/coulombc/pytorch_build_2021-11-10_08-09-16/avx2/python3.9/pytorch/aten/src/ATen/native/cuda/Loss.cu:104: operator(): block: [23,0,0], thread: [41,0,0] Assertion `input_val >= zero && input_val <= one` failed.
/tmp/coulombc/pytorch_build_2021-11-10_08-09-16/avx2/python3.9/pytorch/aten/src/ATen/native/cuda/Loss.cu:104: operator(): block: [23,0,0], thread: [42,0,0] Assertion `input_val >= zero && input_val <= one` failed.
/tmp/coulombc/pytorch_build_2021-11-10_08-09-16/avx2/python3.9/pytorch/aten/src/ATen/native/cuda/Loss.cu:104: operator(): block: [23,0,0], thread: [43,0,0] Assertion `input_val >= zero && input_val <= one` failed.
/tmp/coulombc/pytorch_build_2021-11-10_08-09-16/avx2/python3.9/pytorch/aten/src/ATen/native/cuda/Loss.cu:104: operator(): block: [23,0,0], thread: [44,0,0] Assertion `input_val >= zero && input_val <= one` failed.
/tmp/coulombc/pytorch_build_2021-11-10_08-09-16/avx2/python3.9/pytorch/aten/src/ATen/native/cuda/Loss.cu:104: operator(): block: [23,0,0], thread: [45,0,0] Assertion `input_val >= zero && input_val <= one` failed.
/tmp/coulombc/pytorch_build_2021-11-10_08-09-16/avx2/python3.9/pytorch/aten/src/ATen/native/cuda/Loss.cu:104: operator(): block: [23,0,0], thread: [46,0,0] Assertion `input_val >= zero && input_val <= one` failed.
/tmp/coulombc/pytorch_build_2021-11-10_08-09-16/avx2/python3.9/pytorch/aten/src/ATen/native/cuda/Loss.cu:104: operator(): block: [23,0,0], thread: [47,0,0] Assertion `input_val >= zero && input_val <= one` failed.
/tmp/coulombc/pytorch_build_2021-11-10_08-09-16/avx2/python3.9/pytorch/aten/src/ATen/native/cuda/Loss.cu:104: operator(): block: [23,0,0], thread: [48,0,0] Assertion `input_val >= zero && input_val <= one` failed.
/tmp/coulombc/pytorch_build_2021-11-10_08-09-16/avx2/python3.9/pytorch/aten/src/ATen/native/cuda/Loss.cu:104: operator(): block: [23,0,0], thread: [49,0,0] Assertion `input_val >= zero && input_val <= one` failed.
/tmp/coulombc/pytorch_build_2021-11-10_08-09-16/avx2/python3.9/pytorch/aten/src/ATen/native/cuda/Loss.cu:104: operator(): block: [23,0,0], thread: [50,0,0] Assertion `input_val >= zero && input_val <= one` failed.
/tmp/coulombc/pytorch_build_2021-11-10_08-09-16/avx2/python3.9/pytorch/aten/src/ATen/native/cuda/Loss.cu:104: operator(): block: [23,0,0], thread: [51,0,0] Assertion `input_val >= zero && input_val <= one` failed.
/tmp/coulombc/pytorch_build_2021-11-10_08-09-16/avx2/python3.9/pytorch/aten/src/ATen/native/cuda/Loss.cu:104: operator(): block: [23,0,0], thread: [52,0,0] Assertion `input_val >= zero && input_val <= one` failed.
/tmp/coulombc/pytorch_build_2021-11-10_08-09-16/avx2/python3.9/pytorch/aten/src/ATen/native/cuda/Loss.cu:104: operator(): block: [23,0,0], thread: [53,0,0] Assertion `input_val >= zero && input_val <= one` failed.
/tmp/coulombc/pytorch_build_2021-11-10_08-09-16/avx2/python3.9/pytorch/aten/src/ATen/native/cuda/Loss.cu:104: operator(): block: [23,0,0], thread: [54,0,0] Assertion `input_val >= zero && input_val <= one` failed.
/tmp/coulombc/pytorch_build_2021-11-10_08-09-16/avx2/python3.9/pytorch/aten/src/ATen/native/cuda/Loss.cu:104: operator(): block: [23,0,0], thread: [55,0,0] Assertion `input_val >= zero && input_val <= one` failed.
/tmp/coulombc/pytorch_build_2021-11-10_08-09-16/avx2/python3.9/pytorch/aten/src/ATen/native/cuda/Loss.cu:104: operator(): block: [23,0,0], thread: [56,0,0] Assertion `input_val >= zero && input_val <= one` failed.
/tmp/coulombc/pytorch_build_2021-11-10_08-09-16/avx2/python3.9/pytorch/aten/src/ATen/native/cuda/Loss.cu:104: operator(): block: [23,0,0], thread: [57,0,0] Assertion `input_val >= zero && input_val <= one` failed.
/tmp/coulombc/pytorch_build_2021-11-10_08-09-16/avx2/python3.9/pytorch/aten/src/ATen/native/cuda/Loss.cu:104: operator(): block: [23,0,0], thread: [58,0,0] Assertion `input_val >= zero && input_val <= one` failed.
/tmp/coulombc/pytorch_build_2021-11-10_08-09-16/avx2/python3.9/pytorch/aten/src/ATen/native/cuda/Loss.cu:104: operator(): block: [23,0,0], thread: [59,0,0] Assertion `input_val >= zero && input_val <= one` failed.
/tmp/coulombc/pytorch_build_2021-11-10_08-09-16/avx2/python3.9/pytorch/aten/src/ATen/native/cuda/Loss.cu:104: operator(): block: [23,0,0], thread: [60,0,0] Assertion `input_val >= zero && input_val <= one` failed.
/tmp/coulombc/pytorch_build_2021-11-10_08-09-16/avx2/python3.9/pytorch/aten/src/ATen/native/cuda/Loss.cu:104: operator(): block: [23,0,0], thread: [61,0,0] Assertion `input_val >= zero && input_val <= one` failed.
/tmp/coulombc/pytorch_build_2021-11-10_08-09-16/avx2/python3.9/pytorch/aten/src/ATen/native/cuda/Loss.cu:104: operator(): block: [23,0,0], thread: [62,0,0] Assertion `input_val >= zero && input_val <= one` failed.
/tmp/coulombc/pytorch_build_2021-11-10_08-09-16/avx2/python3.9/pytorch/aten/src/ATen/native/cuda/Loss.cu:104: operator(): block: [23,0,0], thread: [63,0,0] Assertion `input_val >= zero && input_val <= one` failed.
/tmp/coulombc/pytorch_build_2021-11-10_08-09-16/avx2/python3.9/pytorch/aten/src/ATen/native/cuda/Loss.cu:104: operator(): block: [34,0,0], thread: [32,0,0] Assertion `input_val >= zero && input_val <= one` failed.
/tmp/coulombc/pytorch_build_2021-11-10_08-09-16/avx2/python3.9/pytorch/aten/src/ATen/native/cuda/Loss.cu:104: operator(): block: [34,0,0], thread: [33,0,0] Assertion `input_val >= zero && input_val <= one` failed.
/tmp/coulombc/pytorch_build_2021-11-10_08-09-16/avx2/python3.9/pytorch/aten/src/ATen/native/cuda/Loss.cu:104: operator(): block: [34,0,0], thread: [34,0,0] Assertion `input_val >= zero && input_val <= one` failed.
/tmp/coulombc/pytorch_build_2021-11-10_08-09-16/avx2/python3.9/pytorch/aten/src/ATen/native/cuda/Loss.cu:104: operator(): block: [34,0,0], thread: [35,0,0] Assertion `input_val >= zero && input_val <= one` failed.
/tmp/coulombc/pytorch_build_2021-11-10_08-09-16/avx2/python3.9/pytorch/aten/src/ATen/native/cuda/Loss.cu:104: operator(): block: [34,0,0], thread: [36,0,0] Assertion `input_val >= zero && input_val <= one` failed.
/tmp/coulombc/pytorch_build_2021-11-10_08-09-16/avx2/python3.9/pytorch/aten/src/ATen/native/cuda/Loss.cu:104: operator(): block: [34,0,0], thread: [37,0,0] Assertion `input_val >= zero && input_val <= one` failed.
/tmp/coulombc/pytorch_build_2021-11-10_08-09-16/avx2/python3.9/pytorch/aten/src/ATen/native/cuda/Loss.cu:104: operator(): block: [34,0,0], thread: [38,0,0] Assertion `input_val >= zero && input_val <= one` failed.
/tmp/coulombc/pytorch_build_2021-11-10_08-09-16/avx2/python3.9/pytorch/aten/src/ATen/native/cuda/Loss.cu:104: operator(): block: [34,0,0], thread: [39,0,0] Assertion `input_val >= zero && input_val <= one` failed.
/tmp/coulombc/pytorch_build_2021-11-10_08-09-16/avx2/python3.9/pytorch/aten/src/ATen/native/cuda/Loss.cu:104: operator(): block: [34,0,0], thread: [40,0,0] Assertion `input_val >= zero && input_val <= one` failed.
/tmp/coulombc/pytorch_build_2021-11-10_08-09-16/avx2/python3.9/pytorch/aten/src/ATen/native/cuda/Loss.cu:104: operator(): block: [34,0,0], thread: [41,0,0] Assertion `input_val >= zero && input_val <= one` failed.
/tmp/coulombc/pytorch_build_2021-11-10_08-09-16/avx2/python3.9/pytorch/aten/src/ATen/native/cuda/Loss.cu:104: operator(): block: [34,0,0], thread: [42,0,0] Assertion `input_val >= zero && input_val <= one` failed.
/tmp/coulombc/pytorch_build_2021-11-10_08-09-16/avx2/python3.9/pytorch/aten/src/ATen/native/cuda/Loss.cu:104: operator(): block: [34,0,0], thread: [43,0,0] Assertion `input_val >= zero && input_val <= one` failed.
/tmp/coulombc/pytorch_build_2021-11-10_08-09-16/avx2/python3.9/pytorch/aten/src/ATen/native/cuda/Loss.cu:104: operator(): block: [34,0,0], thread: [44,0,0] Assertion `input_val >= zero && input_val <= one` failed.
/tmp/coulombc/pytorch_build_2021-11-10_08-09-16/avx2/python3.9/pytorch/aten/src/ATen/native/cuda/Loss.cu:104: operator(): block: [34,0,0], thread: [45,0,0] Assertion `input_val >= zero && input_val <= one` failed.
/tmp/coulombc/pytorch_build_2021-11-10_08-09-16/avx2/python3.9/pytorch/aten/src/ATen/native/cuda/Loss.cu:104: operator(): block: [34,0,0], thread: [46,0,0] Assertion `input_val >= zero && input_val <= one` failed.
/tmp/coulombc/pytorch_build_2021-11-10_08-09-16/avx2/python3.9/pytorch/aten/src/ATen/native/cuda/Loss.cu:104: operator(): block: [34,0,0], thread: [47,0,0] Assertion `input_val >= zero && input_val <= one` failed.
/tmp/coulombc/pytorch_build_2021-11-10_08-09-16/avx2/python3.9/pytorch/aten/src/ATen/native/cuda/Loss.cu:104: operator(): block: [34,0,0], thread: [48,0,0] Assertion `input_val >= zero && input_val <= one` failed.
/tmp/coulombc/pytorch_build_2021-11-10_08-09-16/avx2/python3.9/pytorch/aten/src/ATen/native/cuda/Loss.cu:104: operator(): block: [34,0,0], thread: [49,0,0] Assertion `input_val >= zero && input_val <= one` failed.
/tmp/coulombc/pytorch_build_2021-11-10_08-09-16/avx2/python3.9/pytorch/aten/src/ATen/native/cuda/Loss.cu:104: operator(): block: [34,0,0], thread: [50,0,0] Assertion `input_val >= zero && input_val <= one` failed.
/tmp/coulombc/pytorch_build_2021-11-10_08-09-16/avx2/python3.9/pytorch/aten/src/ATen/native/cuda/Loss.cu:104: operator(): block: [34,0,0], thread: [51,0,0] Assertion `input_val >= zero && input_val <= one` failed.
/tmp/coulombc/pytorch_build_2021-11-10_08-09-16/avx2/python3.9/pytorch/aten/src/ATen/native/cuda/Loss.cu:104: operator(): block: [34,0,0], thread: [52,0,0] Assertion `input_val >= zero && input_val <= one` failed.
/tmp/coulombc/pytorch_build_2021-11-10_08-09-16/avx2/python3.9/pytorch/aten/src/ATen/native/cuda/Loss.cu:104: operator(): block: [34,0,0], thread: [53,0,0] Assertion `input_val >= zero && input_val <= one` failed.
/tmp/coulombc/pytorch_build_2021-11-10_08-09-16/avx2/python3.9/pytorch/aten/src/ATen/native/cuda/Loss.cu:104: operator(): block: [34,0,0], thread: [54,0,0] Assertion `input_val >= zero && input_val <= one` failed.
/tmp/coulombc/pytorch_build_2021-11-10_08-09-16/avx2/python3.9/pytorch/aten/src/ATen/native/cuda/Loss.cu:104: operator(): block: [34,0,0], thread: [55,0,0] Assertion `input_val >= zero && input_val <= one` failed.
/tmp/coulombc/pytorch_build_2021-11-10_08-09-16/avx2/python3.9/pytorch/aten/src/ATen/native/cuda/Loss.cu:104: operator(): block: [34,0,0], thread: [56,0,0] Assertion `input_val >= zero && input_val <= one` failed.
/tmp/coulombc/pytorch_build_2021-11-10_08-09-16/avx2/python3.9/pytorch/aten/src/ATen/native/cuda/Loss.cu:104: operator(): block: [34,0,0], thread: [57,0,0] Assertion `input_val >= zero && input_val <= one` failed.
/tmp/coulombc/pytorch_build_2021-11-10_08-09-16/avx2/python3.9/pytorch/aten/src/ATen/native/cuda/Loss.cu:104: operator(): block: [34,0,0], thread: [58,0,0] Assertion `input_val >= zero && input_val <= one` failed.
/tmp/coulombc/pytorch_build_2021-11-10_08-09-16/avx2/python3.9/pytorch/aten/src/ATen/native/cuda/Loss.cu:104: operator(): block: [34,0,0], thread: [59,0,0] Assertion `input_val >= zero && input_val <= one` failed.
/tmp/coulombc/pytorch_build_2021-11-10_08-09-16/avx2/python3.9/pytorch/aten/src/ATen/native/cuda/Loss.cu:104: operator(): block: [34,0,0], thread: [60,0,0] Assertion `input_val >= zero && input_val <= one` failed.
/tmp/coulombc/pytorch_build_2021-11-10_08-09-16/avx2/python3.9/pytorch/aten/src/ATen/native/cuda/Loss.cu:104: operator(): block: [34,0,0], thread: [61,0,0] Assertion `input_val >= zero && input_val <= one` failed.
/tmp/coulombc/pytorch_build_2021-11-10_08-09-16/avx2/python3.9/pytorch/aten/src/ATen/native/cuda/Loss.cu:104: operator(): block: [34,0,0], thread: [62,0,0] Assertion `input_val >= zero && input_val <= one` failed.
/tmp/coulombc/pytorch_build_2021-11-10_08-09-16/avx2/python3.9/pytorch/aten/src/ATen/native/cuda/Loss.cu:104: operator(): block: [34,0,0], thread: [63,0,0] Assertion `input_val >= zero && input_val <= one` failed.
/tmp/coulombc/pytorch_build_2021-11-10_08-09-16/avx2/python3.9/pytorch/aten/src/ATen/native/cuda/Loss.cu:104: operator(): block: [15,0,0], thread: [32,0,0] Assertion `input_val >= zero && input_val <= one` failed.
/tmp/coulombc/pytorch_build_2021-11-10_08-09-16/avx2/python3.9/pytorch/aten/src/ATen/native/cuda/Loss.cu:104: operator(): block: [15,0,0], thread: [33,0,0] Assertion `input_val >= zero && input_val <= one` failed.
/tmp/coulombc/pytorch_build_2021-11-10_08-09-16/avx2/python3.9/pytorch/aten/src/ATen/native/cuda/Loss.cu:104: operator(): block: [15,0,0], thread: [34,0,0] Assertion `input_val >= zero && input_val <= one` failed.
/tmp/coulombc/pytorch_build_2021-11-10_08-09-16/avx2/python3.9/pytorch/aten/src/ATen/native/cuda/Loss.cu:104: operator(): block: [15,0,0], thread: [35,0,0] Assertion `input_val >= zero && input_val <= one` failed.
/tmp/coulombc/pytorch_build_2021-11-10_08-09-16/avx2/python3.9/pytorch/aten/src/ATen/native/cuda/Loss.cu:104: operator(): block: [15,0,0], thread: [36,0,0] Assertion `input_val >= zero && input_val <= one` failed.
/tmp/coulombc/pytorch_build_2021-11-10_08-09-16/avx2/python3.9/pytorch/aten/src/ATen/native/cuda/Loss.cu:104: operator(): block: [15,0,0], thread: [37,0,0] Assertion `input_val >= zero && input_val <= one` failed.
/tmp/coulombc/pytorch_build_2021-11-10_08-09-16/avx2/python3.9/pytorch/aten/src/ATen/native/cuda/Loss.cu:104: operator(): block: [15,0,0], thread: [38,0,0] Assertion `input_val >= zero && input_val <= one` failed.
/tmp/coulombc/pytorch_build_2021-11-10_08-09-16/avx2/python3.9/pytorch/aten/src/ATen/native/cuda/Loss.cu:104: operator(): block: [15,0,0], thread: [39,0,0] Assertion `input_val >= zero && input_val <= one` failed.
/tmp/coulombc/pytorch_build_2021-11-10_08-09-16/avx2/python3.9/pytorch/aten/src/ATen/native/cuda/Loss.cu:104: operator(): block: [15,0,0], thread: [40,0,0] Assertion `input_val >= zero && input_val <= one` failed.
/tmp/coulombc/pytorch_build_2021-11-10_08-09-16/avx2/python3.9/pytorch/aten/src/ATen/native/cuda/Loss.cu:104: operator(): block: [15,0,0], thread: [41,0,0] Assertion `input_val >= zero && input_val <= one` failed.
/tmp/coulombc/pytorch_build_2021-11-10_08-09-16/avx2/python3.9/pytorch/aten/src/ATen/native/cuda/Loss.cu:104: operator(): block: [15,0,0], thread: [42,0,0] Assertion `input_val >= zero && input_val <= one` failed.
/tmp/coulombc/pytorch_build_2021-11-10_08-09-16/avx2/python3.9/pytorch/aten/src/ATen/native/cuda/Loss.cu:104: operator(): block: [15,0,0], thread: [43,0,0] Assertion `input_val >= zero && input_val <= one` failed.
/tmp/coulombc/pytorch_build_2021-11-10_08-09-16/avx2/python3.9/pytorch/aten/src/ATen/native/cuda/Loss.cu:104: operator(): block: [15,0,0], thread: [44,0,0] Assertion `input_val >= zero && input_val <= one` failed.
/tmp/coulombc/pytorch_build_2021-11-10_08-09-16/avx2/python3.9/pytorch/aten/src/ATen/native/cuda/Loss.cu:104: operator(): block: [15,0,0], thread: [45,0,0] Assertion `input_val >= zero && input_val <= one` failed.
/tmp/coulombc/pytorch_build_2021-11-10_08-09-16/avx2/python3.9/pytorch/aten/src/ATen/native/cuda/Loss.cu:104: operator(): block: [15,0,0], thread: [46,0,0] Assertion `input_val >= zero && input_val <= one` failed.
/tmp/coulombc/pytorch_build_2021-11-10_08-09-16/avx2/python3.9/pytorch/aten/src/ATen/native/cuda/Loss.cu:104: operator(): block: [15,0,0], thread: [47,0,0] Assertion `input_val >= zero && input_val <= one` failed.
/tmp/coulombc/pytorch_build_2021-11-10_08-09-16/avx2/python3.9/pytorch/aten/src/ATen/native/cuda/Loss.cu:104: operator(): block: [15,0,0], thread: [48,0,0] Assertion `input_val >= zero && input_val <= one` failed.
/tmp/coulombc/pytorch_build_2021-11-10_08-09-16/avx2/python3.9/pytorch/aten/src/ATen/native/cuda/Loss.cu:104: operator(): block: [15,0,0], thread: [49,0,0] Assertion `input_val >= zero && input_val <= one` failed.
/tmp/coulombc/pytorch_build_2021-11-10_08-09-16/avx2/python3.9/pytorch/aten/src/ATen/native/cuda/Loss.cu:104: operator(): block: [15,0,0], thread: [50,0,0] Assertion `input_val >= zero && input_val <= one` failed.
/tmp/coulombc/pytorch_build_2021-11-10_08-09-16/avx2/python3.9/pytorch/aten/src/ATen/native/cuda/Loss.cu:104: operator(): block: [15,0,0], thread: [51,0,0] Assertion `input_val >= zero && input_val <= one` failed.
/tmp/coulombc/pytorch_build_2021-11-10_08-09-16/avx2/python3.9/pytorch/aten/src/ATen/native/cuda/Loss.cu:104: operator(): block: [15,0,0], thread: [52,0,0] Assertion `input_val >= zero && input_val <= one` failed.
/tmp/coulombc/pytorch_build_2021-11-10_08-09-16/avx2/python3.9/pytorch/aten/src/ATen/native/cuda/Loss.cu:104: operator(): block: [15,0,0], thread: [53,0,0] Assertion `input_val >= zero && input_val <= one` failed.
/tmp/coulombc/pytorch_build_2021-11-10_08-09-16/avx2/python3.9/pytorch/aten/src/ATen/native/cuda/Loss.cu:104: operator(): block: [15,0,0], thread: [54,0,0] Assertion `input_val >= zero && input_val <= one` failed.
/tmp/coulombc/pytorch_build_2021-11-10_08-09-16/avx2/python3.9/pytorch/aten/src/ATen/native/cuda/Loss.cu:104: operator(): block: [15,0,0], thread: [55,0,0] Assertion `input_val >= zero && input_val <= one` failed.
/tmp/coulombc/pytorch_build_2021-11-10_08-09-16/avx2/python3.9/pytorch/aten/src/ATen/native/cuda/Loss.cu:104: operator(): block: [15,0,0], thread: [56,0,0] Assertion `input_val >= zero && input_val <= one` failed.
/tmp/coulombc/pytorch_build_2021-11-10_08-09-16/avx2/python3.9/pytorch/aten/src/ATen/native/cuda/Loss.cu:104: operator(): block: [15,0,0], thread: [57,0,0] Assertion `input_val >= zero && input_val <= one` failed.
/tmp/coulombc/pytorch_build_2021-11-10_08-09-16/avx2/python3.9/pytorch/aten/src/ATen/native/cuda/Loss.cu:104: operator(): block: [15,0,0], thread: [58,0,0] Assertion `input_val >= zero && input_val <= one` failed.
/tmp/coulombc/pytorch_build_2021-11-10_08-09-16/avx2/python3.9/pytorch/aten/src/ATen/native/cuda/Loss.cu:104: operator(): block: [15,0,0], thread: [59,0,0] Assertion `input_val >= zero && input_val <= one` failed.
/tmp/coulombc/pytorch_build_2021-11-10_08-09-16/avx2/python3.9/pytorch/aten/src/ATen/native/cuda/Loss.cu:104: operator(): block: [15,0,0], thread: [60,0,0] Assertion `input_val >= zero && input_val <= one` failed.
/tmp/coulombc/pytorch_build_2021-11-10_08-09-16/avx2/python3.9/pytorch/aten/src/ATen/native/cuda/Loss.cu:104: operator(): block: [15,0,0], thread: [61,0,0] Assertion `input_val >= zero && input_val <= one` failed.
/tmp/coulombc/pytorch_build_2021-11-10_08-09-16/avx2/python3.9/pytorch/aten/src/ATen/native/cuda/Loss.cu:104: operator(): block: [15,0,0], thread: [62,0,0] Assertion `input_val >= zero && input_val <= one` failed.
/tmp/coulombc/pytorch_build_2021-11-10_08-09-16/avx2/python3.9/pytorch/aten/src/ATen/native/cuda/Loss.cu:104: operator(): block: [15,0,0], thread: [63,0,0] Assertion `input_val >= zero && input_val <= one` failed.
/tmp/coulombc/pytorch_build_2021-11-10_08-09-16/avx2/python3.9/pytorch/aten/src/ATen/native/cuda/Loss.cu:104: operator(): block: [15,0,0], thread: [0,0,0] Assertion `input_val >= zero && input_val <= one` failed.
/tmp/coulombc/pytorch_build_2021-11-10_08-09-16/avx2/python3.9/pytorch/aten/src/ATen/native/cuda/Loss.cu:104: operator(): block: [15,0,0], thread: [1,0,0] Assertion `input_val >= zero && input_val <= one` failed.
/tmp/coulombc/pytorch_build_2021-11-10_08-09-16/avx2/python3.9/pytorch/aten/src/ATen/native/cuda/Loss.cu:104: operator(): block: [15,0,0], thread: [2,0,0] Assertion `input_val >= zero && input_val <= one` failed.
/tmp/coulombc/pytorch_build_2021-11-10_08-09-16/avx2/python3.9/pytorch/aten/src/ATen/native/cuda/Loss.cu:104: operator(): block: [15,0,0], thread: [3,0,0] Assertion `input_val >= zero && input_val <= one` failed.
/tmp/coulombc/pytorch_build_2021-11-10_08-09-16/avx2/python3.9/pytorch/aten/src/ATen/native/cuda/Loss.cu:104: operator(): block: [15,0,0], thread: [4,0,0] Assertion `input_val >= zero && input_val <= one` failed.
/tmp/coulombc/pytorch_build_2021-11-10_08-09-16/avx2/python3.9/pytorch/aten/src/ATen/native/cuda/Loss.cu:104: operator(): block: [15,0,0], thread: [5,0,0] Assertion `input_val >= zero && input_val <= one` failed.
/tmp/coulombc/pytorch_build_2021-11-10_08-09-16/avx2/python3.9/pytorch/aten/src/ATen/native/cuda/Loss.cu:104: operator(): block: [15,0,0], thread: [6,0,0] Assertion `input_val >= zero && input_val <= one` failed.
/tmp/coulombc/pytorch_build_2021-11-10_08-09-16/avx2/python3.9/pytorch/aten/src/ATen/native/cuda/Loss.cu:104: operator(): block: [15,0,0], thread: [7,0,0] Assertion `input_val >= zero && input_val <= one` failed.
/tmp/coulombc/pytorch_build_2021-11-10_08-09-16/avx2/python3.9/pytorch/aten/src/ATen/native/cuda/Loss.cu:104: operator(): block: [15,0,0], thread: [8,0,0] Assertion `input_val >= zero && input_val <= one` failed.
/tmp/coulombc/pytorch_build_2021-11-10_08-09-16/avx2/python3.9/pytorch/aten/src/ATen/native/cuda/Loss.cu:104: operator(): block: [15,0,0], thread: [9,0,0] Assertion `input_val >= zero && input_val <= one` failed.
/tmp/coulombc/pytorch_build_2021-11-10_08-09-16/avx2/python3.9/pytorch/aten/src/ATen/native/cuda/Loss.cu:104: operator(): block: [15,0,0], thread: [10,0,0] Assertion `input_val >= zero && input_val <= one` failed.
/tmp/coulombc/pytorch_build_2021-11-10_08-09-16/avx2/python3.9/pytorch/aten/src/ATen/native/cuda/Loss.cu:104: operator(): block: [15,0,0], thread: [11,0,0] Assertion `input_val >= zero && input_val <= one` failed.
/tmp/coulombc/pytorch_build_2021-11-10_08-09-16/avx2/python3.9/pytorch/aten/src/ATen/native/cuda/Loss.cu:104: operator(): block: [15,0,0], thread: [12,0,0] Assertion `input_val >= zero && input_val <= one` failed.
/tmp/coulombc/pytorch_build_2021-11-10_08-09-16/avx2/python3.9/pytorch/aten/src/ATen/native/cuda/Loss.cu:104: operator(): block: [15,0,0], thread: [13,0,0] Assertion `input_val >= zero && input_val <= one` failed.
/tmp/coulombc/pytorch_build_2021-11-10_08-09-16/avx2/python3.9/pytorch/aten/src/ATen/native/cuda/Loss.cu:104: operator(): block: [15,0,0], thread: [14,0,0] Assertion `input_val >= zero && input_val <= one` failed.
/tmp/coulombc/pytorch_build_2021-11-10_08-09-16/avx2/python3.9/pytorch/aten/src/ATen/native/cuda/Loss.cu:104: operator(): block: [15,0,0], thread: [15,0,0] Assertion `input_val >= zero && input_val <= one` failed.
/tmp/coulombc/pytorch_build_2021-11-10_08-09-16/avx2/python3.9/pytorch/aten/src/ATen/native/cuda/Loss.cu:104: operator(): block: [15,0,0], thread: [16,0,0] Assertion `input_val >= zero && input_val <= one` failed.
/tmp/coulombc/pytorch_build_2021-11-10_08-09-16/avx2/python3.9/pytorch/aten/src/ATen/native/cuda/Loss.cu:104: operator(): block: [15,0,0], thread: [17,0,0] Assertion `input_val >= zero && input_val <= one` failed.
/tmp/coulombc/pytorch_build_2021-11-10_08-09-16/avx2/python3.9/pytorch/aten/src/ATen/native/cuda/Loss.cu:104: operator(): block: [15,0,0], thread: [18,0,0] Assertion `input_val >= zero && input_val <= one` failed.
/tmp/coulombc/pytorch_build_2021-11-10_08-09-16/avx2/python3.9/pytorch/aten/src/ATen/native/cuda/Loss.cu:104: operator(): block: [15,0,0], thread: [19,0,0] Assertion `input_val >= zero && input_val <= one` failed.
/tmp/coulombc/pytorch_build_2021-11-10_08-09-16/avx2/python3.9/pytorch/aten/src/ATen/native/cuda/Loss.cu:104: operator(): block: [15,0,0], thread: [20,0,0] Assertion `input_val >= zero && input_val <= one` failed.
/tmp/coulombc/pytorch_build_2021-11-10_08-09-16/avx2/python3.9/pytorch/aten/src/ATen/native/cuda/Loss.cu:104: operator(): block: [15,0,0], thread: [21,0,0] Assertion `input_val >= zero && input_val <= one` failed.
/tmp/coulombc/pytorch_build_2021-11-10_08-09-16/avx2/python3.9/pytorch/aten/src/ATen/native/cuda/Loss.cu:104: operator(): block: [15,0,0], thread: [22,0,0] Assertion `input_val >= zero && input_val <= one` failed.
/tmp/coulombc/pytorch_build_2021-11-10_08-09-16/avx2/python3.9/pytorch/aten/src/ATen/native/cuda/Loss.cu:104: operator(): block: [15,0,0], thread: [23,0,0] Assertion `input_val >= zero && input_val <= one` failed.
/tmp/coulombc/pytorch_build_2021-11-10_08-09-16/avx2/python3.9/pytorch/aten/src/ATen/native/cuda/Loss.cu:104: operator(): block: [15,0,0], thread: [24,0,0] Assertion `input_val >= zero && input_val <= one` failed.
/tmp/coulombc/pytorch_build_2021-11-10_08-09-16/avx2/python3.9/pytorch/aten/src/ATen/native/cuda/Loss.cu:104: operator(): block: [15,0,0], thread: [25,0,0] Assertion `input_val >= zero && input_val <= one` failed.
/tmp/coulombc/pytorch_build_2021-11-10_08-09-16/avx2/python3.9/pytorch/aten/src/ATen/native/cuda/Loss.cu:104: operator(): block: [15,0,0], thread: [26,0,0] Assertion `input_val >= zero && input_val <= one` failed.
/tmp/coulombc/pytorch_build_2021-11-10_08-09-16/avx2/python3.9/pytorch/aten/src/ATen/native/cuda/Loss.cu:104: operator(): block: [15,0,0], thread: [27,0,0] Assertion `input_val >= zero && input_val <= one` failed.
/tmp/coulombc/pytorch_build_2021-11-10_08-09-16/avx2/python3.9/pytorch/aten/src/ATen/native/cuda/Loss.cu:104: operator(): block: [15,0,0], thread: [28,0,0] Assertion `input_val >= zero && input_val <= one` failed.
/tmp/coulombc/pytorch_build_2021-11-10_08-09-16/avx2/python3.9/pytorch/aten/src/ATen/native/cuda/Loss.cu:104: operator(): block: [15,0,0], thread: [29,0,0] Assertion `input_val >= zero && input_val <= one` failed.
/tmp/coulombc/pytorch_build_2021-11-10_08-09-16/avx2/python3.9/pytorch/aten/src/ATen/native/cuda/Loss.cu:104: operator(): block: [15,0,0], thread: [30,0,0] Assertion `input_val >= zero && input_val <= one` failed.
/tmp/coulombc/pytorch_build_2021-11-10_08-09-16/avx2/python3.9/pytorch/aten/src/ATen/native/cuda/Loss.cu:104: operator(): block: [15,0,0], thread: [31,0,0] Assertion `input_val >= zero && input_val <= one` failed.
/tmp/coulombc/pytorch_build_2021-11-10_08-09-16/avx2/python3.9/pytorch/aten/src/ATen/native/cuda/Loss.cu:104: operator(): block: [49,0,0], thread: [0,0,0] Assertion `input_val >= zero && input_val <= one` failed.
/tmp/coulombc/pytorch_build_2021-11-10_08-09-16/avx2/python3.9/pytorch/aten/src/ATen/native/cuda/Loss.cu:104: operator(): block: [49,0,0], thread: [1,0,0] Assertion `input_val >= zero && input_val <= one` failed.
/tmp/coulombc/pytorch_build_2021-11-10_08-09-16/avx2/python3.9/pytorch/aten/src/ATen/native/cuda/Loss.cu:104: operator(): block: [49,0,0], thread: [2,0,0] Assertion `input_val >= zero && input_val <= one` failed.
/tmp/coulombc/pytorch_build_2021-11-10_08-09-16/avx2/python3.9/pytorch/aten/src/ATen/native/cuda/Loss.cu:104: operator(): block: [49,0,0], thread: [3,0,0] Assertion `input_val >= zero && input_val <= one` failed.
/tmp/coulombc/pytorch_build_2021-11-10_08-09-16/avx2/python3.9/pytorch/aten/src/ATen/native/cuda/Loss.cu:104: operator(): block: [49,0,0], thread: [4,0,0] Assertion `input_val >= zero && input_val <= one` failed.
/tmp/coulombc/pytorch_build_2021-11-10_08-09-16/avx2/python3.9/pytorch/aten/src/ATen/native/cuda/Loss.cu:104: operator(): block: [49,0,0], thread: [5,0,0] Assertion `input_val >= zero && input_val <= one` failed.
/tmp/coulombc/pytorch_build_2021-11-10_08-09-16/avx2/python3.9/pytorch/aten/src/ATen/native/cuda/Loss.cu:104: operator(): block: [49,0,0], thread: [6,0,0] Assertion `input_val >= zero && input_val <= one` failed.
/tmp/coulombc/pytorch_build_2021-11-10_08-09-16/avx2/python3.9/pytorch/aten/src/ATen/native/cuda/Loss.cu:104: operator(): block: [49,0,0], thread: [7,0,0] Assertion `input_val >= zero && input_val <= one` failed.
/tmp/coulombc/pytorch_build_2021-11-10_08-09-16/avx2/python3.9/pytorch/aten/src/ATen/native/cuda/Loss.cu:104: operator(): block: [49,0,0], thread: [8,0,0] Assertion `input_val >= zero && input_val <= one` failed.
/tmp/coulombc/pytorch_build_2021-11-10_08-09-16/avx2/python3.9/pytorch/aten/src/ATen/native/cuda/Loss.cu:104: operator(): block: [49,0,0], thread: [9,0,0] Assertion `input_val >= zero && input_val <= one` failed.
/tmp/coulombc/pytorch_build_2021-11-10_08-09-16/avx2/python3.9/pytorch/aten/src/ATen/native/cuda/Loss.cu:104: operator(): block: [49,0,0], thread: [10,0,0] Assertion `input_val >= zero && input_val <= one` failed.
/tmp/coulombc/pytorch_build_2021-11-10_08-09-16/avx2/python3.9/pytorch/aten/src/ATen/native/cuda/Loss.cu:104: operator(): block: [49,0,0], thread: [11,0,0] Assertion `input_val >= zero && input_val <= one` failed.
/tmp/coulombc/pytorch_build_2021-11-10_08-09-16/avx2/python3.9/pytorch/aten/src/ATen/native/cuda/Loss.cu:104: operator(): block: [49,0,0], thread: [12,0,0] Assertion `input_val >= zero && input_val <= one` failed.
/tmp/coulombc/pytorch_build_2021-11-10_08-09-16/avx2/python3.9/pytorch/aten/src/ATen/native/cuda/Loss.cu:104: operator(): block: [49,0,0], thread: [13,0,0] Assertion `input_val >= zero && input_val <= one` failed.
/tmp/coulombc/pytorch_build_2021-11-10_08-09-16/avx2/python3.9/pytorch/aten/src/ATen/native/cuda/Loss.cu:104: operator(): block: [49,0,0], thread: [14,0,0] Assertion `input_val >= zero && input_val <= one` failed.
/tmp/coulombc/pytorch_build_2021-11-10_08-09-16/avx2/python3.9/pytorch/aten/src/ATen/native/cuda/Loss.cu:104: operator(): block: [49,0,0], thread: [15,0,0] Assertion `input_val >= zero && input_val <= one` failed.
/tmp/coulombc/pytorch_build_2021-11-10_08-09-16/avx2/python3.9/pytorch/aten/src/ATen/native/cuda/Loss.cu:104: operator(): block: [49,0,0], thread: [16,0,0] Assertion `input_val >= zero && input_val <= one` failed.
/tmp/coulombc/pytorch_build_2021-11-10_08-09-16/avx2/python3.9/pytorch/aten/src/ATen/native/cuda/Loss.cu:104: operator(): block: [49,0,0], thread: [17,0,0] Assertion `input_val >= zero && input_val <= one` failed.
/tmp/coulombc/pytorch_build_2021-11-10_08-09-16/avx2/python3.9/pytorch/aten/src/ATen/native/cuda/Loss.cu:104: operator(): block: [49,0,0], thread: [18,0,0] Assertion `input_val >= zero && input_val <= one` failed.
/tmp/coulombc/pytorch_build_2021-11-10_08-09-16/avx2/python3.9/pytorch/aten/src/ATen/native/cuda/Loss.cu:104: operator(): block: [49,0,0], thread: [19,0,0] Assertion `input_val >= zero && input_val <= one` failed.
/tmp/coulombc/pytorch_build_2021-11-10_08-09-16/avx2/python3.9/pytorch/aten/src/ATen/native/cuda/Loss.cu:104: operator(): block: [49,0,0], thread: [20,0,0] Assertion `input_val >= zero && input_val <= one` failed.
/tmp/coulombc/pytorch_build_2021-11-10_08-09-16/avx2/python3.9/pytorch/aten/src/ATen/native/cuda/Loss.cu:104: operator(): block: [49,0,0], thread: [21,0,0] Assertion `input_val >= zero && input_val <= one` failed.
/tmp/coulombc/pytorch_build_2021-11-10_08-09-16/avx2/python3.9/pytorch/aten/src/ATen/native/cuda/Loss.cu:104: operator(): block: [49,0,0], thread: [22,0,0] Assertion `input_val >= zero && input_val <= one` failed.
/tmp/coulombc/pytorch_build_2021-11-10_08-09-16/avx2/python3.9/pytorch/aten/src/ATen/native/cuda/Loss.cu:104: operator(): block: [49,0,0], thread: [23,0,0] Assertion `input_val >= zero && input_val <= one` failed.
/tmp/coulombc/pytorch_build_2021-11-10_08-09-16/avx2/python3.9/pytorch/aten/src/ATen/native/cuda/Loss.cu:104: operator(): block: [49,0,0], thread: [24,0,0] Assertion `input_val >= zero && input_val <= one` failed.
/tmp/coulombc/pytorch_build_2021-11-10_08-09-16/avx2/python3.9/pytorch/aten/src/ATen/native/cuda/Loss.cu:104: operator(): block: [49,0,0], thread: [25,0,0] Assertion `input_val >= zero && input_val <= one` failed.
/tmp/coulombc/pytorch_build_2021-11-10_08-09-16/avx2/python3.9/pytorch/aten/src/ATen/native/cuda/Loss.cu:104: operator(): block: [49,0,0], thread: [26,0,0] Assertion `input_val >= zero && input_val <= one` failed.
/tmp/coulombc/pytorch_build_2021-11-10_08-09-16/avx2/python3.9/pytorch/aten/src/ATen/native/cuda/Loss.cu:104: operator(): block: [49,0,0], thread: [27,0,0] Assertion `input_val >= zero && input_val <= one` failed.
/tmp/coulombc/pytorch_build_2021-11-10_08-09-16/avx2/python3.9/pytorch/aten/src/ATen/native/cuda/Loss.cu:104: operator(): block: [49,0,0], thread: [28,0,0] Assertion `input_val >= zero && input_val <= one` failed.
/tmp/coulombc/pytorch_build_2021-11-10_08-09-16/avx2/python3.9/pytorch/aten/src/ATen/native/cuda/Loss.cu:104: operator(): block: [49,0,0], thread: [29,0,0] Assertion `input_val >= zero && input_val <= one` failed.
/tmp/coulombc/pytorch_build_2021-11-10_08-09-16/avx2/python3.9/pytorch/aten/src/ATen/native/cuda/Loss.cu:104: operator(): block: [49,0,0], thread: [30,0,0] Assertion `input_val >= zero && input_val <= one` failed.
/tmp/coulombc/pytorch_build_2021-11-10_08-09-16/avx2/python3.9/pytorch/aten/src/ATen/native/cuda/Loss.cu:104: operator(): block: [49,0,0], thread: [31,0,0] Assertion `input_val >= zero && input_val <= one` failed.
/tmp/coulombc/pytorch_build_2021-11-10_08-09-16/avx2/python3.9/pytorch/aten/src/ATen/native/cuda/Loss.cu:104: operator(): block: [49,0,0], thread: [32,0,0] Assertion `input_val >= zero && input_val <= one` failed.
/tmp/coulombc/pytorch_build_2021-11-10_08-09-16/avx2/python3.9/pytorch/aten/src/ATen/native/cuda/Loss.cu:104: operator(): block: [49,0,0], thread: [33,0,0] Assertion `input_val >= zero && input_val <= one` failed.
/tmp/coulombc/pytorch_build_2021-11-10_08-09-16/avx2/python3.9/pytorch/aten/src/ATen/native/cuda/Loss.cu:104: operator(): block: [49,0,0], thread: [34,0,0] Assertion `input_val >= zero && input_val <= one` failed.
/tmp/coulombc/pytorch_build_2021-11-10_08-09-16/avx2/python3.9/pytorch/aten/src/ATen/native/cuda/Loss.cu:104: operator(): block: [49,0,0], thread: [35,0,0] Assertion `input_val >= zero && input_val <= one` failed.
/tmp/coulombc/pytorch_build_2021-11-10_08-09-16/avx2/python3.9/pytorch/aten/src/ATen/native/cuda/Loss.cu:104: operator(): block: [49,0,0], thread: [36,0,0] Assertion `input_val >= zero && input_val <= one` failed.
/tmp/coulombc/pytorch_build_2021-11-10_08-09-16/avx2/python3.9/pytorch/aten/src/ATen/native/cuda/Loss.cu:104: operator(): block: [49,0,0], thread: [37,0,0] Assertion `input_val >= zero && input_val <= one` failed.
/tmp/coulombc/pytorch_build_2021-11-10_08-09-16/avx2/python3.9/pytorch/aten/src/ATen/native/cuda/Loss.cu:104: operator(): block: [49,0,0], thread: [38,0,0] Assertion `input_val >= zero && input_val <= one` failed.
/tmp/coulombc/pytorch_build_2021-11-10_08-09-16/avx2/python3.9/pytorch/aten/src/ATen/native/cuda/Loss.cu:104: operator(): block: [49,0,0], thread: [39,0,0] Assertion `input_val >= zero && input_val <= one` failed.
/tmp/coulombc/pytorch_build_2021-11-10_08-09-16/avx2/python3.9/pytorch/aten/src/ATen/native/cuda/Loss.cu:104: operator(): block: [49,0,0], thread: [40,0,0] Assertion `input_val >= zero && input_val <= one` failed.
/tmp/coulombc/pytorch_build_2021-11-10_08-09-16/avx2/python3.9/pytorch/aten/src/ATen/native/cuda/Loss.cu:104: operator(): block: [49,0,0], thread: [41,0,0] Assertion `input_val >= zero && input_val <= one` failed.
/tmp/coulombc/pytorch_build_2021-11-10_08-09-16/avx2/python3.9/pytorch/aten/src/ATen/native/cuda/Loss.cu:104: operator(): block: [49,0,0], thread: [42,0,0] Assertion `input_val >= zero && input_val <= one` failed.
/tmp/coulombc/pytorch_build_2021-11-10_08-09-16/avx2/python3.9/pytorch/aten/src/ATen/native/cuda/Loss.cu:104: operator(): block: [49,0,0], thread: [43,0,0] Assertion `input_val >= zero && input_val <= one` failed.
/tmp/coulombc/pytorch_build_2021-11-10_08-09-16/avx2/python3.9/pytorch/aten/src/ATen/native/cuda/Loss.cu:104: operator(): block: [49,0,0], thread: [44,0,0] Assertion `input_val >= zero && input_val <= one` failed.
/tmp/coulombc/pytorch_build_2021-11-10_08-09-16/avx2/python3.9/pytorch/aten/src/ATen/native/cuda/Loss.cu:104: operator(): block: [49,0,0], thread: [45,0,0] Assertion `input_val >= zero && input_val <= one` failed.
/tmp/coulombc/pytorch_build_2021-11-10_08-09-16/avx2/python3.9/pytorch/aten/src/ATen/native/cuda/Loss.cu:104: operator(): block: [49,0,0], thread: [46,0,0] Assertion `input_val >= zero && input_val <= one` failed.
/tmp/coulombc/pytorch_build_2021-11-10_08-09-16/avx2/python3.9/pytorch/aten/src/ATen/native/cuda/Loss.cu:104: operator(): block: [49,0,0], thread: [47,0,0] Assertion `input_val >= zero && input_val <= one` failed.
/tmp/coulombc/pytorch_build_2021-11-10_08-09-16/avx2/python3.9/pytorch/aten/src/ATen/native/cuda/Loss.cu:104: operator(): block: [49,0,0], thread: [48,0,0] Assertion `input_val >= zero && input_val <= one` failed.
/tmp/coulombc/pytorch_build_2021-11-10_08-09-16/avx2/python3.9/pytorch/aten/src/ATen/native/cuda/Loss.cu:104: operator(): block: [49,0,0], thread: [49,0,0] Assertion `input_val >= zero && input_val <= one` failed.
/tmp/coulombc/pytorch_build_2021-11-10_08-09-16/avx2/python3.9/pytorch/aten/src/ATen/native/cuda/Loss.cu:104: operator(): block: [49,0,0], thread: [50,0,0] Assertion `input_val >= zero && input_val <= one` failed.
/tmp/coulombc/pytorch_build_2021-11-10_08-09-16/avx2/python3.9/pytorch/aten/src/ATen/native/cuda/Loss.cu:104: operator(): block: [49,0,0], thread: [51,0,0] Assertion `input_val >= zero && input_val <= one` failed.
/tmp/coulombc/pytorch_build_2021-11-10_08-09-16/avx2/python3.9/pytorch/aten/src/ATen/native/cuda/Loss.cu:104: operator(): block: [49,0,0], thread: [52,0,0] Assertion `input_val >= zero && input_val <= one` failed.
/tmp/coulombc/pytorch_build_2021-11-10_08-09-16/avx2/python3.9/pytorch/aten/src/ATen/native/cuda/Loss.cu:104: operator(): block: [49,0,0], thread: [53,0,0] Assertion `input_val >= zero && input_val <= one` failed.
/tmp/coulombc/pytorch_build_2021-11-10_08-09-16/avx2/python3.9/pytorch/aten/src/ATen/native/cuda/Loss.cu:104: operator(): block: [49,0,0], thread: [54,0,0] Assertion `input_val >= zero && input_val <= one` failed.
/tmp/coulombc/pytorch_build_2021-11-10_08-09-16/avx2/python3.9/pytorch/aten/src/ATen/native/cuda/Loss.cu:104: operator(): block: [49,0,0], thread: [55,0,0] Assertion `input_val >= zero && input_val <= one` failed.
/tmp/coulombc/pytorch_build_2021-11-10_08-09-16/avx2/python3.9/pytorch/aten/src/ATen/native/cuda/Loss.cu:104: operator(): block: [49,0,0], thread: [56,0,0] Assertion `input_val >= zero && input_val <= one` failed.
/tmp/coulombc/pytorch_build_2021-11-10_08-09-16/avx2/python3.9/pytorch/aten/src/ATen/native/cuda/Loss.cu:104: operator(): block: [49,0,0], thread: [57,0,0] Assertion `input_val >= zero && input_val <= one` failed.
/tmp/coulombc/pytorch_build_2021-11-10_08-09-16/avx2/python3.9/pytorch/aten/src/ATen/native/cuda/Loss.cu:104: operator(): block: [49,0,0], thread: [58,0,0] Assertion `input_val >= zero && input_val <= one` failed.
/tmp/coulombc/pytorch_build_2021-11-10_08-09-16/avx2/python3.9/pytorch/aten/src/ATen/native/cuda/Loss.cu:104: operator(): block: [49,0,0], thread: [59,0,0] Assertion `input_val >= zero && input_val <= one` failed.
/tmp/coulombc/pytorch_build_2021-11-10_08-09-16/avx2/python3.9/pytorch/aten/src/ATen/native/cuda/Loss.cu:104: operator(): block: [49,0,0], thread: [60,0,0] Assertion `input_val >= zero && input_val <= one` failed.
/tmp/coulombc/pytorch_build_2021-11-10_08-09-16/avx2/python3.9/pytorch/aten/src/ATen/native/cuda/Loss.cu:104: operator(): block: [49,0,0], thread: [61,0,0] Assertion `input_val >= zero && input_val <= one` failed.
/tmp/coulombc/pytorch_build_2021-11-10_08-09-16/avx2/python3.9/pytorch/aten/src/ATen/native/cuda/Loss.cu:104: operator(): block: [49,0,0], thread: [62,0,0] Assertion `input_val >= zero && input_val <= one` failed.
/tmp/coulombc/pytorch_build_2021-11-10_08-09-16/avx2/python3.9/pytorch/aten/src/ATen/native/cuda/Loss.cu:104: operator(): block: [49,0,0], thread: [63,0,0] Assertion `input_val >= zero && input_val <= one` failed.
/tmp/coulombc/pytorch_build_2021-11-10_08-09-16/avx2/python3.9/pytorch/aten/src/ATen/native/cuda/Loss.cu:104: operator(): block: [8,0,0], thread: [32,0,0] Assertion `input_val >= zero && input_val <= one` failed.
/tmp/coulombc/pytorch_build_2021-11-10_08-09-16/avx2/python3.9/pytorch/aten/src/ATen/native/cuda/Loss.cu:104: operator(): block: [8,0,0], thread: [33,0,0] Assertion `input_val >= zero && input_val <= one` failed.
/tmp/coulombc/pytorch_build_2021-11-10_08-09-16/avx2/python3.9/pytorch/aten/src/ATen/native/cuda/Loss.cu:104: operator(): block: [8,0,0], thread: [34,0,0] Assertion `input_val >= zero && input_val <= one` failed.
/tmp/coulombc/pytorch_build_2021-11-10_08-09-16/avx2/python3.9/pytorch/aten/src/ATen/native/cuda/Loss.cu:104: operator(): block: [8,0,0], thread: [35,0,0] Assertion `input_val >= zero && input_val <= one` failed.
/tmp/coulombc/pytorch_build_2021-11-10_08-09-16/avx2/python3.9/pytorch/aten/src/ATen/native/cuda/Loss.cu:104: operator(): block: [8,0,0], thread: [36,0,0] Assertion `input_val >= zero && input_val <= one` failed.
/tmp/coulombc/pytorch_build_2021-11-10_08-09-16/avx2/python3.9/pytorch/aten/src/ATen/native/cuda/Loss.cu:104: operator(): block: [8,0,0], thread: [37,0,0] Assertion `input_val >= zero && input_val <= one` failed.
/tmp/coulombc/pytorch_build_2021-11-10_08-09-16/avx2/python3.9/pytorch/aten/src/ATen/native/cuda/Loss.cu:104: operator(): block: [8,0,0], thread: [38,0,0] Assertion `input_val >= zero && input_val <= one` failed.
/tmp/coulombc/pytorch_build_2021-11-10_08-09-16/avx2/python3.9/pytorch/aten/src/ATen/native/cuda/Loss.cu:104: operator(): block: [8,0,0], thread: [39,0,0] Assertion `input_val >= zero && input_val <= one` failed.
/tmp/coulombc/pytorch_build_2021-11-10_08-09-16/avx2/python3.9/pytorch/aten/src/ATen/native/cuda/Loss.cu:104: operator(): block: [8,0,0], thread: [40,0,0] Assertion `input_val >= zero && input_val <= one` failed.
/tmp/coulombc/pytorch_build_2021-11-10_08-09-16/avx2/python3.9/pytorch/aten/src/ATen/native/cuda/Loss.cu:104: operator(): block: [8,0,0], thread: [41,0,0] Assertion `input_val >= zero && input_val <= one` failed.
/tmp/coulombc/pytorch_build_2021-11-10_08-09-16/avx2/python3.9/pytorch/aten/src/ATen/native/cuda/Loss.cu:104: operator(): block: [8,0,0], thread: [42,0,0] Assertion `input_val >= zero && input_val <= one` failed.
/tmp/coulombc/pytorch_build_2021-11-10_08-09-16/avx2/python3.9/pytorch/aten/src/ATen/native/cuda/Loss.cu:104: operator(): block: [8,0,0], thread: [43,0,0] Assertion `input_val >= zero && input_val <= one` failed.
/tmp/coulombc/pytorch_build_2021-11-10_08-09-16/avx2/python3.9/pytorch/aten/src/ATen/native/cuda/Loss.cu:104: operator(): block: [8,0,0], thread: [44,0,0] Assertion `input_val >= zero && input_val <= one` failed.
/tmp/coulombc/pytorch_build_2021-11-10_08-09-16/avx2/python3.9/pytorch/aten/src/ATen/native/cuda/Loss.cu:104: operator(): block: [8,0,0], thread: [45,0,0] Assertion `input_val >= zero && input_val <= one` failed.
/tmp/coulombc/pytorch_build_2021-11-10_08-09-16/avx2/python3.9/pytorch/aten/src/ATen/native/cuda/Loss.cu:104: operator(): block: [8,0,0], thread: [46,0,0] Assertion `input_val >= zero && input_val <= one` failed.
/tmp/coulombc/pytorch_build_2021-11-10_08-09-16/avx2/python3.9/pytorch/aten/src/ATen/native/cuda/Loss.cu:104: operator(): block: [8,0,0], thread: [47,0,0] Assertion `input_val >= zero && input_val <= one` failed.
/tmp/coulombc/pytorch_build_2021-11-10_08-09-16/avx2/python3.9/pytorch/aten/src/ATen/native/cuda/Loss.cu:104: operator(): block: [8,0,0], thread: [48,0,0] Assertion `input_val >= zero && input_val <= one` failed.
/tmp/coulombc/pytorch_build_2021-11-10_08-09-16/avx2/python3.9/pytorch/aten/src/ATen/native/cuda/Loss.cu:104: operator(): block: [8,0,0], thread: [49,0,0] Assertion `input_val >= zero && input_val <= one` failed.
/tmp/coulombc/pytorch_build_2021-11-10_08-09-16/avx2/python3.9/pytorch/aten/src/ATen/native/cuda/Loss.cu:104: operator(): block: [8,0,0], thread: [50,0,0] Assertion `input_val >= zero && input_val <= one` failed.
/tmp/coulombc/pytorch_build_2021-11-10_08-09-16/avx2/python3.9/pytorch/aten/src/ATen/native/cuda/Loss.cu:104: operator(): block: [8,0,0], thread: [51,0,0] Assertion `input_val >= zero && input_val <= one` failed.
/tmp/coulombc/pytorch_build_2021-11-10_08-09-16/avx2/python3.9/pytorch/aten/src/ATen/native/cuda/Loss.cu:104: operator(): block: [8,0,0], thread: [52,0,0] Assertion `input_val >= zero && input_val <= one` failed.
/tmp/coulombc/pytorch_build_2021-11-10_08-09-16/avx2/python3.9/pytorch/aten/src/ATen/native/cuda/Loss.cu:104: operator(): block: [8,0,0], thread: [53,0,0] Assertion `input_val >= zero && input_val <= one` failed.
/tmp/coulombc/pytorch_build_2021-11-10_08-09-16/avx2/python3.9/pytorch/aten/src/ATen/native/cuda/Loss.cu:104: operator(): block: [8,0,0], thread: [54,0,0] Assertion `input_val >= zero && input_val <= one` failed.
/tmp/coulombc/pytorch_build_2021-11-10_08-09-16/avx2/python3.9/pytorch/aten/src/ATen/native/cuda/Loss.cu:104: operator(): block: [8,0,0], thread: [55,0,0] Assertion `input_val >= zero && input_val <= one` failed.
/tmp/coulombc/pytorch_build_2021-11-10_08-09-16/avx2/python3.9/pytorch/aten/src/ATen/native/cuda/Loss.cu:104: operator(): block: [8,0,0], thread: [56,0,0] Assertion `input_val >= zero && input_val <= one` failed.
/tmp/coulombc/pytorch_build_2021-11-10_08-09-16/avx2/python3.9/pytorch/aten/src/ATen/native/cuda/Loss.cu:104: operator(): block: [8,0,0], thread: [57,0,0] Assertion `input_val >= zero && input_val <= one` failed.
/tmp/coulombc/pytorch_build_2021-11-10_08-09-16/avx2/python3.9/pytorch/aten/src/ATen/native/cuda/Loss.cu:104: operator(): block: [8,0,0], thread: [58,0,0] Assertion `input_val >= zero && input_val <= one` failed.
/tmp/coulombc/pytorch_build_2021-11-10_08-09-16/avx2/python3.9/pytorch/aten/src/ATen/native/cuda/Loss.cu:104: operator(): block: [8,0,0], thread: [59,0,0] Assertion `input_val >= zero && input_val <= one` failed.
/tmp/coulombc/pytorch_build_2021-11-10_08-09-16/avx2/python3.9/pytorch/aten/src/ATen/native/cuda/Loss.cu:104: operator(): block: [8,0,0], thread: [60,0,0] Assertion `input_val >= zero && input_val <= one` failed.
/tmp/coulombc/pytorch_build_2021-11-10_08-09-16/avx2/python3.9/pytorch/aten/src/ATen/native/cuda/Loss.cu:104: operator(): block: [8,0,0], thread: [61,0,0] Assertion `input_val >= zero && input_val <= one` failed.
/tmp/coulombc/pytorch_build_2021-11-10_08-09-16/avx2/python3.9/pytorch/aten/src/ATen/native/cuda/Loss.cu:104: operator(): block: [8,0,0], thread: [62,0,0] Assertion `input_val >= zero && input_val <= one` failed.
/tmp/coulombc/pytorch_build_2021-11-10_08-09-16/avx2/python3.9/pytorch/aten/src/ATen/native/cuda/Loss.cu:104: operator(): block: [8,0,0], thread: [63,0,0] Assertion `input_val >= zero && input_val <= one` failed.
/tmp/coulombc/pytorch_build_2021-11-10_08-09-16/avx2/python3.9/pytorch/aten/src/ATen/native/cuda/Loss.cu:104: operator(): block: [8,0,0], thread: [0,0,0] Assertion `input_val >= zero && input_val <= one` failed.
/tmp/coulombc/pytorch_build_2021-11-10_08-09-16/avx2/python3.9/pytorch/aten/src/ATen/native/cuda/Loss.cu:104: operator(): block: [8,0,0], thread: [1,0,0] Assertion `input_val >= zero && input_val <= one` failed.
/tmp/coulombc/pytorch_build_2021-11-10_08-09-16/avx2/python3.9/pytorch/aten/src/ATen/native/cuda/Loss.cu:104: operator(): block: [8,0,0], thread: [2,0,0] Assertion `input_val >= zero && input_val <= one` failed.
/tmp/coulombc/pytorch_build_2021-11-10_08-09-16/avx2/python3.9/pytorch/aten/src/ATen/native/cuda/Loss.cu:104: operator(): block: [8,0,0], thread: [3,0,0] Assertion `input_val >= zero && input_val <= one` failed.
/tmp/coulombc/pytorch_build_2021-11-10_08-09-16/avx2/python3.9/pytorch/aten/src/ATen/native/cuda/Loss.cu:104: operator(): block: [8,0,0], thread: [4,0,0] Assertion `input_val >= zero && input_val <= one` failed.
/tmp/coulombc/pytorch_build_2021-11-10_08-09-16/avx2/python3.9/pytorch/aten/src/ATen/native/cuda/Loss.cu:104: operator(): block: [8,0,0], thread: [5,0,0] Assertion `input_val >= zero && input_val <= one` failed.
/tmp/coulombc/pytorch_build_2021-11-10_08-09-16/avx2/python3.9/pytorch/aten/src/ATen/native/cuda/Loss.cu:104: operator(): block: [8,0,0], thread: [6,0,0] Assertion `input_val >= zero && input_val <= one` failed.
/tmp/coulombc/pytorch_build_2021-11-10_08-09-16/avx2/python3.9/pytorch/aten/src/ATen/native/cuda/Loss.cu:104: operator(): block: [8,0,0], thread: [7,0,0] Assertion `input_val >= zero && input_val <= one` failed.
/tmp/coulombc/pytorch_build_2021-11-10_08-09-16/avx2/python3.9/pytorch/aten/src/ATen/native/cuda/Loss.cu:104: operator(): block: [8,0,0], thread: [8,0,0] Assertion `input_val >= zero && input_val <= one` failed.
/tmp/coulombc/pytorch_build_2021-11-10_08-09-16/avx2/python3.9/pytorch/aten/src/ATen/native/cuda/Loss.cu:104: operator(): block: [8,0,0], thread: [9,0,0] Assertion `input_val >= zero && input_val <= one` failed.
/tmp/coulombc/pytorch_build_2021-11-10_08-09-16/avx2/python3.9/pytorch/aten/src/ATen/native/cuda/Loss.cu:104: operator(): block: [8,0,0], thread: [10,0,0] Assertion `input_val >= zero && input_val <= one` failed.
/tmp/coulombc/pytorch_build_2021-11-10_08-09-16/avx2/python3.9/pytorch/aten/src/ATen/native/cuda/Loss.cu:104: operator(): block: [8,0,0], thread: [11,0,0] Assertion `input_val >= zero && input_val <= one` failed.
/tmp/coulombc/pytorch_build_2021-11-10_08-09-16/avx2/python3.9/pytorch/aten/src/ATen/native/cuda/Loss.cu:104: operator(): block: [8,0,0], thread: [12,0,0] Assertion `input_val >= zero && input_val <= one` failed.
/tmp/coulombc/pytorch_build_2021-11-10_08-09-16/avx2/python3.9/pytorch/aten/src/ATen/native/cuda/Loss.cu:104: operator(): block: [8,0,0], thread: [13,0,0] Assertion `input_val >= zero && input_val <= one` failed.
/tmp/coulombc/pytorch_build_2021-11-10_08-09-16/avx2/python3.9/pytorch/aten/src/ATen/native/cuda/Loss.cu:104: operator(): block: [8,0,0], thread: [14,0,0] Assertion `input_val >= zero && input_val <= one` failed.
/tmp/coulombc/pytorch_build_2021-11-10_08-09-16/avx2/python3.9/pytorch/aten/src/ATen/native/cuda/Loss.cu:104: operator(): block: [8,0,0], thread: [15,0,0] Assertion `input_val >= zero && input_val <= one` failed.
/tmp/coulombc/pytorch_build_2021-11-10_08-09-16/avx2/python3.9/pytorch/aten/src/ATen/native/cuda/Loss.cu:104: operator(): block: [8,0,0], thread: [16,0,0] Assertion `input_val >= zero && input_val <= one` failed.
/tmp/coulombc/pytorch_build_2021-11-10_08-09-16/avx2/python3.9/pytorch/aten/src/ATen/native/cuda/Loss.cu:104: operator(): block: [8,0,0], thread: [17,0,0] Assertion `input_val >= zero && input_val <= one` failed.
/tmp/coulombc/pytorch_build_2021-11-10_08-09-16/avx2/python3.9/pytorch/aten/src/ATen/native/cuda/Loss.cu:104: operator(): block: [8,0,0], thread: [18,0,0] Assertion `input_val >= zero && input_val <= one` failed.
/tmp/coulombc/pytorch_build_2021-11-10_08-09-16/avx2/python3.9/pytorch/aten/src/ATen/native/cuda/Loss.cu:104: operator(): block: [8,0,0], thread: [19,0,0] Assertion `input_val >= zero && input_val <= one` failed.
/tmp/coulombc/pytorch_build_2021-11-10_08-09-16/avx2/python3.9/pytorch/aten/src/ATen/native/cuda/Loss.cu:104: operator(): block: [8,0,0], thread: [20,0,0] Assertion `input_val >= zero && input_val <= one` failed.
/tmp/coulombc/pytorch_build_2021-11-10_08-09-16/avx2/python3.9/pytorch/aten/src/ATen/native/cuda/Loss.cu:104: operator(): block: [8,0,0], thread: [21,0,0] Assertion `input_val >= zero && input_val <= one` failed.
/tmp/coulombc/pytorch_build_2021-11-10_08-09-16/avx2/python3.9/pytorch/aten/src/ATen/native/cuda/Loss.cu:104: operator(): block: [8,0,0], thread: [22,0,0] Assertion `input_val >= zero && input_val <= one` failed.
/tmp/coulombc/pytorch_build_2021-11-10_08-09-16/avx2/python3.9/pytorch/aten/src/ATen/native/cuda/Loss.cu:104: operator(): block: [8,0,0], thread: [23,0,0] Assertion `input_val >= zero && input_val <= one` failed.
/tmp/coulombc/pytorch_build_2021-11-10_08-09-16/avx2/python3.9/pytorch/aten/src/ATen/native/cuda/Loss.cu:104: operator(): block: [8,0,0], thread: [24,0,0] Assertion `input_val >= zero && input_val <= one` failed.
/tmp/coulombc/pytorch_build_2021-11-10_08-09-16/avx2/python3.9/pytorch/aten/src/ATen/native/cuda/Loss.cu:104: operator(): block: [8,0,0], thread: [25,0,0] Assertion `input_val >= zero && input_val <= one` failed.
/tmp/coulombc/pytorch_build_2021-11-10_08-09-16/avx2/python3.9/pytorch/aten/src/ATen/native/cuda/Loss.cu:104: operator(): block: [8,0,0], thread: [26,0,0] Assertion `input_val >= zero && input_val <= one` failed.
/tmp/coulombc/pytorch_build_2021-11-10_08-09-16/avx2/python3.9/pytorch/aten/src/ATen/native/cuda/Loss.cu:104: operator(): block: [8,0,0], thread: [27,0,0] Assertion `input_val >= zero && input_val <= one` failed.
/tmp/coulombc/pytorch_build_2021-11-10_08-09-16/avx2/python3.9/pytorch/aten/src/ATen/native/cuda/Loss.cu:104: operator(): block: [8,0,0], thread: [28,0,0] Assertion `input_val >= zero && input_val <= one` failed.
/tmp/coulombc/pytorch_build_2021-11-10_08-09-16/avx2/python3.9/pytorch/aten/src/ATen/native/cuda/Loss.cu:104: operator(): block: [8,0,0], thread: [29,0,0] Assertion `input_val >= zero && input_val <= one` failed.
/tmp/coulombc/pytorch_build_2021-11-10_08-09-16/avx2/python3.9/pytorch/aten/src/ATen/native/cuda/Loss.cu:104: operator(): block: [8,0,0], thread: [30,0,0] Assertion `input_val >= zero && input_val <= one` failed.
/tmp/coulombc/pytorch_build_2021-11-10_08-09-16/avx2/python3.9/pytorch/aten/src/ATen/native/cuda/Loss.cu:104: operator(): block: [8,0,0], thread: [31,0,0] Assertion `input_val >= zero && input_val <= one` failed.
/tmp/coulombc/pytorch_build_2021-11-10_08-09-16/avx2/python3.9/pytorch/aten/src/ATen/native/cuda/Loss.cu:104: operator(): block: [24,0,0], thread: [0,0,0] Assertion `input_val >= zero && input_val <= one` failed.
/tmp/coulombc/pytorch_build_2021-11-10_08-09-16/avx2/python3.9/pytorch/aten/src/ATen/native/cuda/Loss.cu:104: operator(): block: [24,0,0], thread: [1,0,0] Assertion `input_val >= zero && input_val <= one` failed.
/tmp/coulombc/pytorch_build_2021-11-10_08-09-16/avx2/python3.9/pytorch/aten/src/ATen/native/cuda/Loss.cu:104: operator(): block: [24,0,0], thread: [2,0,0] Assertion `input_val >= zero && input_val <= one` failed.
/tmp/coulombc/pytorch_build_2021-11-10_08-09-16/avx2/python3.9/pytorch/aten/src/ATen/native/cuda/Loss.cu:104: operator(): block: [24,0,0], thread: [3,0,0] Assertion `input_val >= zero && input_val <= one` failed.
/tmp/coulombc/pytorch_build_2021-11-10_08-09-16/avx2/python3.9/pytorch/aten/src/ATen/native/cuda/Loss.cu:104: operator(): block: [24,0,0], thread: [4,0,0] Assertion `input_val >= zero && input_val <= one` failed.
/tmp/coulombc/pytorch_build_2021-11-10_08-09-16/avx2/python3.9/pytorch/aten/src/ATen/native/cuda/Loss.cu:104: operator(): block: [24,0,0], thread: [5,0,0] Assertion `input_val >= zero && input_val <= one` failed.
/tmp/coulombc/pytorch_build_2021-11-10_08-09-16/avx2/python3.9/pytorch/aten/src/ATen/native/cuda/Loss.cu:104: operator(): block: [24,0,0], thread: [6,0,0] Assertion `input_val >= zero && input_val <= one` failed.
/tmp/coulombc/pytorch_build_2021-11-10_08-09-16/avx2/python3.9/pytorch/aten/src/ATen/native/cuda/Loss.cu:104: operator(): block: [24,0,0], thread: [7,0,0] Assertion `input_val >= zero && input_val <= one` failed.
/tmp/coulombc/pytorch_build_2021-11-10_08-09-16/avx2/python3.9/pytorch/aten/src/ATen/native/cuda/Loss.cu:104: operator(): block: [24,0,0], thread: [8,0,0] Assertion `input_val >= zero && input_val <= one` failed.
/tmp/coulombc/pytorch_build_2021-11-10_08-09-16/avx2/python3.9/pytorch/aten/src/ATen/native/cuda/Loss.cu:104: operator(): block: [24,0,0], thread: [9,0,0] Assertion `input_val >= zero && input_val <= one` failed.
/tmp/coulombc/pytorch_build_2021-11-10_08-09-16/avx2/python3.9/pytorch/aten/src/ATen/native/cuda/Loss.cu:104: operator(): block: [24,0,0], thread: [10,0,0] Assertion `input_val >= zero && input_val <= one` failed.
/tmp/coulombc/pytorch_build_2021-11-10_08-09-16/avx2/python3.9/pytorch/aten/src/ATen/native/cuda/Loss.cu:104: operator(): block: [24,0,0], thread: [11,0,0] Assertion `input_val >= zero && input_val <= one` failed.
/tmp/coulombc/pytorch_build_2021-11-10_08-09-16/avx2/python3.9/pytorch/aten/src/ATen/native/cuda/Loss.cu:104: operator(): block: [24,0,0], thread: [12,0,0] Assertion `input_val >= zero && input_val <= one` failed.
/tmp/coulombc/pytorch_build_2021-11-10_08-09-16/avx2/python3.9/pytorch/aten/src/ATen/native/cuda/Loss.cu:104: operator(): block: [24,0,0], thread: [13,0,0] Assertion `input_val >= zero && input_val <= one` failed.
/tmp/coulombc/pytorch_build_2021-11-10_08-09-16/avx2/python3.9/pytorch/aten/src/ATen/native/cuda/Loss.cu:104: operator(): block: [24,0,0], thread: [14,0,0] Assertion `input_val >= zero && input_val <= one` failed.
/tmp/coulombc/pytorch_build_2021-11-10_08-09-16/avx2/python3.9/pytorch/aten/src/ATen/native/cuda/Loss.cu:104: operator(): block: [24,0,0], thread: [15,0,0] Assertion `input_val >= zero && input_val <= one` failed.
/tmp/coulombc/pytorch_build_2021-11-10_08-09-16/avx2/python3.9/pytorch/aten/src/ATen/native/cuda/Loss.cu:104: operator(): block: [24,0,0], thread: [16,0,0] Assertion `input_val >= zero && input_val <= one` failed.
/tmp/coulombc/pytorch_build_2021-11-10_08-09-16/avx2/python3.9/pytorch/aten/src/ATen/native/cuda/Loss.cu:104: operator(): block: [24,0,0], thread: [17,0,0] Assertion `input_val >= zero && input_val <= one` failed.
/tmp/coulombc/pytorch_build_2021-11-10_08-09-16/avx2/python3.9/pytorch/aten/src/ATen/native/cuda/Loss.cu:104: operator(): block: [24,0,0], thread: [18,0,0] Assertion `input_val >= zero && input_val <= one` failed.
/tmp/coulombc/pytorch_build_2021-11-10_08-09-16/avx2/python3.9/pytorch/aten/src/ATen/native/cuda/Loss.cu:104: operator(): block: [24,0,0], thread: [19,0,0] Assertion `input_val >= zero && input_val <= one` failed.
/tmp/coulombc/pytorch_build_2021-11-10_08-09-16/avx2/python3.9/pytorch/aten/src/ATen/native/cuda/Loss.cu:104: operator(): block: [24,0,0], thread: [20,0,0] Assertion `input_val >= zero && input_val <= one` failed.
/tmp/coulombc/pytorch_build_2021-11-10_08-09-16/avx2/python3.9/pytorch/aten/src/ATen/native/cuda/Loss.cu:104: operator(): block: [24,0,0], thread: [21,0,0] Assertion `input_val >= zero && input_val <= one` failed.
/tmp/coulombc/pytorch_build_2021-11-10_08-09-16/avx2/python3.9/pytorch/aten/src/ATen/native/cuda/Loss.cu:104: operator(): block: [24,0,0], thread: [22,0,0] Assertion `input_val >= zero && input_val <= one` failed.
/tmp/coulombc/pytorch_build_2021-11-10_08-09-16/avx2/python3.9/pytorch/aten/src/ATen/native/cuda/Loss.cu:104: operator(): block: [24,0,0], thread: [23,0,0] Assertion `input_val >= zero && input_val <= one` failed.
/tmp/coulombc/pytorch_build_2021-11-10_08-09-16/avx2/python3.9/pytorch/aten/src/ATen/native/cuda/Loss.cu:104: operator(): block: [24,0,0], thread: [24,0,0] Assertion `input_val >= zero && input_val <= one` failed.
/tmp/coulombc/pytorch_build_2021-11-10_08-09-16/avx2/python3.9/pytorch/aten/src/ATen/native/cuda/Loss.cu:104: operator(): block: [24,0,0], thread: [25,0,0] Assertion `input_val >= zero && input_val <= one` failed.
/tmp/coulombc/pytorch_build_2021-11-10_08-09-16/avx2/python3.9/pytorch/aten/src/ATen/native/cuda/Loss.cu:104: operator(): block: [24,0,0], thread: [26,0,0] Assertion `input_val >= zero && input_val <= one` failed.
/tmp/coulombc/pytorch_build_2021-11-10_08-09-16/avx2/python3.9/pytorch/aten/src/ATen/native/cuda/Loss.cu:104: operator(): block: [24,0,0], thread: [27,0,0] Assertion `input_val >= zero && input_val <= one` failed.
/tmp/coulombc/pytorch_build_2021-11-10_08-09-16/avx2/python3.9/pytorch/aten/src/ATen/native/cuda/Loss.cu:104: operator(): block: [24,0,0], thread: [28,0,0] Assertion `input_val >= zero && input_val <= one` failed.
/tmp/coulombc/pytorch_build_2021-11-10_08-09-16/avx2/python3.9/pytorch/aten/src/ATen/native/cuda/Loss.cu:104: operator(): block: [24,0,0], thread: [29,0,0] Assertion `input_val >= zero && input_val <= one` failed.
/tmp/coulombc/pytorch_build_2021-11-10_08-09-16/avx2/python3.9/pytorch/aten/src/ATen/native/cuda/Loss.cu:104: operator(): block: [24,0,0], thread: [30,0,0] Assertion `input_val >= zero && input_val <= one` failed.
/tmp/coulombc/pytorch_build_2021-11-10_08-09-16/avx2/python3.9/pytorch/aten/src/ATen/native/cuda/Loss.cu:104: operator(): block: [24,0,0], thread: [31,0,0] Assertion `input_val >= zero && input_val <= one` failed.
/tmp/coulombc/pytorch_build_2021-11-10_08-09-16/avx2/python3.9/pytorch/aten/src/ATen/native/cuda/Loss.cu:104: operator(): block: [29,0,0], thread: [0,0,0] Assertion `input_val >= zero && input_val <= one` failed.
/tmp/coulombc/pytorch_build_2021-11-10_08-09-16/avx2/python3.9/pytorch/aten/src/ATen/native/cuda/Loss.cu:104: operator(): block: [29,0,0], thread: [1,0,0] Assertion `input_val >= zero && input_val <= one` failed.
/tmp/coulombc/pytorch_build_2021-11-10_08-09-16/avx2/python3.9/pytorch/aten/src/ATen/native/cuda/Loss.cu:104: operator(): block: [29,0,0], thread: [2,0,0] Assertion `input_val >= zero && input_val <= one` failed.
/tmp/coulombc/pytorch_build_2021-11-10_08-09-16/avx2/python3.9/pytorch/aten/src/ATen/native/cuda/Loss.cu:104: operator(): block: [29,0,0], thread: [3,0,0] Assertion `input_val >= zero && input_val <= one` failed.
/tmp/coulombc/pytorch_build_2021-11-10_08-09-16/avx2/python3.9/pytorch/aten/src/ATen/native/cuda/Loss.cu:104: operator(): block: [29,0,0], thread: [4,0,0] Assertion `input_val >= zero && input_val <= one` failed.
/tmp/coulombc/pytorch_build_2021-11-10_08-09-16/avx2/python3.9/pytorch/aten/src/ATen/native/cuda/Loss.cu:104: operator(): block: [29,0,0], thread: [5,0,0] Assertion `input_val >= zero && input_val <= one` failed.
/tmp/coulombc/pytorch_build_2021-11-10_08-09-16/avx2/python3.9/pytorch/aten/src/ATen/native/cuda/Loss.cu:104: operator(): block: [29,0,0], thread: [6,0,0] Assertion `input_val >= zero && input_val <= one` failed.
/tmp/coulombc/pytorch_build_2021-11-10_08-09-16/avx2/python3.9/pytorch/aten/src/ATen/native/cuda/Loss.cu:104: operator(): block: [29,0,0], thread: [7,0,0] Assertion `input_val >= zero && input_val <= one` failed.
/tmp/coulombc/pytorch_build_2021-11-10_08-09-16/avx2/python3.9/pytorch/aten/src/ATen/native/cuda/Loss.cu:104: operator(): block: [29,0,0], thread: [8,0,0] Assertion `input_val >= zero && input_val <= one` failed.
/tmp/coulombc/pytorch_build_2021-11-10_08-09-16/avx2/python3.9/pytorch/aten/src/ATen/native/cuda/Loss.cu:104: operator(): block: [29,0,0], thread: [9,0,0] Assertion `input_val >= zero && input_val <= one` failed.
/tmp/coulombc/pytorch_build_2021-11-10_08-09-16/avx2/python3.9/pytorch/aten/src/ATen/native/cuda/Loss.cu:104: operator(): block: [29,0,0], thread: [10,0,0] Assertion `input_val >= zero && input_val <= one` failed.
/tmp/coulombc/pytorch_build_2021-11-10_08-09-16/avx2/python3.9/pytorch/aten/src/ATen/native/cuda/Loss.cu:104: operator(): block: [29,0,0], thread: [11,0,0] Assertion `input_val >= zero && input_val <= one` failed.
/tmp/coulombc/pytorch_build_2021-11-10_08-09-16/avx2/python3.9/pytorch/aten/src/ATen/native/cuda/Loss.cu:104: operator(): block: [29,0,0], thread: [12,0,0] Assertion `input_val >= zero && input_val <= one` failed.
/tmp/coulombc/pytorch_build_2021-11-10_08-09-16/avx2/python3.9/pytorch/aten/src/ATen/native/cuda/Loss.cu:104: operator(): block: [29,0,0], thread: [13,0,0] Assertion `input_val >= zero && input_val <= one` failed.
/tmp/coulombc/pytorch_build_2021-11-10_08-09-16/avx2/python3.9/pytorch/aten/src/ATen/native/cuda/Loss.cu:104: operator(): block: [29,0,0], thread: [14,0,0] Assertion `input_val >= zero && input_val <= one` failed.
/tmp/coulombc/pytorch_build_2021-11-10_08-09-16/avx2/python3.9/pytorch/aten/src/ATen/native/cuda/Loss.cu:104: operator(): block: [29,0,0], thread: [15,0,0] Assertion `input_val >= zero && input_val <= one` failed.
/tmp/coulombc/pytorch_build_2021-11-10_08-09-16/avx2/python3.9/pytorch/aten/src/ATen/native/cuda/Loss.cu:104: operator(): block: [29,0,0], thread: [16,0,0] Assertion `input_val >= zero && input_val <= one` failed.
/tmp/coulombc/pytorch_build_2021-11-10_08-09-16/avx2/python3.9/pytorch/aten/src/ATen/native/cuda/Loss.cu:104: operator(): block: [29,0,0], thread: [17,0,0] Assertion `input_val >= zero && input_val <= one` failed.
/tmp/coulombc/pytorch_build_2021-11-10_08-09-16/avx2/python3.9/pytorch/aten/src/ATen/native/cuda/Loss.cu:104: operator(): block: [29,0,0], thread: [18,0,0] Assertion `input_val >= zero && input_val <= one` failed.
/tmp/coulombc/pytorch_build_2021-11-10_08-09-16/avx2/python3.9/pytorch/aten/src/ATen/native/cuda/Loss.cu:104: operator(): block: [29,0,0], thread: [19,0,0] Assertion `input_val >= zero && input_val <= one` failed.
/tmp/coulombc/pytorch_build_2021-11-10_08-09-16/avx2/python3.9/pytorch/aten/src/ATen/native/cuda/Loss.cu:104: operator(): block: [29,0,0], thread: [20,0,0] Assertion `input_val >= zero && input_val <= one` failed.
/tmp/coulombc/pytorch_build_2021-11-10_08-09-16/avx2/python3.9/pytorch/aten/src/ATen/native/cuda/Loss.cu:104: operator(): block: [29,0,0], thread: [21,0,0] Assertion `input_val >= zero && input_val <= one` failed.
/tmp/coulombc/pytorch_build_2021-11-10_08-09-16/avx2/python3.9/pytorch/aten/src/ATen/native/cuda/Loss.cu:104: operator(): block: [29,0,0], thread: [22,0,0] Assertion `input_val >= zero && input_val <= one` failed.
/tmp/coulombc/pytorch_build_2021-11-10_08-09-16/avx2/python3.9/pytorch/aten/src/ATen/native/cuda/Loss.cu:104: operator(): block: [29,0,0], thread: [23,0,0] Assertion `input_val >= zero && input_val <= one` failed.
/tmp/coulombc/pytorch_build_2021-11-10_08-09-16/avx2/python3.9/pytorch/aten/src/ATen/native/cuda/Loss.cu:104: operator(): block: [29,0,0], thread: [24,0,0] Assertion `input_val >= zero && input_val <= one` failed.
/tmp/coulombc/pytorch_build_2021-11-10_08-09-16/avx2/python3.9/pytorch/aten/src/ATen/native/cuda/Loss.cu:104: operator(): block: [29,0,0], thread: [25,0,0] Assertion `input_val >= zero && input_val <= one` failed.
/tmp/coulombc/pytorch_build_2021-11-10_08-09-16/avx2/python3.9/pytorch/aten/src/ATen/native/cuda/Loss.cu:104: operator(): block: [29,0,0], thread: [26,0,0] Assertion `input_val >= zero && input_val <= one` failed.
/tmp/coulombc/pytorch_build_2021-11-10_08-09-16/avx2/python3.9/pytorch/aten/src/ATen/native/cuda/Loss.cu:104: operator(): block: [29,0,0], thread: [27,0,0] Assertion `input_val >= zero && input_val <= one` failed.
/tmp/coulombc/pytorch_build_2021-11-10_08-09-16/avx2/python3.9/pytorch/aten/src/ATen/native/cuda/Loss.cu:104: operator(): block: [29,0,0], thread: [28,0,0] Assertion `input_val >= zero && input_val <= one` failed.
/tmp/coulombc/pytorch_build_2021-11-10_08-09-16/avx2/python3.9/pytorch/aten/src/ATen/native/cuda/Loss.cu:104: operator(): block: [29,0,0], thread: [29,0,0] Assertion `input_val >= zero && input_val <= one` failed.
/tmp/coulombc/pytorch_build_2021-11-10_08-09-16/avx2/python3.9/pytorch/aten/src/ATen/native/cuda/Loss.cu:104: operator(): block: [29,0,0], thread: [30,0,0] Assertion `input_val >= zero && input_val <= one` failed.
/tmp/coulombc/pytorch_build_2021-11-10_08-09-16/avx2/python3.9/pytorch/aten/src/ATen/native/cuda/Loss.cu:104: operator(): block: [29,0,0], thread: [31,0,0] Assertion `input_val >= zero && input_val <= one` failed.
/tmp/coulombc/pytorch_build_2021-11-10_08-09-16/avx2/python3.9/pytorch/aten/src/ATen/native/cuda/Loss.cu:104: operator(): block: [10,0,0], thread: [0,0,0] Assertion `input_val >= zero && input_val <= one` failed.
/tmp/coulombc/pytorch_build_2021-11-10_08-09-16/avx2/python3.9/pytorch/aten/src/ATen/native/cuda/Loss.cu:104: operator(): block: [10,0,0], thread: [1,0,0] Assertion `input_val >= zero && input_val <= one` failed.
/tmp/coulombc/pytorch_build_2021-11-10_08-09-16/avx2/python3.9/pytorch/aten/src/ATen/native/cuda/Loss.cu:104: operator(): block: [10,0,0], thread: [2,0,0] Assertion `input_val >= zero && input_val <= one` failed.
/tmp/coulombc/pytorch_build_2021-11-10_08-09-16/avx2/python3.9/pytorch/aten/src/ATen/native/cuda/Loss.cu:104: operator(): block: [10,0,0], thread: [3,0,0] Assertion `input_val >= zero && input_val <= one` failed.
/tmp/coulombc/pytorch_build_2021-11-10_08-09-16/avx2/python3.9/pytorch/aten/src/ATen/native/cuda/Loss.cu:104: operator(): block: [10,0,0], thread: [4,0,0] Assertion `input_val >= zero && input_val <= one` failed.
/tmp/coulombc/pytorch_build_2021-11-10_08-09-16/avx2/python3.9/pytorch/aten/src/ATen/native/cuda/Loss.cu:104: operator(): block: [10,0,0], thread: [5,0,0] Assertion `input_val >= zero && input_val <= one` failed.
/tmp/coulombc/pytorch_build_2021-11-10_08-09-16/avx2/python3.9/pytorch/aten/src/ATen/native/cuda/Loss.cu:104: operator(): block: [10,0,0], thread: [6,0,0] Assertion `input_val >= zero && input_val <= one` failed.
/tmp/coulombc/pytorch_build_2021-11-10_08-09-16/avx2/python3.9/pytorch/aten/src/ATen/native/cuda/Loss.cu:104: operator(): block: [10,0,0], thread: [7,0,0] Assertion `input_val >= zero && input_val <= one` failed.
/tmp/coulombc/pytorch_build_2021-11-10_08-09-16/avx2/python3.9/pytorch/aten/src/ATen/native/cuda/Loss.cu:104: operator(): block: [10,0,0], thread: [8,0,0] Assertion `input_val >= zero && input_val <= one` failed.
/tmp/coulombc/pytorch_build_2021-11-10_08-09-16/avx2/python3.9/pytorch/aten/src/ATen/native/cuda/Loss.cu:104: operator(): block: [10,0,0], thread: [9,0,0] Assertion `input_val >= zero && input_val <= one` failed.
/tmp/coulombc/pytorch_build_2021-11-10_08-09-16/avx2/python3.9/pytorch/aten/src/ATen/native/cuda/Loss.cu:104: operator(): block: [10,0,0], thread: [10,0,0] Assertion `input_val >= zero && input_val <= one` failed.
/tmp/coulombc/pytorch_build_2021-11-10_08-09-16/avx2/python3.9/pytorch/aten/src/ATen/native/cuda/Loss.cu:104: operator(): block: [10,0,0], thread: [11,0,0] Assertion `input_val >= zero && input_val <= one` failed.
/tmp/coulombc/pytorch_build_2021-11-10_08-09-16/avx2/python3.9/pytorch/aten/src/ATen/native/cuda/Loss.cu:104: operator(): block: [10,0,0], thread: [12,0,0] Assertion `input_val >= zero && input_val <= one` failed.
/tmp/coulombc/pytorch_build_2021-11-10_08-09-16/avx2/python3.9/pytorch/aten/src/ATen/native/cuda/Loss.cu:104: operator(): block: [10,0,0], thread: [13,0,0] Assertion `input_val >= zero && input_val <= one` failed.
/tmp/coulombc/pytorch_build_2021-11-10_08-09-16/avx2/python3.9/pytorch/aten/src/ATen/native/cuda/Loss.cu:104: operator(): block: [10,0,0], thread: [14,0,0] Assertion `input_val >= zero && input_val <= one` failed.
/tmp/coulombc/pytorch_build_2021-11-10_08-09-16/avx2/python3.9/pytorch/aten/src/ATen/native/cuda/Loss.cu:104: operator(): block: [10,0,0], thread: [15,0,0] Assertion `input_val >= zero && input_val <= one` failed.
/tmp/coulombc/pytorch_build_2021-11-10_08-09-16/avx2/python3.9/pytorch/aten/src/ATen/native/cuda/Loss.cu:104: operator(): block: [10,0,0], thread: [16,0,0] Assertion `input_val >= zero && input_val <= one` failed.
/tmp/coulombc/pytorch_build_2021-11-10_08-09-16/avx2/python3.9/pytorch/aten/src/ATen/native/cuda/Loss.cu:104: operator(): block: [10,0,0], thread: [17,0,0] Assertion `input_val >= zero && input_val <= one` failed.
/tmp/coulombc/pytorch_build_2021-11-10_08-09-16/avx2/python3.9/pytorch/aten/src/ATen/native/cuda/Loss.cu:104: operator(): block: [10,0,0], thread: [18,0,0] Assertion `input_val >= zero && input_val <= one` failed.
/tmp/coulombc/pytorch_build_2021-11-10_08-09-16/avx2/python3.9/pytorch/aten/src/ATen/native/cuda/Loss.cu:104: operator(): block: [10,0,0], thread: [19,0,0] Assertion `input_val >= zero && input_val <= one` failed.
/tmp/coulombc/pytorch_build_2021-11-10_08-09-16/avx2/python3.9/pytorch/aten/src/ATen/native/cuda/Loss.cu:104: operator(): block: [10,0,0], thread: [20,0,0] Assertion `input_val >= zero && input_val <= one` failed.
/tmp/coulombc/pytorch_build_2021-11-10_08-09-16/avx2/python3.9/pytorch/aten/src/ATen/native/cuda/Loss.cu:104: operator(): block: [10,0,0], thread: [21,0,0] Assertion `input_val >= zero && input_val <= one` failed.
/tmp/coulombc/pytorch_build_2021-11-10_08-09-16/avx2/python3.9/pytorch/aten/src/ATen/native/cuda/Loss.cu:104: operator(): block: [10,0,0], thread: [22,0,0] Assertion `input_val >= zero && input_val <= one` failed.
/tmp/coulombc/pytorch_build_2021-11-10_08-09-16/avx2/python3.9/pytorch/aten/src/ATen/native/cuda/Loss.cu:104: operator(): block: [10,0,0], thread: [23,0,0] Assertion `input_val >= zero && input_val <= one` failed.
/tmp/coulombc/pytorch_build_2021-11-10_08-09-16/avx2/python3.9/pytorch/aten/src/ATen/native/cuda/Loss.cu:104: operator(): block: [10,0,0], thread: [24,0,0] Assertion `input_val >= zero && input_val <= one` failed.
/tmp/coulombc/pytorch_build_2021-11-10_08-09-16/avx2/python3.9/pytorch/aten/src/ATen/native/cuda/Loss.cu:104: operator(): block: [10,0,0], thread: [25,0,0] Assertion `input_val >= zero && input_val <= one` failed.
/tmp/coulombc/pytorch_build_2021-11-10_08-09-16/avx2/python3.9/pytorch/aten/src/ATen/native/cuda/Loss.cu:104: operator(): block: [10,0,0], thread: [26,0,0] Assertion `input_val >= zero && input_val <= one` failed.
/tmp/coulombc/pytorch_build_2021-11-10_08-09-16/avx2/python3.9/pytorch/aten/src/ATen/native/cuda/Loss.cu:104: operator(): block: [10,0,0], thread: [27,0,0] Assertion `input_val >= zero && input_val <= one` failed.
/tmp/coulombc/pytorch_build_2021-11-10_08-09-16/avx2/python3.9/pytorch/aten/src/ATen/native/cuda/Loss.cu:104: operator(): block: [10,0,0], thread: [28,0,0] Assertion `input_val >= zero && input_val <= one` failed.
/tmp/coulombc/pytorch_build_2021-11-10_08-09-16/avx2/python3.9/pytorch/aten/src/ATen/native/cuda/Loss.cu:104: operator(): block: [10,0,0], thread: [29,0,0] Assertion `input_val >= zero && input_val <= one` failed.
/tmp/coulombc/pytorch_build_2021-11-10_08-09-16/avx2/python3.9/pytorch/aten/src/ATen/native/cuda/Loss.cu:104: operator(): block: [10,0,0], thread: [30,0,0] Assertion `input_val >= zero && input_val <= one` failed.
/tmp/coulombc/pytorch_build_2021-11-10_08-09-16/avx2/python3.9/pytorch/aten/src/ATen/native/cuda/Loss.cu:104: operator(): block: [10,0,0], thread: [31,0,0] Assertion `input_val >= zero && input_val <= one` failed.
/tmp/coulombc/pytorch_build_2021-11-10_08-09-16/avx2/python3.9/pytorch/aten/src/ATen/native/cuda/Loss.cu:104: operator(): block: [10,0,0], thread: [32,0,0] Assertion `input_val >= zero && input_val <= one` failed.
/tmp/coulombc/pytorch_build_2021-11-10_08-09-16/avx2/python3.9/pytorch/aten/src/ATen/native/cuda/Loss.cu:104: operator(): block: [10,0,0], thread: [33,0,0] Assertion `input_val >= zero && input_val <= one` failed.
/tmp/coulombc/pytorch_build_2021-11-10_08-09-16/avx2/python3.9/pytorch/aten/src/ATen/native/cuda/Loss.cu:104: operator(): block: [10,0,0], thread: [34,0,0] Assertion `input_val >= zero && input_val <= one` failed.
/tmp/coulombc/pytorch_build_2021-11-10_08-09-16/avx2/python3.9/pytorch/aten/src/ATen/native/cuda/Loss.cu:104: operator(): block: [10,0,0], thread: [35,0,0] Assertion `input_val >= zero && input_val <= one` failed.
/tmp/coulombc/pytorch_build_2021-11-10_08-09-16/avx2/python3.9/pytorch/aten/src/ATen/native/cuda/Loss.cu:104: operator(): block: [10,0,0], thread: [36,0,0] Assertion `input_val >= zero && input_val <= one` failed.
/tmp/coulombc/pytorch_build_2021-11-10_08-09-16/avx2/python3.9/pytorch/aten/src/ATen/native/cuda/Loss.cu:104: operator(): block: [10,0,0], thread: [37,0,0] Assertion `input_val >= zero && input_val <= one` failed.
/tmp/coulombc/pytorch_build_2021-11-10_08-09-16/avx2/python3.9/pytorch/aten/src/ATen/native/cuda/Loss.cu:104: operator(): block: [10,0,0], thread: [38,0,0] Assertion `input_val >= zero && input_val <= one` failed.
/tmp/coulombc/pytorch_build_2021-11-10_08-09-16/avx2/python3.9/pytorch/aten/src/ATen/native/cuda/Loss.cu:104: operator(): block: [10,0,0], thread: [39,0,0] Assertion `input_val >= zero && input_val <= one` failed.
/tmp/coulombc/pytorch_build_2021-11-10_08-09-16/avx2/python3.9/pytorch/aten/src/ATen/native/cuda/Loss.cu:104: operator(): block: [10,0,0], thread: [40,0,0] Assertion `input_val >= zero && input_val <= one` failed.
/tmp/coulombc/pytorch_build_2021-11-10_08-09-16/avx2/python3.9/pytorch/aten/src/ATen/native/cuda/Loss.cu:104: operator(): block: [10,0,0], thread: [41,0,0] Assertion `input_val >= zero && input_val <= one` failed.
/tmp/coulombc/pytorch_build_2021-11-10_08-09-16/avx2/python3.9/pytorch/aten/src/ATen/native/cuda/Loss.cu:104: operator(): block: [10,0,0], thread: [42,0,0] Assertion `input_val >= zero && input_val <= one` failed.
/tmp/coulombc/pytorch_build_2021-11-10_08-09-16/avx2/python3.9/pytorch/aten/src/ATen/native/cuda/Loss.cu:104: operator(): block: [10,0,0], thread: [43,0,0] Assertion `input_val >= zero && input_val <= one` failed.
/tmp/coulombc/pytorch_build_2021-11-10_08-09-16/avx2/python3.9/pytorch/aten/src/ATen/native/cuda/Loss.cu:104: operator(): block: [10,0,0], thread: [44,0,0] Assertion `input_val >= zero && input_val <= one` failed.
/tmp/coulombc/pytorch_build_2021-11-10_08-09-16/avx2/python3.9/pytorch/aten/src/ATen/native/cuda/Loss.cu:104: operator(): block: [10,0,0], thread: [45,0,0] Assertion `input_val >= zero && input_val <= one` failed.
/tmp/coulombc/pytorch_build_2021-11-10_08-09-16/avx2/python3.9/pytorch/aten/src/ATen/native/cuda/Loss.cu:104: operator(): block: [10,0,0], thread: [46,0,0] Assertion `input_val >= zero && input_val <= one` failed.
/tmp/coulombc/pytorch_build_2021-11-10_08-09-16/avx2/python3.9/pytorch/aten/src/ATen/native/cuda/Loss.cu:104: operator(): block: [10,0,0], thread: [47,0,0] Assertion `input_val >= zero && input_val <= one` failed.
/tmp/coulombc/pytorch_build_2021-11-10_08-09-16/avx2/python3.9/pytorch/aten/src/ATen/native/cuda/Loss.cu:104: operator(): block: [10,0,0], thread: [48,0,0] Assertion `input_val >= zero && input_val <= one` failed.
/tmp/coulombc/pytorch_build_2021-11-10_08-09-16/avx2/python3.9/pytorch/aten/src/ATen/native/cuda/Loss.cu:104: operator(): block: [10,0,0], thread: [49,0,0] Assertion `input_val >= zero && input_val <= one` failed.
/tmp/coulombc/pytorch_build_2021-11-10_08-09-16/avx2/python3.9/pytorch/aten/src/ATen/native/cuda/Loss.cu:104: operator(): block: [10,0,0], thread: [50,0,0] Assertion `input_val >= zero && input_val <= one` failed.
/tmp/coulombc/pytorch_build_2021-11-10_08-09-16/avx2/python3.9/pytorch/aten/src/ATen/native/cuda/Loss.cu:104: operator(): block: [10,0,0], thread: [51,0,0] Assertion `input_val >= zero && input_val <= one` failed.
/tmp/coulombc/pytorch_build_2021-11-10_08-09-16/avx2/python3.9/pytorch/aten/src/ATen/native/cuda/Loss.cu:104: operator(): block: [10,0,0], thread: [52,0,0] Assertion `input_val >= zero && input_val <= one` failed.
/tmp/coulombc/pytorch_build_2021-11-10_08-09-16/avx2/python3.9/pytorch/aten/src/ATen/native/cuda/Loss.cu:104: operator(): block: [10,0,0], thread: [53,0,0] Assertion `input_val >= zero && input_val <= one` failed.
/tmp/coulombc/pytorch_build_2021-11-10_08-09-16/avx2/python3.9/pytorch/aten/src/ATen/native/cuda/Loss.cu:104: operator(): block: [10,0,0], thread: [54,0,0] Assertion `input_val >= zero && input_val <= one` failed.
/tmp/coulombc/pytorch_build_2021-11-10_08-09-16/avx2/python3.9/pytorch/aten/src/ATen/native/cuda/Loss.cu:104: operator(): block: [10,0,0], thread: [55,0,0] Assertion `input_val >= zero && input_val <= one` failed.
/tmp/coulombc/pytorch_build_2021-11-10_08-09-16/avx2/python3.9/pytorch/aten/src/ATen/native/cuda/Loss.cu:104: operator(): block: [10,0,0], thread: [56,0,0] Assertion `input_val >= zero && input_val <= one` failed.
/tmp/coulombc/pytorch_build_2021-11-10_08-09-16/avx2/python3.9/pytorch/aten/src/ATen/native/cuda/Loss.cu:104: operator(): block: [10,0,0], thread: [57,0,0] Assertion `input_val >= zero && input_val <= one` failed.
/tmp/coulombc/pytorch_build_2021-11-10_08-09-16/avx2/python3.9/pytorch/aten/src/ATen/native/cuda/Loss.cu:104: operator(): block: [10,0,0], thread: [58,0,0] Assertion `input_val >= zero && input_val <= one` failed.
/tmp/coulombc/pytorch_build_2021-11-10_08-09-16/avx2/python3.9/pytorch/aten/src/ATen/native/cuda/Loss.cu:104: operator(): block: [10,0,0], thread: [59,0,0] Assertion `input_val >= zero && input_val <= one` failed.
/tmp/coulombc/pytorch_build_2021-11-10_08-09-16/avx2/python3.9/pytorch/aten/src/ATen/native/cuda/Loss.cu:104: operator(): block: [10,0,0], thread: [60,0,0] Assertion `input_val >= zero && input_val <= one` failed.
/tmp/coulombc/pytorch_build_2021-11-10_08-09-16/avx2/python3.9/pytorch/aten/src/ATen/native/cuda/Loss.cu:104: operator(): block: [10,0,0], thread: [61,0,0] Assertion `input_val >= zero && input_val <= one` failed.
/tmp/coulombc/pytorch_build_2021-11-10_08-09-16/avx2/python3.9/pytorch/aten/src/ATen/native/cuda/Loss.cu:104: operator(): block: [10,0,0], thread: [62,0,0] Assertion `input_val >= zero && input_val <= one` failed.
/tmp/coulombc/pytorch_build_2021-11-10_08-09-16/avx2/python3.9/pytorch/aten/src/ATen/native/cuda/Loss.cu:104: operator(): block: [10,0,0], thread: [63,0,0] Assertion `input_val >= zero && input_val <= one` failed.
/tmp/coulombc/pytorch_build_2021-11-10_08-09-16/avx2/python3.9/pytorch/aten/src/ATen/native/cuda/Loss.cu:104: operator(): block: [24,0,0], thread: [32,0,0] Assertion `input_val >= zero && input_val <= one` failed.
/tmp/coulombc/pytorch_build_2021-11-10_08-09-16/avx2/python3.9/pytorch/aten/src/ATen/native/cuda/Loss.cu:104: operator(): block: [24,0,0], thread: [33,0,0] Assertion `input_val >= zero && input_val <= one` failed.
/tmp/coulombc/pytorch_build_2021-11-10_08-09-16/avx2/python3.9/pytorch/aten/src/ATen/native/cuda/Loss.cu:104: operator(): block: [24,0,0], thread: [34,0,0] Assertion `input_val >= zero && input_val <= one` failed.
/tmp/coulombc/pytorch_build_2021-11-10_08-09-16/avx2/python3.9/pytorch/aten/src/ATen/native/cuda/Loss.cu:104: operator(): block: [24,0,0], thread: [35,0,0] Assertion `input_val >= zero && input_val <= one` failed.
/tmp/coulombc/pytorch_build_2021-11-10_08-09-16/avx2/python3.9/pytorch/aten/src/ATen/native/cuda/Loss.cu:104: operator(): block: [24,0,0], thread: [36,0,0] Assertion `input_val >= zero && input_val <= one` failed.
/tmp/coulombc/pytorch_build_2021-11-10_08-09-16/avx2/python3.9/pytorch/aten/src/ATen/native/cuda/Loss.cu:104: operator(): block: [24,0,0], thread: [37,0,0] Assertion `input_val >= zero && input_val <= one` failed.
/tmp/coulombc/pytorch_build_2021-11-10_08-09-16/avx2/python3.9/pytorch/aten/src/ATen/native/cuda/Loss.cu:104: operator(): block: [24,0,0], thread: [38,0,0] Assertion `input_val >= zero && input_val <= one` failed.
/tmp/coulombc/pytorch_build_2021-11-10_08-09-16/avx2/python3.9/pytorch/aten/src/ATen/native/cuda/Loss.cu:104: operator(): block: [24,0,0], thread: [39,0,0] Assertion `input_val >= zero && input_val <= one` failed.
/tmp/coulombc/pytorch_build_2021-11-10_08-09-16/avx2/python3.9/pytorch/aten/src/ATen/native/cuda/Loss.cu:104: operator(): block: [24,0,0], thread: [40,0,0] Assertion `input_val >= zero && input_val <= one` failed.
/tmp/coulombc/pytorch_build_2021-11-10_08-09-16/avx2/python3.9/pytorch/aten/src/ATen/native/cuda/Loss.cu:104: operator(): block: [24,0,0], thread: [41,0,0] Assertion `input_val >= zero && input_val <= one` failed.
/tmp/coulombc/pytorch_build_2021-11-10_08-09-16/avx2/python3.9/pytorch/aten/src/ATen/native/cuda/Loss.cu:104: operator(): block: [24,0,0], thread: [42,0,0] Assertion `input_val >= zero && input_val <= one` failed.
/tmp/coulombc/pytorch_build_2021-11-10_08-09-16/avx2/python3.9/pytorch/aten/src/ATen/native/cuda/Loss.cu:104: operator(): block: [24,0,0], thread: [43,0,0] Assertion `input_val >= zero && input_val <= one` failed.
/tmp/coulombc/pytorch_build_2021-11-10_08-09-16/avx2/python3.9/pytorch/aten/src/ATen/native/cuda/Loss.cu:104: operator(): block: [24,0,0], thread: [44,0,0] Assertion `input_val >= zero && input_val <= one` failed.
/tmp/coulombc/pytorch_build_2021-11-10_08-09-16/avx2/python3.9/pytorch/aten/src/ATen/native/cuda/Loss.cu:104: operator(): block: [24,0,0], thread: [45,0,0] Assertion `input_val >= zero && input_val <= one` failed.
/tmp/coulombc/pytorch_build_2021-11-10_08-09-16/avx2/python3.9/pytorch/aten/src/ATen/native/cuda/Loss.cu:104: operator(): block: [24,0,0], thread: [46,0,0] Assertion `input_val >= zero && input_val <= one` failed.
/tmp/coulombc/pytorch_build_2021-11-10_08-09-16/avx2/python3.9/pytorch/aten/src/ATen/native/cuda/Loss.cu:104: operator(): block: [24,0,0], thread: [47,0,0] Assertion `input_val >= zero && input_val <= one` failed.
/tmp/coulombc/pytorch_build_2021-11-10_08-09-16/avx2/python3.9/pytorch/aten/src/ATen/native/cuda/Loss.cu:104: operator(): block: [24,0,0], thread: [48,0,0] Assertion `input_val >= zero && input_val <= one` failed.
/tmp/coulombc/pytorch_build_2021-11-10_08-09-16/avx2/python3.9/pytorch/aten/src/ATen/native/cuda/Loss.cu:104: operator(): block: [24,0,0], thread: [49,0,0] Assertion `input_val >= zero && input_val <= one` failed.
/tmp/coulombc/pytorch_build_2021-11-10_08-09-16/avx2/python3.9/pytorch/aten/src/ATen/native/cuda/Loss.cu:104: operator(): block: [24,0,0], thread: [50,0,0] Assertion `input_val >= zero && input_val <= one` failed.
/tmp/coulombc/pytorch_build_2021-11-10_08-09-16/avx2/python3.9/pytorch/aten/src/ATen/native/cuda/Loss.cu:104: operator(): block: [24,0,0], thread: [51,0,0] Assertion `input_val >= zero && input_val <= one` failed.
/tmp/coulombc/pytorch_build_2021-11-10_08-09-16/avx2/python3.9/pytorch/aten/src/ATen/native/cuda/Loss.cu:104: operator(): block: [24,0,0], thread: [52,0,0] Assertion `input_val >= zero && input_val <= one` failed.
/tmp/coulombc/pytorch_build_2021-11-10_08-09-16/avx2/python3.9/pytorch/aten/src/ATen/native/cuda/Loss.cu:104: operator(): block: [24,0,0], thread: [53,0,0] Assertion `input_val >= zero && input_val <= one` failed.
/tmp/coulombc/pytorch_build_2021-11-10_08-09-16/avx2/python3.9/pytorch/aten/src/ATen/native/cuda/Loss.cu:104: operator(): block: [24,0,0], thread: [54,0,0] Assertion `input_val >= zero && input_val <= one` failed.
/tmp/coulombc/pytorch_build_2021-11-10_08-09-16/avx2/python3.9/pytorch/aten/src/ATen/native/cuda/Loss.cu:104: operator(): block: [24,0,0], thread: [55,0,0] Assertion `input_val >= zero && input_val <= one` failed.
/tmp/coulombc/pytorch_build_2021-11-10_08-09-16/avx2/python3.9/pytorch/aten/src/ATen/native/cuda/Loss.cu:104: operator(): block: [24,0,0], thread: [56,0,0] Assertion `input_val >= zero && input_val <= one` failed.
/tmp/coulombc/pytorch_build_2021-11-10_08-09-16/avx2/python3.9/pytorch/aten/src/ATen/native/cuda/Loss.cu:104: operator(): block: [24,0,0], thread: [57,0,0] Assertion `input_val >= zero && input_val <= one` failed.
/tmp/coulombc/pytorch_build_2021-11-10_08-09-16/avx2/python3.9/pytorch/aten/src/ATen/native/cuda/Loss.cu:104: operator(): block: [24,0,0], thread: [58,0,0] Assertion `input_val >= zero && input_val <= one` failed.
/tmp/coulombc/pytorch_build_2021-11-10_08-09-16/avx2/python3.9/pytorch/aten/src/ATen/native/cuda/Loss.cu:104: operator(): block: [24,0,0], thread: [59,0,0] Assertion `input_val >= zero && input_val <= one` failed.
/tmp/coulombc/pytorch_build_2021-11-10_08-09-16/avx2/python3.9/pytorch/aten/src/ATen/native/cuda/Loss.cu:104: operator(): block: [24,0,0], thread: [60,0,0] Assertion `input_val >= zero && input_val <= one` failed.
/tmp/coulombc/pytorch_build_2021-11-10_08-09-16/avx2/python3.9/pytorch/aten/src/ATen/native/cuda/Loss.cu:104: operator(): block: [24,0,0], thread: [61,0,0] Assertion `input_val >= zero && input_val <= one` failed.
/tmp/coulombc/pytorch_build_2021-11-10_08-09-16/avx2/python3.9/pytorch/aten/src/ATen/native/cuda/Loss.cu:104: operator(): block: [24,0,0], thread: [62,0,0] Assertion `input_val >= zero && input_val <= one` failed.
/tmp/coulombc/pytorch_build_2021-11-10_08-09-16/avx2/python3.9/pytorch/aten/src/ATen/native/cuda/Loss.cu:104: operator(): block: [24,0,0], thread: [63,0,0] Assertion `input_val >= zero && input_val <= one` failed.
/tmp/coulombc/pytorch_build_2021-11-10_08-09-16/avx2/python3.9/pytorch/aten/src/ATen/native/cuda/Loss.cu:104: operator(): block: [12,0,0], thread: [0,0,0] Assertion `input_val >= zero && input_val <= one` failed.
/tmp/coulombc/pytorch_build_2021-11-10_08-09-16/avx2/python3.9/pytorch/aten/src/ATen/native/cuda/Loss.cu:104: operator(): block: [12,0,0], thread: [1,0,0] Assertion `input_val >= zero && input_val <= one` failed.
/tmp/coulombc/pytorch_build_2021-11-10_08-09-16/avx2/python3.9/pytorch/aten/src/ATen/native/cuda/Loss.cu:104: operator(): block: [12,0,0], thread: [2,0,0] Assertion `input_val >= zero && input_val <= one` failed.
/tmp/coulombc/pytorch_build_2021-11-10_08-09-16/avx2/python3.9/pytorch/aten/src/ATen/native/cuda/Loss.cu:104: operator(): block: [12,0,0], thread: [3,0,0] Assertion `input_val >= zero && input_val <= one` failed.
/tmp/coulombc/pytorch_build_2021-11-10_08-09-16/avx2/python3.9/pytorch/aten/src/ATen/native/cuda/Loss.cu:104: operator(): block: [12,0,0], thread: [4,0,0] Assertion `input_val >= zero && input_val <= one` failed.
/tmp/coulombc/pytorch_build_2021-11-10_08-09-16/avx2/python3.9/pytorch/aten/src/ATen/native/cuda/Loss.cu:104: operator(): block: [12,0,0], thread: [5,0,0] Assertion `input_val >= zero && input_val <= one` failed.
/tmp/coulombc/pytorch_build_2021-11-10_08-09-16/avx2/python3.9/pytorch/aten/src/ATen/native/cuda/Loss.cu:104: operator(): block: [12,0,0], thread: [6,0,0] Assertion `input_val >= zero && input_val <= one` failed.
/tmp/coulombc/pytorch_build_2021-11-10_08-09-16/avx2/python3.9/pytorch/aten/src/ATen/native/cuda/Loss.cu:104: operator(): block: [12,0,0], thread: [7,0,0] Assertion `input_val >= zero && input_val <= one` failed.
/tmp/coulombc/pytorch_build_2021-11-10_08-09-16/avx2/python3.9/pytorch/aten/src/ATen/native/cuda/Loss.cu:104: operator(): block: [12,0,0], thread: [8,0,0] Assertion `input_val >= zero && input_val <= one` failed.
/tmp/coulombc/pytorch_build_2021-11-10_08-09-16/avx2/python3.9/pytorch/aten/src/ATen/native/cuda/Loss.cu:104: operator(): block: [12,0,0], thread: [9,0,0] Assertion `input_val >= zero && input_val <= one` failed.
/tmp/coulombc/pytorch_build_2021-11-10_08-09-16/avx2/python3.9/pytorch/aten/src/ATen/native/cuda/Loss.cu:104: operator(): block: [12,0,0], thread: [10,0,0] Assertion `input_val >= zero && input_val <= one` failed.
/tmp/coulombc/pytorch_build_2021-11-10_08-09-16/avx2/python3.9/pytorch/aten/src/ATen/native/cuda/Loss.cu:104: operator(): block: [12,0,0], thread: [11,0,0] Assertion `input_val >= zero && input_val <= one` failed.
/tmp/coulombc/pytorch_build_2021-11-10_08-09-16/avx2/python3.9/pytorch/aten/src/ATen/native/cuda/Loss.cu:104: operator(): block: [12,0,0], thread: [12,0,0] Assertion `input_val >= zero && input_val <= one` failed.
/tmp/coulombc/pytorch_build_2021-11-10_08-09-16/avx2/python3.9/pytorch/aten/src/ATen/native/cuda/Loss.cu:104: operator(): block: [12,0,0], thread: [13,0,0] Assertion `input_val >= zero && input_val <= one` failed.
/tmp/coulombc/pytorch_build_2021-11-10_08-09-16/avx2/python3.9/pytorch/aten/src/ATen/native/cuda/Loss.cu:104: operator(): block: [12,0,0], thread: [14,0,0] Assertion `input_val >= zero && input_val <= one` failed.
/tmp/coulombc/pytorch_build_2021-11-10_08-09-16/avx2/python3.9/pytorch/aten/src/ATen/native/cuda/Loss.cu:104: operator(): block: [12,0,0], thread: [15,0,0] Assertion `input_val >= zero && input_val <= one` failed.
/tmp/coulombc/pytorch_build_2021-11-10_08-09-16/avx2/python3.9/pytorch/aten/src/ATen/native/cuda/Loss.cu:104: operator(): block: [12,0,0], thread: [16,0,0] Assertion `input_val >= zero && input_val <= one` failed.
/tmp/coulombc/pytorch_build_2021-11-10_08-09-16/avx2/python3.9/pytorch/aten/src/ATen/native/cuda/Loss.cu:104: operator(): block: [12,0,0], thread: [17,0,0] Assertion `input_val >= zero && input_val <= one` failed.
/tmp/coulombc/pytorch_build_2021-11-10_08-09-16/avx2/python3.9/pytorch/aten/src/ATen/native/cuda/Loss.cu:104: operator(): block: [12,0,0], thread: [18,0,0] Assertion `input_val >= zero && input_val <= one` failed.
/tmp/coulombc/pytorch_build_2021-11-10_08-09-16/avx2/python3.9/pytorch/aten/src/ATen/native/cuda/Loss.cu:104: operator(): block: [12,0,0], thread: [19,0,0] Assertion `input_val >= zero && input_val <= one` failed.
/tmp/coulombc/pytorch_build_2021-11-10_08-09-16/avx2/python3.9/pytorch/aten/src/ATen/native/cuda/Loss.cu:104: operator(): block: [12,0,0], thread: [20,0,0] Assertion `input_val >= zero && input_val <= one` failed.
/tmp/coulombc/pytorch_build_2021-11-10_08-09-16/avx2/python3.9/pytorch/aten/src/ATen/native/cuda/Loss.cu:104: operator(): block: [12,0,0], thread: [21,0,0] Assertion `input_val >= zero && input_val <= one` failed.
/tmp/coulombc/pytorch_build_2021-11-10_08-09-16/avx2/python3.9/pytorch/aten/src/ATen/native/cuda/Loss.cu:104: operator(): block: [12,0,0], thread: [22,0,0] Assertion `input_val >= zero && input_val <= one` failed.
/tmp/coulombc/pytorch_build_2021-11-10_08-09-16/avx2/python3.9/pytorch/aten/src/ATen/native/cuda/Loss.cu:104: operator(): block: [12,0,0], thread: [23,0,0] Assertion `input_val >= zero && input_val <= one` failed.
/tmp/coulombc/pytorch_build_2021-11-10_08-09-16/avx2/python3.9/pytorch/aten/src/ATen/native/cuda/Loss.cu:104: operator(): block: [12,0,0], thread: [24,0,0] Assertion `input_val >= zero && input_val <= one` failed.
/tmp/coulombc/pytorch_build_2021-11-10_08-09-16/avx2/python3.9/pytorch/aten/src/ATen/native/cuda/Loss.cu:104: operator(): block: [12,0,0], thread: [25,0,0] Assertion `input_val >= zero && input_val <= one` failed.
/tmp/coulombc/pytorch_build_2021-11-10_08-09-16/avx2/python3.9/pytorch/aten/src/ATen/native/cuda/Loss.cu:104: operator(): block: [12,0,0], thread: [26,0,0] Assertion `input_val >= zero && input_val <= one` failed.
/tmp/coulombc/pytorch_build_2021-11-10_08-09-16/avx2/python3.9/pytorch/aten/src/ATen/native/cuda/Loss.cu:104: operator(): block: [12,0,0], thread: [27,0,0] Assertion `input_val >= zero && input_val <= one` failed.
/tmp/coulombc/pytorch_build_2021-11-10_08-09-16/avx2/python3.9/pytorch/aten/src/ATen/native/cuda/Loss.cu:104: operator(): block: [12,0,0], thread: [28,0,0] Assertion `input_val >= zero && input_val <= one` failed.
/tmp/coulombc/pytorch_build_2021-11-10_08-09-16/avx2/python3.9/pytorch/aten/src/ATen/native/cuda/Loss.cu:104: operator(): block: [12,0,0], thread: [29,0,0] Assertion `input_val >= zero && input_val <= one` failed.
/tmp/coulombc/pytorch_build_2021-11-10_08-09-16/avx2/python3.9/pytorch/aten/src/ATen/native/cuda/Loss.cu:104: operator(): block: [12,0,0], thread: [30,0,0] Assertion `input_val >= zero && input_val <= one` failed.
/tmp/coulombc/pytorch_build_2021-11-10_08-09-16/avx2/python3.9/pytorch/aten/src/ATen/native/cuda/Loss.cu:104: operator(): block: [12,0,0], thread: [31,0,0] Assertion `input_val >= zero && input_val <= one` failed.
/tmp/coulombc/pytorch_build_2021-11-10_08-09-16/avx2/python3.9/pytorch/aten/src/ATen/native/cuda/Loss.cu:104: operator(): block: [12,0,0], thread: [32,0,0] Assertion `input_val >= zero && input_val <= one` failed.
/tmp/coulombc/pytorch_build_2021-11-10_08-09-16/avx2/python3.9/pytorch/aten/src/ATen/native/cuda/Loss.cu:104: operator(): block: [12,0,0], thread: [33,0,0] Assertion `input_val >= zero && input_val <= one` failed.
/tmp/coulombc/pytorch_build_2021-11-10_08-09-16/avx2/python3.9/pytorch/aten/src/ATen/native/cuda/Loss.cu:104: operator(): block: [12,0,0], thread: [34,0,0] Assertion `input_val >= zero && input_val <= one` failed.
/tmp/coulombc/pytorch_build_2021-11-10_08-09-16/avx2/python3.9/pytorch/aten/src/ATen/native/cuda/Loss.cu:104: operator(): block: [12,0,0], thread: [35,0,0] Assertion `input_val >= zero && input_val <= one` failed.
/tmp/coulombc/pytorch_build_2021-11-10_08-09-16/avx2/python3.9/pytorch/aten/src/ATen/native/cuda/Loss.cu:104: operator(): block: [12,0,0], thread: [36,0,0] Assertion `input_val >= zero && input_val <= one` failed.
/tmp/coulombc/pytorch_build_2021-11-10_08-09-16/avx2/python3.9/pytorch/aten/src/ATen/native/cuda/Loss.cu:104: operator(): block: [12,0,0], thread: [37,0,0] Assertion `input_val >= zero && input_val <= one` failed.
/tmp/coulombc/pytorch_build_2021-11-10_08-09-16/avx2/python3.9/pytorch/aten/src/ATen/native/cuda/Loss.cu:104: operator(): block: [12,0,0], thread: [38,0,0] Assertion `input_val >= zero && input_val <= one` failed.
/tmp/coulombc/pytorch_build_2021-11-10_08-09-16/avx2/python3.9/pytorch/aten/src/ATen/native/cuda/Loss.cu:104: operator(): block: [12,0,0], thread: [39,0,0] Assertion `input_val >= zero && input_val <= one` failed.
/tmp/coulombc/pytorch_build_2021-11-10_08-09-16/avx2/python3.9/pytorch/aten/src/ATen/native/cuda/Loss.cu:104: operator(): block: [12,0,0], thread: [40,0,0] Assertion `input_val >= zero && input_val <= one` failed.
/tmp/coulombc/pytorch_build_2021-11-10_08-09-16/avx2/python3.9/pytorch/aten/src/ATen/native/cuda/Loss.cu:104: operator(): block: [12,0,0], thread: [41,0,0] Assertion `input_val >= zero && input_val <= one` failed.
/tmp/coulombc/pytorch_build_2021-11-10_08-09-16/avx2/python3.9/pytorch/aten/src/ATen/native/cuda/Loss.cu:104: operator(): block: [12,0,0], thread: [42,0,0] Assertion `input_val >= zero && input_val <= one` failed.
/tmp/coulombc/pytorch_build_2021-11-10_08-09-16/avx2/python3.9/pytorch/aten/src/ATen/native/cuda/Loss.cu:104: operator(): block: [12,0,0], thread: [43,0,0] Assertion `input_val >= zero && input_val <= one` failed.
/tmp/coulombc/pytorch_build_2021-11-10_08-09-16/avx2/python3.9/pytorch/aten/src/ATen/native/cuda/Loss.cu:104: operator(): block: [12,0,0], thread: [44,0,0] Assertion `input_val >= zero && input_val <= one` failed.
/tmp/coulombc/pytorch_build_2021-11-10_08-09-16/avx2/python3.9/pytorch/aten/src/ATen/native/cuda/Loss.cu:104: operator(): block: [12,0,0], thread: [45,0,0] Assertion `input_val >= zero && input_val <= one` failed.
/tmp/coulombc/pytorch_build_2021-11-10_08-09-16/avx2/python3.9/pytorch/aten/src/ATen/native/cuda/Loss.cu:104: operator(): block: [12,0,0], thread: [46,0,0] Assertion `input_val >= zero && input_val <= one` failed.
/tmp/coulombc/pytorch_build_2021-11-10_08-09-16/avx2/python3.9/pytorch/aten/src/ATen/native/cuda/Loss.cu:104: operator(): block: [12,0,0], thread: [47,0,0] Assertion `input_val >= zero && input_val <= one` failed.
/tmp/coulombc/pytorch_build_2021-11-10_08-09-16/avx2/python3.9/pytorch/aten/src/ATen/native/cuda/Loss.cu:104: operator(): block: [12,0,0], thread: [48,0,0] Assertion `input_val >= zero && input_val <= one` failed.
/tmp/coulombc/pytorch_build_2021-11-10_08-09-16/avx2/python3.9/pytorch/aten/src/ATen/native/cuda/Loss.cu:104: operator(): block: [12,0,0], thread: [49,0,0] Assertion `input_val >= zero && input_val <= one` failed.
/tmp/coulombc/pytorch_build_2021-11-10_08-09-16/avx2/python3.9/pytorch/aten/src/ATen/native/cuda/Loss.cu:104: operator(): block: [12,0,0], thread: [50,0,0] Assertion `input_val >= zero && input_val <= one` failed.
/tmp/coulombc/pytorch_build_2021-11-10_08-09-16/avx2/python3.9/pytorch/aten/src/ATen/native/cuda/Loss.cu:104: operator(): block: [12,0,0], thread: [51,0,0] Assertion `input_val >= zero && input_val <= one` failed.
/tmp/coulombc/pytorch_build_2021-11-10_08-09-16/avx2/python3.9/pytorch/aten/src/ATen/native/cuda/Loss.cu:104: operator(): block: [12,0,0], thread: [52,0,0] Assertion `input_val >= zero && input_val <= one` failed.
/tmp/coulombc/pytorch_build_2021-11-10_08-09-16/avx2/python3.9/pytorch/aten/src/ATen/native/cuda/Loss.cu:104: operator(): block: [12,0,0], thread: [53,0,0] Assertion `input_val >= zero && input_val <= one` failed.
/tmp/coulombc/pytorch_build_2021-11-10_08-09-16/avx2/python3.9/pytorch/aten/src/ATen/native/cuda/Loss.cu:104: operator(): block: [12,0,0], thread: [54,0,0] Assertion `input_val >= zero && input_val <= one` failed.
/tmp/coulombc/pytorch_build_2021-11-10_08-09-16/avx2/python3.9/pytorch/aten/src/ATen/native/cuda/Loss.cu:104: operator(): block: [12,0,0], thread: [55,0,0] Assertion `input_val >= zero && input_val <= one` failed.
/tmp/coulombc/pytorch_build_2021-11-10_08-09-16/avx2/python3.9/pytorch/aten/src/ATen/native/cuda/Loss.cu:104: operator(): block: [12,0,0], thread: [56,0,0] Assertion `input_val >= zero && input_val <= one` failed.
/tmp/coulombc/pytorch_build_2021-11-10_08-09-16/avx2/python3.9/pytorch/aten/src/ATen/native/cuda/Loss.cu:104: operator(): block: [12,0,0], thread: [57,0,0] Assertion `input_val >= zero && input_val <= one` failed.
/tmp/coulombc/pytorch_build_2021-11-10_08-09-16/avx2/python3.9/pytorch/aten/src/ATen/native/cuda/Loss.cu:104: operator(): block: [12,0,0], thread: [58,0,0] Assertion `input_val >= zero && input_val <= one` failed.
/tmp/coulombc/pytorch_build_2021-11-10_08-09-16/avx2/python3.9/pytorch/aten/src/ATen/native/cuda/Loss.cu:104: operator(): block: [12,0,0], thread: [59,0,0] Assertion `input_val >= zero && input_val <= one` failed.
/tmp/coulombc/pytorch_build_2021-11-10_08-09-16/avx2/python3.9/pytorch/aten/src/ATen/native/cuda/Loss.cu:104: operator(): block: [12,0,0], thread: [60,0,0] Assertion `input_val >= zero && input_val <= one` failed.
/tmp/coulombc/pytorch_build_2021-11-10_08-09-16/avx2/python3.9/pytorch/aten/src/ATen/native/cuda/Loss.cu:104: operator(): block: [12,0,0], thread: [61,0,0] Assertion `input_val >= zero && input_val <= one` failed.
/tmp/coulombc/pytorch_build_2021-11-10_08-09-16/avx2/python3.9/pytorch/aten/src/ATen/native/cuda/Loss.cu:104: operator(): block: [12,0,0], thread: [62,0,0] Assertion `input_val >= zero && input_val <= one` failed.
/tmp/coulombc/pytorch_build_2021-11-10_08-09-16/avx2/python3.9/pytorch/aten/src/ATen/native/cuda/Loss.cu:104: operator(): block: [12,0,0], thread: [63,0,0] Assertion `input_val >= zero && input_val <= one` failed.
/tmp/coulombc/pytorch_build_2021-11-10_08-09-16/avx2/python3.9/pytorch/aten/src/ATen/native/cuda/Loss.cu:104: operator(): block: [29,0,0], thread: [32,0,0] Assertion `input_val >= zero && input_val <= one` failed.
/tmp/coulombc/pytorch_build_2021-11-10_08-09-16/avx2/python3.9/pytorch/aten/src/ATen/native/cuda/Loss.cu:104: operator(): block: [29,0,0], thread: [33,0,0] Assertion `input_val >= zero && input_val <= one` failed.
/tmp/coulombc/pytorch_build_2021-11-10_08-09-16/avx2/python3.9/pytorch/aten/src/ATen/native/cuda/Loss.cu:104: operator(): block: [29,0,0], thread: [34,0,0] Assertion `input_val >= zero && input_val <= one` failed.
/tmp/coulombc/pytorch_build_2021-11-10_08-09-16/avx2/python3.9/pytorch/aten/src/ATen/native/cuda/Loss.cu:104: operator(): block: [29,0,0], thread: [35,0,0] Assertion `input_val >= zero && input_val <= one` failed.
/tmp/coulombc/pytorch_build_2021-11-10_08-09-16/avx2/python3.9/pytorch/aten/src/ATen/native/cuda/Loss.cu:104: operator(): block: [29,0,0], thread: [36,0,0] Assertion `input_val >= zero && input_val <= one` failed.
/tmp/coulombc/pytorch_build_2021-11-10_08-09-16/avx2/python3.9/pytorch/aten/src/ATen/native/cuda/Loss.cu:104: operator(): block: [29,0,0], thread: [37,0,0] Assertion `input_val >= zero && input_val <= one` failed.
/tmp/coulombc/pytorch_build_2021-11-10_08-09-16/avx2/python3.9/pytorch/aten/src/ATen/native/cuda/Loss.cu:104: operator(): block: [29,0,0], thread: [38,0,0] Assertion `input_val >= zero && input_val <= one` failed.
/tmp/coulombc/pytorch_build_2021-11-10_08-09-16/avx2/python3.9/pytorch/aten/src/ATen/native/cuda/Loss.cu:104: operator(): block: [29,0,0], thread: [39,0,0] Assertion `input_val >= zero && input_val <= one` failed.
/tmp/coulombc/pytorch_build_2021-11-10_08-09-16/avx2/python3.9/pytorch/aten/src/ATen/native/cuda/Loss.cu:104: operator(): block: [29,0,0], thread: [40,0,0] Assertion `input_val >= zero && input_val <= one` failed.
/tmp/coulombc/pytorch_build_2021-11-10_08-09-16/avx2/python3.9/pytorch/aten/src/ATen/native/cuda/Loss.cu:104: operator(): block: [29,0,0], thread: [41,0,0] Assertion `input_val >= zero && input_val <= one` failed.
/tmp/coulombc/pytorch_build_2021-11-10_08-09-16/avx2/python3.9/pytorch/aten/src/ATen/native/cuda/Loss.cu:104: operator(): block: [29,0,0], thread: [42,0,0] Assertion `input_val >= zero && input_val <= one` failed.
/tmp/coulombc/pytorch_build_2021-11-10_08-09-16/avx2/python3.9/pytorch/aten/src/ATen/native/cuda/Loss.cu:104: operator(): block: [29,0,0], thread: [43,0,0] Assertion `input_val >= zero && input_val <= one` failed.
/tmp/coulombc/pytorch_build_2021-11-10_08-09-16/avx2/python3.9/pytorch/aten/src/ATen/native/cuda/Loss.cu:104: operator(): block: [29,0,0], thread: [44,0,0] Assertion `input_val >= zero && input_val <= one` failed.
/tmp/coulombc/pytorch_build_2021-11-10_08-09-16/avx2/python3.9/pytorch/aten/src/ATen/native/cuda/Loss.cu:104: operator(): block: [29,0,0], thread: [45,0,0] Assertion `input_val >= zero && input_val <= one` failed.
/tmp/coulombc/pytorch_build_2021-11-10_08-09-16/avx2/python3.9/pytorch/aten/src/ATen/native/cuda/Loss.cu:104: operator(): block: [29,0,0], thread: [46,0,0] Assertion `input_val >= zero && input_val <= one` failed.
/tmp/coulombc/pytorch_build_2021-11-10_08-09-16/avx2/python3.9/pytorch/aten/src/ATen/native/cuda/Loss.cu:104: operator(): block: [29,0,0], thread: [47,0,0] Assertion `input_val >= zero && input_val <= one` failed.
/tmp/coulombc/pytorch_build_2021-11-10_08-09-16/avx2/python3.9/pytorch/aten/src/ATen/native/cuda/Loss.cu:104: operator(): block: [29,0,0], thread: [48,0,0] Assertion `input_val >= zero && input_val <= one` failed.
/tmp/coulombc/pytorch_build_2021-11-10_08-09-16/avx2/python3.9/pytorch/aten/src/ATen/native/cuda/Loss.cu:104: operator(): block: [29,0,0], thread: [49,0,0] Assertion `input_val >= zero && input_val <= one` failed.
/tmp/coulombc/pytorch_build_2021-11-10_08-09-16/avx2/python3.9/pytorch/aten/src/ATen/native/cuda/Loss.cu:104: operator(): block: [29,0,0], thread: [50,0,0] Assertion `input_val >= zero && input_val <= one` failed.
/tmp/coulombc/pytorch_build_2021-11-10_08-09-16/avx2/python3.9/pytorch/aten/src/ATen/native/cuda/Loss.cu:104: operator(): block: [29,0,0], thread: [51,0,0] Assertion `input_val >= zero && input_val <= one` failed.
/tmp/coulombc/pytorch_build_2021-11-10_08-09-16/avx2/python3.9/pytorch/aten/src/ATen/native/cuda/Loss.cu:104: operator(): block: [29,0,0], thread: [52,0,0] Assertion `input_val >= zero && input_val <= one` failed.
/tmp/coulombc/pytorch_build_2021-11-10_08-09-16/avx2/python3.9/pytorch/aten/src/ATen/native/cuda/Loss.cu:104: operator(): block: [29,0,0], thread: [53,0,0] Assertion `input_val >= zero && input_val <= one` failed.
/tmp/coulombc/pytorch_build_2021-11-10_08-09-16/avx2/python3.9/pytorch/aten/src/ATen/native/cuda/Loss.cu:104: operator(): block: [29,0,0], thread: [54,0,0] Assertion `input_val >= zero && input_val <= one` failed.
/tmp/coulombc/pytorch_build_2021-11-10_08-09-16/avx2/python3.9/pytorch/aten/src/ATen/native/cuda/Loss.cu:104: operator(): block: [29,0,0], thread: [55,0,0] Assertion `input_val >= zero && input_val <= one` failed.
/tmp/coulombc/pytorch_build_2021-11-10_08-09-16/avx2/python3.9/pytorch/aten/src/ATen/native/cuda/Loss.cu:104: operator(): block: [29,0,0], thread: [56,0,0] Assertion `input_val >= zero && input_val <= one` failed.
/tmp/coulombc/pytorch_build_2021-11-10_08-09-16/avx2/python3.9/pytorch/aten/src/ATen/native/cuda/Loss.cu:104: operator(): block: [29,0,0], thread: [57,0,0] Assertion `input_val >= zero && input_val <= one` failed.
/tmp/coulombc/pytorch_build_2021-11-10_08-09-16/avx2/python3.9/pytorch/aten/src/ATen/native/cuda/Loss.cu:104: operator(): block: [29,0,0], thread: [58,0,0] Assertion `input_val >= zero && input_val <= one` failed.
/tmp/coulombc/pytorch_build_2021-11-10_08-09-16/avx2/python3.9/pytorch/aten/src/ATen/native/cuda/Loss.cu:104: operator(): block: [29,0,0], thread: [59,0,0] Assertion `input_val >= zero && input_val <= one` failed.
/tmp/coulombc/pytorch_build_2021-11-10_08-09-16/avx2/python3.9/pytorch/aten/src/ATen/native/cuda/Loss.cu:104: operator(): block: [29,0,0], thread: [60,0,0] Assertion `input_val >= zero && input_val <= one` failed.
/tmp/coulombc/pytorch_build_2021-11-10_08-09-16/avx2/python3.9/pytorch/aten/src/ATen/native/cuda/Loss.cu:104: operator(): block: [29,0,0], thread: [61,0,0] Assertion `input_val >= zero && input_val <= one` failed.
/tmp/coulombc/pytorch_build_2021-11-10_08-09-16/avx2/python3.9/pytorch/aten/src/ATen/native/cuda/Loss.cu:104: operator(): block: [29,0,0], thread: [62,0,0] Assertion `input_val >= zero && input_val <= one` failed.
/tmp/coulombc/pytorch_build_2021-11-10_08-09-16/avx2/python3.9/pytorch/aten/src/ATen/native/cuda/Loss.cu:104: operator(): block: [29,0,0], thread: [63,0,0] Assertion `input_val >= zero && input_val <= one` failed.
/tmp/coulombc/pytorch_build_2021-11-10_08-09-16/avx2/python3.9/pytorch/aten/src/ATen/native/cuda/Loss.cu:104: operator(): block: [17,0,0], thread: [0,0,0] Assertion `input_val >= zero && input_val <= one` failed.
/tmp/coulombc/pytorch_build_2021-11-10_08-09-16/avx2/python3.9/pytorch/aten/src/ATen/native/cuda/Loss.cu:104: operator(): block: [17,0,0], thread: [1,0,0] Assertion `input_val >= zero && input_val <= one` failed.
/tmp/coulombc/pytorch_build_2021-11-10_08-09-16/avx2/python3.9/pytorch/aten/src/ATen/native/cuda/Loss.cu:104: operator(): block: [17,0,0], thread: [2,0,0] Assertion `input_val >= zero && input_val <= one` failed.
/tmp/coulombc/pytorch_build_2021-11-10_08-09-16/avx2/python3.9/pytorch/aten/src/ATen/native/cuda/Loss.cu:104: operator(): block: [17,0,0], thread: [3,0,0] Assertion `input_val >= zero && input_val <= one` failed.
/tmp/coulombc/pytorch_build_2021-11-10_08-09-16/avx2/python3.9/pytorch/aten/src/ATen/native/cuda/Loss.cu:104: operator(): block: [17,0,0], thread: [4,0,0] Assertion `input_val >= zero && input_val <= one` failed.
/tmp/coulombc/pytorch_build_2021-11-10_08-09-16/avx2/python3.9/pytorch/aten/src/ATen/native/cuda/Loss.cu:104: operator(): block: [17,0,0], thread: [5,0,0] Assertion `input_val >= zero && input_val <= one` failed.
/tmp/coulombc/pytorch_build_2021-11-10_08-09-16/avx2/python3.9/pytorch/aten/src/ATen/native/cuda/Loss.cu:104: operator(): block: [17,0,0], thread: [6,0,0] Assertion `input_val >= zero && input_val <= one` failed.
/tmp/coulombc/pytorch_build_2021-11-10_08-09-16/avx2/python3.9/pytorch/aten/src/ATen/native/cuda/Loss.cu:104: operator(): block: [17,0,0], thread: [7,0,0] Assertion `input_val >= zero && input_val <= one` failed.
/tmp/coulombc/pytorch_build_2021-11-10_08-09-16/avx2/python3.9/pytorch/aten/src/ATen/native/cuda/Loss.cu:104: operator(): block: [17,0,0], thread: [8,0,0] Assertion `input_val >= zero && input_val <= one` failed.
/tmp/coulombc/pytorch_build_2021-11-10_08-09-16/avx2/python3.9/pytorch/aten/src/ATen/native/cuda/Loss.cu:104: operator(): block: [17,0,0], thread: [9,0,0] Assertion `input_val >= zero && input_val <= one` failed.
/tmp/coulombc/pytorch_build_2021-11-10_08-09-16/avx2/python3.9/pytorch/aten/src/ATen/native/cuda/Loss.cu:104: operator(): block: [17,0,0], thread: [10,0,0] Assertion `input_val >= zero && input_val <= one` failed.
/tmp/coulombc/pytorch_build_2021-11-10_08-09-16/avx2/python3.9/pytorch/aten/src/ATen/native/cuda/Loss.cu:104: operator(): block: [17,0,0], thread: [11,0,0] Assertion `input_val >= zero && input_val <= one` failed.
/tmp/coulombc/pytorch_build_2021-11-10_08-09-16/avx2/python3.9/pytorch/aten/src/ATen/native/cuda/Loss.cu:104: operator(): block: [17,0,0], thread: [12,0,0] Assertion `input_val >= zero && input_val <= one` failed.
/tmp/coulombc/pytorch_build_2021-11-10_08-09-16/avx2/python3.9/pytorch/aten/src/ATen/native/cuda/Loss.cu:104: operator(): block: [17,0,0], thread: [13,0,0] Assertion `input_val >= zero && input_val <= one` failed.
/tmp/coulombc/pytorch_build_2021-11-10_08-09-16/avx2/python3.9/pytorch/aten/src/ATen/native/cuda/Loss.cu:104: operator(): block: [17,0,0], thread: [14,0,0] Assertion `input_val >= zero && input_val <= one` failed.
/tmp/coulombc/pytorch_build_2021-11-10_08-09-16/avx2/python3.9/pytorch/aten/src/ATen/native/cuda/Loss.cu:104: operator(): block: [17,0,0], thread: [15,0,0] Assertion `input_val >= zero && input_val <= one` failed.
/tmp/coulombc/pytorch_build_2021-11-10_08-09-16/avx2/python3.9/pytorch/aten/src/ATen/native/cuda/Loss.cu:104: operator(): block: [17,0,0], thread: [16,0,0] Assertion `input_val >= zero && input_val <= one` failed.
/tmp/coulombc/pytorch_build_2021-11-10_08-09-16/avx2/python3.9/pytorch/aten/src/ATen/native/cuda/Loss.cu:104: operator(): block: [17,0,0], thread: [17,0,0] Assertion `input_val >= zero && input_val <= one` failed.
/tmp/coulombc/pytorch_build_2021-11-10_08-09-16/avx2/python3.9/pytorch/aten/src/ATen/native/cuda/Loss.cu:104: operator(): block: [17,0,0], thread: [18,0,0] Assertion `input_val >= zero && input_val <= one` failed.
/tmp/coulombc/pytorch_build_2021-11-10_08-09-16/avx2/python3.9/pytorch/aten/src/ATen/native/cuda/Loss.cu:104: operator(): block: [17,0,0], thread: [19,0,0] Assertion `input_val >= zero && input_val <= one` failed.
/tmp/coulombc/pytorch_build_2021-11-10_08-09-16/avx2/python3.9/pytorch/aten/src/ATen/native/cuda/Loss.cu:104: operator(): block: [17,0,0], thread: [20,0,0] Assertion `input_val >= zero && input_val <= one` failed.
/tmp/coulombc/pytorch_build_2021-11-10_08-09-16/avx2/python3.9/pytorch/aten/src/ATen/native/cuda/Loss.cu:104: operator(): block: [17,0,0], thread: [21,0,0] Assertion `input_val >= zero && input_val <= one` failed.
/tmp/coulombc/pytorch_build_2021-11-10_08-09-16/avx2/python3.9/pytorch/aten/src/ATen/native/cuda/Loss.cu:104: operator(): block: [17,0,0], thread: [22,0,0] Assertion `input_val >= zero && input_val <= one` failed.
/tmp/coulombc/pytorch_build_2021-11-10_08-09-16/avx2/python3.9/pytorch/aten/src/ATen/native/cuda/Loss.cu:104: operator(): block: [17,0,0], thread: [23,0,0] Assertion `input_val >= zero && input_val <= one` failed.
/tmp/coulombc/pytorch_build_2021-11-10_08-09-16/avx2/python3.9/pytorch/aten/src/ATen/native/cuda/Loss.cu:104: operator(): block: [17,0,0], thread: [24,0,0] Assertion `input_val >= zero && input_val <= one` failed.
/tmp/coulombc/pytorch_build_2021-11-10_08-09-16/avx2/python3.9/pytorch/aten/src/ATen/native/cuda/Loss.cu:104: operator(): block: [17,0,0], thread: [25,0,0] Assertion `input_val >= zero && input_val <= one` failed.
/tmp/coulombc/pytorch_build_2021-11-10_08-09-16/avx2/python3.9/pytorch/aten/src/ATen/native/cuda/Loss.cu:104: operator(): block: [17,0,0], thread: [26,0,0] Assertion `input_val >= zero && input_val <= one` failed.
/tmp/coulombc/pytorch_build_2021-11-10_08-09-16/avx2/python3.9/pytorch/aten/src/ATen/native/cuda/Loss.cu:104: operator(): block: [17,0,0], thread: [27,0,0] Assertion `input_val >= zero && input_val <= one` failed.
/tmp/coulombc/pytorch_build_2021-11-10_08-09-16/avx2/python3.9/pytorch/aten/src/ATen/native/cuda/Loss.cu:104: operator(): block: [17,0,0], thread: [28,0,0] Assertion `input_val >= zero && input_val <= one` failed.
/tmp/coulombc/pytorch_build_2021-11-10_08-09-16/avx2/python3.9/pytorch/aten/src/ATen/native/cuda/Loss.cu:104: operator(): block: [17,0,0], thread: [29,0,0] Assertion `input_val >= zero && input_val <= one` failed.
/tmp/coulombc/pytorch_build_2021-11-10_08-09-16/avx2/python3.9/pytorch/aten/src/ATen/native/cuda/Loss.cu:104: operator(): block: [17,0,0], thread: [30,0,0] Assertion `input_val >= zero && input_val <= one` failed.
/tmp/coulombc/pytorch_build_2021-11-10_08-09-16/avx2/python3.9/pytorch/aten/src/ATen/native/cuda/Loss.cu:104: operator(): block: [17,0,0], thread: [31,0,0] Assertion `input_val >= zero && input_val <= one` failed.
/tmp/coulombc/pytorch_build_2021-11-10_08-09-16/avx2/python3.9/pytorch/aten/src/ATen/native/cuda/Loss.cu:104: operator(): block: [17,0,0], thread: [32,0,0] Assertion `input_val >= zero && input_val <= one` failed.
/tmp/coulombc/pytorch_build_2021-11-10_08-09-16/avx2/python3.9/pytorch/aten/src/ATen/native/cuda/Loss.cu:104: operator(): block: [17,0,0], thread: [33,0,0] Assertion `input_val >= zero && input_val <= one` failed.
/tmp/coulombc/pytorch_build_2021-11-10_08-09-16/avx2/python3.9/pytorch/aten/src/ATen/native/cuda/Loss.cu:104: operator(): block: [17,0,0], thread: [34,0,0] Assertion `input_val >= zero && input_val <= one` failed.
/tmp/coulombc/pytorch_build_2021-11-10_08-09-16/avx2/python3.9/pytorch/aten/src/ATen/native/cuda/Loss.cu:104: operator(): block: [17,0,0], thread: [35,0,0] Assertion `input_val >= zero && input_val <= one` failed.
/tmp/coulombc/pytorch_build_2021-11-10_08-09-16/avx2/python3.9/pytorch/aten/src/ATen/native/cuda/Loss.cu:104: operator(): block: [17,0,0], thread: [36,0,0] Assertion `input_val >= zero && input_val <= one` failed.
/tmp/coulombc/pytorch_build_2021-11-10_08-09-16/avx2/python3.9/pytorch/aten/src/ATen/native/cuda/Loss.cu:104: operator(): block: [17,0,0], thread: [37,0,0] Assertion `input_val >= zero && input_val <= one` failed.
/tmp/coulombc/pytorch_build_2021-11-10_08-09-16/avx2/python3.9/pytorch/aten/src/ATen/native/cuda/Loss.cu:104: operator(): block: [17,0,0], thread: [38,0,0] Assertion `input_val >= zero && input_val <= one` failed.
/tmp/coulombc/pytorch_build_2021-11-10_08-09-16/avx2/python3.9/pytorch/aten/src/ATen/native/cuda/Loss.cu:104: operator(): block: [17,0,0], thread: [39,0,0] Assertion `input_val >= zero && input_val <= one` failed.
/tmp/coulombc/pytorch_build_2021-11-10_08-09-16/avx2/python3.9/pytorch/aten/src/ATen/native/cuda/Loss.cu:104: operator(): block: [17,0,0], thread: [40,0,0] Assertion `input_val >= zero && input_val <= one` failed.
/tmp/coulombc/pytorch_build_2021-11-10_08-09-16/avx2/python3.9/pytorch/aten/src/ATen/native/cuda/Loss.cu:104: operator(): block: [17,0,0], thread: [41,0,0] Assertion `input_val >= zero && input_val <= one` failed.
/tmp/coulombc/pytorch_build_2021-11-10_08-09-16/avx2/python3.9/pytorch/aten/src/ATen/native/cuda/Loss.cu:104: operator(): block: [17,0,0], thread: [42,0,0] Assertion `input_val >= zero && input_val <= one` failed.
/tmp/coulombc/pytorch_build_2021-11-10_08-09-16/avx2/python3.9/pytorch/aten/src/ATen/native/cuda/Loss.cu:104: operator(): block: [17,0,0], thread: [43,0,0] Assertion `input_val >= zero && input_val <= one` failed.
/tmp/coulombc/pytorch_build_2021-11-10_08-09-16/avx2/python3.9/pytorch/aten/src/ATen/native/cuda/Loss.cu:104: operator(): block: [17,0,0], thread: [44,0,0] Assertion `input_val >= zero && input_val <= one` failed.
/tmp/coulombc/pytorch_build_2021-11-10_08-09-16/avx2/python3.9/pytorch/aten/src/ATen/native/cuda/Loss.cu:104: operator(): block: [17,0,0], thread: [45,0,0] Assertion `input_val >= zero && input_val <= one` failed.
/tmp/coulombc/pytorch_build_2021-11-10_08-09-16/avx2/python3.9/pytorch/aten/src/ATen/native/cuda/Loss.cu:104: operator(): block: [17,0,0], thread: [46,0,0] Assertion `input_val >= zero && input_val <= one` failed.
/tmp/coulombc/pytorch_build_2021-11-10_08-09-16/avx2/python3.9/pytorch/aten/src/ATen/native/cuda/Loss.cu:104: operator(): block: [17,0,0], thread: [47,0,0] Assertion `input_val >= zero && input_val <= one` failed.
/tmp/coulombc/pytorch_build_2021-11-10_08-09-16/avx2/python3.9/pytorch/aten/src/ATen/native/cuda/Loss.cu:104: operator(): block: [17,0,0], thread: [48,0,0] Assertion `input_val >= zero && input_val <= one` failed.
/tmp/coulombc/pytorch_build_2021-11-10_08-09-16/avx2/python3.9/pytorch/aten/src/ATen/native/cuda/Loss.cu:104: operator(): block: [17,0,0], thread: [49,0,0] Assertion `input_val >= zero && input_val <= one` failed.
/tmp/coulombc/pytorch_build_2021-11-10_08-09-16/avx2/python3.9/pytorch/aten/src/ATen/native/cuda/Loss.cu:104: operator(): block: [17,0,0], thread: [50,0,0] Assertion `input_val >= zero && input_val <= one` failed.
/tmp/coulombc/pytorch_build_2021-11-10_08-09-16/avx2/python3.9/pytorch/aten/src/ATen/native/cuda/Loss.cu:104: operator(): block: [17,0,0], thread: [51,0,0] Assertion `input_val >= zero && input_val <= one` failed.
/tmp/coulombc/pytorch_build_2021-11-10_08-09-16/avx2/python3.9/pytorch/aten/src/ATen/native/cuda/Loss.cu:104: operator(): block: [17,0,0], thread: [52,0,0] Assertion `input_val >= zero && input_val <= one` failed.
/tmp/coulombc/pytorch_build_2021-11-10_08-09-16/avx2/python3.9/pytorch/aten/src/ATen/native/cuda/Loss.cu:104: operator(): block: [17,0,0], thread: [53,0,0] Assertion `input_val >= zero && input_val <= one` failed.
/tmp/coulombc/pytorch_build_2021-11-10_08-09-16/avx2/python3.9/pytorch/aten/src/ATen/native/cuda/Loss.cu:104: operator(): block: [17,0,0], thread: [54,0,0] Assertion `input_val >= zero && input_val <= one` failed.
/tmp/coulombc/pytorch_build_2021-11-10_08-09-16/avx2/python3.9/pytorch/aten/src/ATen/native/cuda/Loss.cu:104: operator(): block: [17,0,0], thread: [55,0,0] Assertion `input_val >= zero && input_val <= one` failed.
/tmp/coulombc/pytorch_build_2021-11-10_08-09-16/avx2/python3.9/pytorch/aten/src/ATen/native/cuda/Loss.cu:104: operator(): block: [17,0,0], thread: [56,0,0] Assertion `input_val >= zero && input_val <= one` failed.
/tmp/coulombc/pytorch_build_2021-11-10_08-09-16/avx2/python3.9/pytorch/aten/src/ATen/native/cuda/Loss.cu:104: operator(): block: [17,0,0], thread: [57,0,0] Assertion `input_val >= zero && input_val <= one` failed.
/tmp/coulombc/pytorch_build_2021-11-10_08-09-16/avx2/python3.9/pytorch/aten/src/ATen/native/cuda/Loss.cu:104: operator(): block: [17,0,0], thread: [58,0,0] Assertion `input_val >= zero && input_val <= one` failed.
/tmp/coulombc/pytorch_build_2021-11-10_08-09-16/avx2/python3.9/pytorch/aten/src/ATen/native/cuda/Loss.cu:104: operator(): block: [17,0,0], thread: [59,0,0] Assertion `input_val >= zero && input_val <= one` failed.
/tmp/coulombc/pytorch_build_2021-11-10_08-09-16/avx2/python3.9/pytorch/aten/src/ATen/native/cuda/Loss.cu:104: operator(): block: [17,0,0], thread: [60,0,0] Assertion `input_val >= zero && input_val <= one` failed.
/tmp/coulombc/pytorch_build_2021-11-10_08-09-16/avx2/python3.9/pytorch/aten/src/ATen/native/cuda/Loss.cu:104: operator(): block: [17,0,0], thread: [61,0,0] Assertion `input_val >= zero && input_val <= one` failed.
/tmp/coulombc/pytorch_build_2021-11-10_08-09-16/avx2/python3.9/pytorch/aten/src/ATen/native/cuda/Loss.cu:104: operator(): block: [17,0,0], thread: [62,0,0] Assertion `input_val >= zero && input_val <= one` failed.
/tmp/coulombc/pytorch_build_2021-11-10_08-09-16/avx2/python3.9/pytorch/aten/src/ATen/native/cuda/Loss.cu:104: operator(): block: [17,0,0], thread: [63,0,0] Assertion `input_val >= zero && input_val <= one` failed.
/tmp/coulombc/pytorch_build_2021-11-10_08-09-16/avx2/python3.9/pytorch/aten/src/ATen/native/cuda/Loss.cu:104: operator(): block: [2,0,0], thread: [32,0,0] Assertion `input_val >= zero && input_val <= one` failed.
/tmp/coulombc/pytorch_build_2021-11-10_08-09-16/avx2/python3.9/pytorch/aten/src/ATen/native/cuda/Loss.cu:104: operator(): block: [2,0,0], thread: [33,0,0] Assertion `input_val >= zero && input_val <= one` failed.
/tmp/coulombc/pytorch_build_2021-11-10_08-09-16/avx2/python3.9/pytorch/aten/src/ATen/native/cuda/Loss.cu:104: operator(): block: [2,0,0], thread: [34,0,0] Assertion `input_val >= zero && input_val <= one` failed.
/tmp/coulombc/pytorch_build_2021-11-10_08-09-16/avx2/python3.9/pytorch/aten/src/ATen/native/cuda/Loss.cu:104: operator(): block: [2,0,0], thread: [35,0,0] Assertion `input_val >= zero && input_val <= one` failed.
/tmp/coulombc/pytorch_build_2021-11-10_08-09-16/avx2/python3.9/pytorch/aten/src/ATen/native/cuda/Loss.cu:104: operator(): block: [2,0,0], thread: [36,0,0] Assertion `input_val >= zero && input_val <= one` failed.
/tmp/coulombc/pytorch_build_2021-11-10_08-09-16/avx2/python3.9/pytorch/aten/src/ATen/native/cuda/Loss.cu:104: operator(): block: [2,0,0], thread: [37,0,0] Assertion `input_val >= zero && input_val <= one` failed.
/tmp/coulombc/pytorch_build_2021-11-10_08-09-16/avx2/python3.9/pytorch/aten/src/ATen/native/cuda/Loss.cu:104: operator(): block: [2,0,0], thread: [38,0,0] Assertion `input_val >= zero && input_val <= one` failed.
/tmp/coulombc/pytorch_build_2021-11-10_08-09-16/avx2/python3.9/pytorch/aten/src/ATen/native/cuda/Loss.cu:104: operator(): block: [2,0,0], thread: [39,0,0] Assertion `input_val >= zero && input_val <= one` failed.
/tmp/coulombc/pytorch_build_2021-11-10_08-09-16/avx2/python3.9/pytorch/aten/src/ATen/native/cuda/Loss.cu:104: operator(): block: [2,0,0], thread: [40,0,0] Assertion `input_val >= zero && input_val <= one` failed.
/tmp/coulombc/pytorch_build_2021-11-10_08-09-16/avx2/python3.9/pytorch/aten/src/ATen/native/cuda/Loss.cu:104: operator(): block: [2,0,0], thread: [41,0,0] Assertion `input_val >= zero && input_val <= one` failed.
/tmp/coulombc/pytorch_build_2021-11-10_08-09-16/avx2/python3.9/pytorch/aten/src/ATen/native/cuda/Loss.cu:104: operator(): block: [2,0,0], thread: [42,0,0] Assertion `input_val >= zero && input_val <= one` failed.
/tmp/coulombc/pytorch_build_2021-11-10_08-09-16/avx2/python3.9/pytorch/aten/src/ATen/native/cuda/Loss.cu:104: operator(): block: [2,0,0], thread: [43,0,0] Assertion `input_val >= zero && input_val <= one` failed.
/tmp/coulombc/pytorch_build_2021-11-10_08-09-16/avx2/python3.9/pytorch/aten/src/ATen/native/cuda/Loss.cu:104: operator(): block: [2,0,0], thread: [44,0,0] Assertion `input_val >= zero && input_val <= one` failed.
/tmp/coulombc/pytorch_build_2021-11-10_08-09-16/avx2/python3.9/pytorch/aten/src/ATen/native/cuda/Loss.cu:104: operator(): block: [2,0,0], thread: [45,0,0] Assertion `input_val >= zero && input_val <= one` failed.
/tmp/coulombc/pytorch_build_2021-11-10_08-09-16/avx2/python3.9/pytorch/aten/src/ATen/native/cuda/Loss.cu:104: operator(): block: [2,0,0], thread: [46,0,0] Assertion `input_val >= zero && input_val <= one` failed.
/tmp/coulombc/pytorch_build_2021-11-10_08-09-16/avx2/python3.9/pytorch/aten/src/ATen/native/cuda/Loss.cu:104: operator(): block: [2,0,0], thread: [47,0,0] Assertion `input_val >= zero && input_val <= one` failed.
/tmp/coulombc/pytorch_build_2021-11-10_08-09-16/avx2/python3.9/pytorch/aten/src/ATen/native/cuda/Loss.cu:104: operator(): block: [2,0,0], thread: [48,0,0] Assertion `input_val >= zero && input_val <= one` failed.
/tmp/coulombc/pytorch_build_2021-11-10_08-09-16/avx2/python3.9/pytorch/aten/src/ATen/native/cuda/Loss.cu:104: operator(): block: [2,0,0], thread: [49,0,0] Assertion `input_val >= zero && input_val <= one` failed.
/tmp/coulombc/pytorch_build_2021-11-10_08-09-16/avx2/python3.9/pytorch/aten/src/ATen/native/cuda/Loss.cu:104: operator(): block: [2,0,0], thread: [50,0,0] Assertion `input_val >= zero && input_val <= one` failed.
/tmp/coulombc/pytorch_build_2021-11-10_08-09-16/avx2/python3.9/pytorch/aten/src/ATen/native/cuda/Loss.cu:104: operator(): block: [2,0,0], thread: [51,0,0] Assertion `input_val >= zero && input_val <= one` failed.
/tmp/coulombc/pytorch_build_2021-11-10_08-09-16/avx2/python3.9/pytorch/aten/src/ATen/native/cuda/Loss.cu:104: operator(): block: [2,0,0], thread: [52,0,0] Assertion `input_val >= zero && input_val <= one` failed.
/tmp/coulombc/pytorch_build_2021-11-10_08-09-16/avx2/python3.9/pytorch/aten/src/ATen/native/cuda/Loss.cu:104: operator(): block: [2,0,0], thread: [53,0,0] Assertion `input_val >= zero && input_val <= one` failed.
/tmp/coulombc/pytorch_build_2021-11-10_08-09-16/avx2/python3.9/pytorch/aten/src/ATen/native/cuda/Loss.cu:104: operator(): block: [2,0,0], thread: [54,0,0] Assertion `input_val >= zero && input_val <= one` failed.
/tmp/coulombc/pytorch_build_2021-11-10_08-09-16/avx2/python3.9/pytorch/aten/src/ATen/native/cuda/Loss.cu:104: operator(): block: [2,0,0], thread: [55,0,0] Assertion `input_val >= zero && input_val <= one` failed.
/tmp/coulombc/pytorch_build_2021-11-10_08-09-16/avx2/python3.9/pytorch/aten/src/ATen/native/cuda/Loss.cu:104: operator(): block: [2,0,0], thread: [56,0,0] Assertion `input_val >= zero && input_val <= one` failed.
/tmp/coulombc/pytorch_build_2021-11-10_08-09-16/avx2/python3.9/pytorch/aten/src/ATen/native/cuda/Loss.cu:104: operator(): block: [2,0,0], thread: [57,0,0] Assertion `input_val >= zero && input_val <= one` failed.
/tmp/coulombc/pytorch_build_2021-11-10_08-09-16/avx2/python3.9/pytorch/aten/src/ATen/native/cuda/Loss.cu:104: operator(): block: [2,0,0], thread: [58,0,0] Assertion `input_val >= zero && input_val <= one` failed.
/tmp/coulombc/pytorch_build_2021-11-10_08-09-16/avx2/python3.9/pytorch/aten/src/ATen/native/cuda/Loss.cu:104: operator(): block: [2,0,0], thread: [59,0,0] Assertion `input_val >= zero && input_val <= one` failed.
/tmp/coulombc/pytorch_build_2021-11-10_08-09-16/avx2/python3.9/pytorch/aten/src/ATen/native/cuda/Loss.cu:104: operator(): block: [2,0,0], thread: [60,0,0] Assertion `input_val >= zero && input_val <= one` failed.
/tmp/coulombc/pytorch_build_2021-11-10_08-09-16/avx2/python3.9/pytorch/aten/src/ATen/native/cuda/Loss.cu:104: operator(): block: [2,0,0], thread: [61,0,0] Assertion `input_val >= zero && input_val <= one` failed.
/tmp/coulombc/pytorch_build_2021-11-10_08-09-16/avx2/python3.9/pytorch/aten/src/ATen/native/cuda/Loss.cu:104: operator(): block: [2,0,0], thread: [62,0,0] Assertion `input_val >= zero && input_val <= one` failed.
/tmp/coulombc/pytorch_build_2021-11-10_08-09-16/avx2/python3.9/pytorch/aten/src/ATen/native/cuda/Loss.cu:104: operator(): block: [2,0,0], thread: [63,0,0] Assertion `input_val >= zero && input_val <= one` failed.
/tmp/coulombc/pytorch_build_2021-11-10_08-09-16/avx2/python3.9/pytorch/aten/src/ATen/native/cuda/Loss.cu:104: operator(): block: [55,0,0], thread: [0,0,0] Assertion `input_val >= zero && input_val <= one` failed.
/tmp/coulombc/pytorch_build_2021-11-10_08-09-16/avx2/python3.9/pytorch/aten/src/ATen/native/cuda/Loss.cu:104: operator(): block: [55,0,0], thread: [1,0,0] Assertion `input_val >= zero && input_val <= one` failed.
/tmp/coulombc/pytorch_build_2021-11-10_08-09-16/avx2/python3.9/pytorch/aten/src/ATen/native/cuda/Loss.cu:104: operator(): block: [55,0,0], thread: [2,0,0] Assertion `input_val >= zero && input_val <= one` failed.
/tmp/coulombc/pytorch_build_2021-11-10_08-09-16/avx2/python3.9/pytorch/aten/src/ATen/native/cuda/Loss.cu:104: operator(): block: [55,0,0], thread: [3,0,0] Assertion `input_val >= zero && input_val <= one` failed.
/tmp/coulombc/pytorch_build_2021-11-10_08-09-16/avx2/python3.9/pytorch/aten/src/ATen/native/cuda/Loss.cu:104: operator(): block: [55,0,0], thread: [4,0,0] Assertion `input_val >= zero && input_val <= one` failed.
/tmp/coulombc/pytorch_build_2021-11-10_08-09-16/avx2/python3.9/pytorch/aten/src/ATen/native/cuda/Loss.cu:104: operator(): block: [55,0,0], thread: [5,0,0] Assertion `input_val >= zero && input_val <= one` failed.
/tmp/coulombc/pytorch_build_2021-11-10_08-09-16/avx2/python3.9/pytorch/aten/src/ATen/native/cuda/Loss.cu:104: operator(): block: [55,0,0], thread: [6,0,0] Assertion `input_val >= zero && input_val <= one` failed.
/tmp/coulombc/pytorch_build_2021-11-10_08-09-16/avx2/python3.9/pytorch/aten/src/ATen/native/cuda/Loss.cu:104: operator(): block: [55,0,0], thread: [7,0,0] Assertion `input_val >= zero && input_val <= one` failed.
/tmp/coulombc/pytorch_build_2021-11-10_08-09-16/avx2/python3.9/pytorch/aten/src/ATen/native/cuda/Loss.cu:104: operator(): block: [55,0,0], thread: [8,0,0] Assertion `input_val >= zero && input_val <= one` failed.
/tmp/coulombc/pytorch_build_2021-11-10_08-09-16/avx2/python3.9/pytorch/aten/src/ATen/native/cuda/Loss.cu:104: operator(): block: [55,0,0], thread: [9,0,0] Assertion `input_val >= zero && input_val <= one` failed.
/tmp/coulombc/pytorch_build_2021-11-10_08-09-16/avx2/python3.9/pytorch/aten/src/ATen/native/cuda/Loss.cu:104: operator(): block: [55,0,0], thread: [10,0,0] Assertion `input_val >= zero && input_val <= one` failed.
/tmp/coulombc/pytorch_build_2021-11-10_08-09-16/avx2/python3.9/pytorch/aten/src/ATen/native/cuda/Loss.cu:104: operator(): block: [55,0,0], thread: [11,0,0] Assertion `input_val >= zero && input_val <= one` failed.
/tmp/coulombc/pytorch_build_2021-11-10_08-09-16/avx2/python3.9/pytorch/aten/src/ATen/native/cuda/Loss.cu:104: operator(): block: [55,0,0], thread: [12,0,0] Assertion `input_val >= zero && input_val <= one` failed.
/tmp/coulombc/pytorch_build_2021-11-10_08-09-16/avx2/python3.9/pytorch/aten/src/ATen/native/cuda/Loss.cu:104: operator(): block: [55,0,0], thread: [13,0,0] Assertion `input_val >= zero && input_val <= one` failed.
/tmp/coulombc/pytorch_build_2021-11-10_08-09-16/avx2/python3.9/pytorch/aten/src/ATen/native/cuda/Loss.cu:104: operator(): block: [55,0,0], thread: [14,0,0] Assertion `input_val >= zero && input_val <= one` failed.
/tmp/coulombc/pytorch_build_2021-11-10_08-09-16/avx2/python3.9/pytorch/aten/src/ATen/native/cuda/Loss.cu:104: operator(): block: [55,0,0], thread: [15,0,0] Assertion `input_val >= zero && input_val <= one` failed.
/tmp/coulombc/pytorch_build_2021-11-10_08-09-16/avx2/python3.9/pytorch/aten/src/ATen/native/cuda/Loss.cu:104: operator(): block: [55,0,0], thread: [16,0,0] Assertion `input_val >= zero && input_val <= one` failed.
/tmp/coulombc/pytorch_build_2021-11-10_08-09-16/avx2/python3.9/pytorch/aten/src/ATen/native/cuda/Loss.cu:104: operator(): block: [55,0,0], thread: [17,0,0] Assertion `input_val >= zero && input_val <= one` failed.
/tmp/coulombc/pytorch_build_2021-11-10_08-09-16/avx2/python3.9/pytorch/aten/src/ATen/native/cuda/Loss.cu:104: operator(): block: [55,0,0], thread: [18,0,0] Assertion `input_val >= zero && input_val <= one` failed.
/tmp/coulombc/pytorch_build_2021-11-10_08-09-16/avx2/python3.9/pytorch/aten/src/ATen/native/cuda/Loss.cu:104: operator(): block: [55,0,0], thread: [19,0,0] Assertion `input_val >= zero && input_val <= one` failed.
/tmp/coulombc/pytorch_build_2021-11-10_08-09-16/avx2/python3.9/pytorch/aten/src/ATen/native/cuda/Loss.cu:104: operator(): block: [55,0,0], thread: [20,0,0] Assertion `input_val >= zero && input_val <= one` failed.
/tmp/coulombc/pytorch_build_2021-11-10_08-09-16/avx2/python3.9/pytorch/aten/src/ATen/native/cuda/Loss.cu:104: operator(): block: [55,0,0], thread: [21,0,0] Assertion `input_val >= zero && input_val <= one` failed.
/tmp/coulombc/pytorch_build_2021-11-10_08-09-16/avx2/python3.9/pytorch/aten/src/ATen/native/cuda/Loss.cu:104: operator(): block: [55,0,0], thread: [22,0,0] Assertion `input_val >= zero && input_val <= one` failed.
/tmp/coulombc/pytorch_build_2021-11-10_08-09-16/avx2/python3.9/pytorch/aten/src/ATen/native/cuda/Loss.cu:104: operator(): block: [55,0,0], thread: [23,0,0] Assertion `input_val >= zero && input_val <= one` failed.
/tmp/coulombc/pytorch_build_2021-11-10_08-09-16/avx2/python3.9/pytorch/aten/src/ATen/native/cuda/Loss.cu:104: operator(): block: [55,0,0], thread: [24,0,0] Assertion `input_val >= zero && input_val <= one` failed.
/tmp/coulombc/pytorch_build_2021-11-10_08-09-16/avx2/python3.9/pytorch/aten/src/ATen/native/cuda/Loss.cu:104: operator(): block: [55,0,0], thread: [25,0,0] Assertion `input_val >= zero && input_val <= one` failed.
/tmp/coulombc/pytorch_build_2021-11-10_08-09-16/avx2/python3.9/pytorch/aten/src/ATen/native/cuda/Loss.cu:104: operator(): block: [55,0,0], thread: [26,0,0] Assertion `input_val >= zero && input_val <= one` failed.
/tmp/coulombc/pytorch_build_2021-11-10_08-09-16/avx2/python3.9/pytorch/aten/src/ATen/native/cuda/Loss.cu:104: operator(): block: [55,0,0], thread: [27,0,0] Assertion `input_val >= zero && input_val <= one` failed.
/tmp/coulombc/pytorch_build_2021-11-10_08-09-16/avx2/python3.9/pytorch/aten/src/ATen/native/cuda/Loss.cu:104: operator(): block: [55,0,0], thread: [28,0,0] Assertion `input_val >= zero && input_val <= one` failed.
/tmp/coulombc/pytorch_build_2021-11-10_08-09-16/avx2/python3.9/pytorch/aten/src/ATen/native/cuda/Loss.cu:104: operator(): block: [55,0,0], thread: [29,0,0] Assertion `input_val >= zero && input_val <= one` failed.
/tmp/coulombc/pytorch_build_2021-11-10_08-09-16/avx2/python3.9/pytorch/aten/src/ATen/native/cuda/Loss.cu:104: operator(): block: [55,0,0], thread: [30,0,0] Assertion `input_val >= zero && input_val <= one` failed.
/tmp/coulombc/pytorch_build_2021-11-10_08-09-16/avx2/python3.9/pytorch/aten/src/ATen/native/cuda/Loss.cu:104: operator(): block: [55,0,0], thread: [31,0,0] Assertion `input_val >= zero && input_val <= one` failed.
/tmp/coulombc/pytorch_build_2021-11-10_08-09-16/avx2/python3.9/pytorch/aten/src/ATen/native/cuda/Loss.cu:104: operator(): block: [55,0,0], thread: [32,0,0] Assertion `input_val >= zero && input_val <= one` failed.
/tmp/coulombc/pytorch_build_2021-11-10_08-09-16/avx2/python3.9/pytorch/aten/src/ATen/native/cuda/Loss.cu:104: operator(): block: [55,0,0], thread: [33,0,0] Assertion `input_val >= zero && input_val <= one` failed.
/tmp/coulombc/pytorch_build_2021-11-10_08-09-16/avx2/python3.9/pytorch/aten/src/ATen/native/cuda/Loss.cu:104: operator(): block: [55,0,0], thread: [34,0,0] Assertion `input_val >= zero && input_val <= one` failed.
/tmp/coulombc/pytorch_build_2021-11-10_08-09-16/avx2/python3.9/pytorch/aten/src/ATen/native/cuda/Loss.cu:104: operator(): block: [55,0,0], thread: [35,0,0] Assertion `input_val >= zero && input_val <= one` failed.
/tmp/coulombc/pytorch_build_2021-11-10_08-09-16/avx2/python3.9/pytorch/aten/src/ATen/native/cuda/Loss.cu:104: operator(): block: [55,0,0], thread: [36,0,0] Assertion `input_val >= zero && input_val <= one` failed.
/tmp/coulombc/pytorch_build_2021-11-10_08-09-16/avx2/python3.9/pytorch/aten/src/ATen/native/cuda/Loss.cu:104: operator(): block: [55,0,0], thread: [37,0,0] Assertion `input_val >= zero && input_val <= one` failed.
/tmp/coulombc/pytorch_build_2021-11-10_08-09-16/avx2/python3.9/pytorch/aten/src/ATen/native/cuda/Loss.cu:104: operator(): block: [55,0,0], thread: [38,0,0] Assertion `input_val >= zero && input_val <= one` failed.
/tmp/coulombc/pytorch_build_2021-11-10_08-09-16/avx2/python3.9/pytorch/aten/src/ATen/native/cuda/Loss.cu:104: operator(): block: [55,0,0], thread: [39,0,0] Assertion `input_val >= zero && input_val <= one` failed.
/tmp/coulombc/pytorch_build_2021-11-10_08-09-16/avx2/python3.9/pytorch/aten/src/ATen/native/cuda/Loss.cu:104: operator(): block: [55,0,0], thread: [40,0,0] Assertion `input_val >= zero && input_val <= one` failed.
/tmp/coulombc/pytorch_build_2021-11-10_08-09-16/avx2/python3.9/pytorch/aten/src/ATen/native/cuda/Loss.cu:104: operator(): block: [55,0,0], thread: [41,0,0] Assertion `input_val >= zero && input_val <= one` failed.
/tmp/coulombc/pytorch_build_2021-11-10_08-09-16/avx2/python3.9/pytorch/aten/src/ATen/native/cuda/Loss.cu:104: operator(): block: [55,0,0], thread: [42,0,0] Assertion `input_val >= zero && input_val <= one` failed.
/tmp/coulombc/pytorch_build_2021-11-10_08-09-16/avx2/python3.9/pytorch/aten/src/ATen/native/cuda/Loss.cu:104: operator(): block: [55,0,0], thread: [43,0,0] Assertion `input_val >= zero && input_val <= one` failed.
/tmp/coulombc/pytorch_build_2021-11-10_08-09-16/avx2/python3.9/pytorch/aten/src/ATen/native/cuda/Loss.cu:104: operator(): block: [55,0,0], thread: [44,0,0] Assertion `input_val >= zero && input_val <= one` failed.
/tmp/coulombc/pytorch_build_2021-11-10_08-09-16/avx2/python3.9/pytorch/aten/src/ATen/native/cuda/Loss.cu:104: operator(): block: [55,0,0], thread: [45,0,0] Assertion `input_val >= zero && input_val <= one` failed.
/tmp/coulombc/pytorch_build_2021-11-10_08-09-16/avx2/python3.9/pytorch/aten/src/ATen/native/cuda/Loss.cu:104: operator(): block: [55,0,0], thread: [46,0,0] Assertion `input_val >= zero && input_val <= one` failed.
/tmp/coulombc/pytorch_build_2021-11-10_08-09-16/avx2/python3.9/pytorch/aten/src/ATen/native/cuda/Loss.cu:104: operator(): block: [55,0,0], thread: [47,0,0] Assertion `input_val >= zero && input_val <= one` failed.
/tmp/coulombc/pytorch_build_2021-11-10_08-09-16/avx2/python3.9/pytorch/aten/src/ATen/native/cuda/Loss.cu:104: operator(): block: [55,0,0], thread: [48,0,0] Assertion `input_val >= zero && input_val <= one` failed.
/tmp/coulombc/pytorch_build_2021-11-10_08-09-16/avx2/python3.9/pytorch/aten/src/ATen/native/cuda/Loss.cu:104: operator(): block: [55,0,0], thread: [49,0,0] Assertion `input_val >= zero && input_val <= one` failed.
/tmp/coulombc/pytorch_build_2021-11-10_08-09-16/avx2/python3.9/pytorch/aten/src/ATen/native/cuda/Loss.cu:104: operator(): block: [55,0,0], thread: [50,0,0] Assertion `input_val >= zero && input_val <= one` failed.
/tmp/coulombc/pytorch_build_2021-11-10_08-09-16/avx2/python3.9/pytorch/aten/src/ATen/native/cuda/Loss.cu:104: operator(): block: [55,0,0], thread: [51,0,0] Assertion `input_val >= zero && input_val <= one` failed.
/tmp/coulombc/pytorch_build_2021-11-10_08-09-16/avx2/python3.9/pytorch/aten/src/ATen/native/cuda/Loss.cu:104: operator(): block: [55,0,0], thread: [52,0,0] Assertion `input_val >= zero && input_val <= one` failed.
/tmp/coulombc/pytorch_build_2021-11-10_08-09-16/avx2/python3.9/pytorch/aten/src/ATen/native/cuda/Loss.cu:104: operator(): block: [55,0,0], thread: [53,0,0] Assertion `input_val >= zero && input_val <= one` failed.
/tmp/coulombc/pytorch_build_2021-11-10_08-09-16/avx2/python3.9/pytorch/aten/src/ATen/native/cuda/Loss.cu:104: operator(): block: [55,0,0], thread: [54,0,0] Assertion `input_val >= zero && input_val <= one` failed.
/tmp/coulombc/pytorch_build_2021-11-10_08-09-16/avx2/python3.9/pytorch/aten/src/ATen/native/cuda/Loss.cu:104: operator(): block: [55,0,0], thread: [55,0,0] Assertion `input_val >= zero && input_val <= one` failed.
/tmp/coulombc/pytorch_build_2021-11-10_08-09-16/avx2/python3.9/pytorch/aten/src/ATen/native/cuda/Loss.cu:104: operator(): block: [55,0,0], thread: [56,0,0] Assertion `input_val >= zero && input_val <= one` failed.
/tmp/coulombc/pytorch_build_2021-11-10_08-09-16/avx2/python3.9/pytorch/aten/src/ATen/native/cuda/Loss.cu:104: operator(): block: [55,0,0], thread: [57,0,0] Assertion `input_val >= zero && input_val <= one` failed.
/tmp/coulombc/pytorch_build_2021-11-10_08-09-16/avx2/python3.9/pytorch/aten/src/ATen/native/cuda/Loss.cu:104: operator(): block: [55,0,0], thread: [58,0,0] Assertion `input_val >= zero && input_val <= one` failed.
/tmp/coulombc/pytorch_build_2021-11-10_08-09-16/avx2/python3.9/pytorch/aten/src/ATen/native/cuda/Loss.cu:104: operator(): block: [55,0,0], thread: [59,0,0] Assertion `input_val >= zero && input_val <= one` failed.
/tmp/coulombc/pytorch_build_2021-11-10_08-09-16/avx2/python3.9/pytorch/aten/src/ATen/native/cuda/Loss.cu:104: operator(): block: [55,0,0], thread: [60,0,0] Assertion `input_val >= zero && input_val <= one` failed.
/tmp/coulombc/pytorch_build_2021-11-10_08-09-16/avx2/python3.9/pytorch/aten/src/ATen/native/cuda/Loss.cu:104: operator(): block: [55,0,0], thread: [61,0,0] Assertion `input_val >= zero && input_val <= one` failed.
/tmp/coulombc/pytorch_build_2021-11-10_08-09-16/avx2/python3.9/pytorch/aten/src/ATen/native/cuda/Loss.cu:104: operator(): block: [55,0,0], thread: [62,0,0] Assertion `input_val >= zero && input_val <= one` failed.
/tmp/coulombc/pytorch_build_2021-11-10_08-09-16/avx2/python3.9/pytorch/aten/src/ATen/native/cuda/Loss.cu:104: operator(): block: [55,0,0], thread: [63,0,0] Assertion `input_val >= zero && input_val <= one` failed.
/tmp/coulombc/pytorch_build_2021-11-10_08-09-16/avx2/python3.9/pytorch/aten/src/ATen/native/cuda/Loss.cu:104: operator(): block: [2,0,0], thread: [0,0,0] Assertion `input_val >= zero && input_val <= one` failed.
/tmp/coulombc/pytorch_build_2021-11-10_08-09-16/avx2/python3.9/pytorch/aten/src/ATen/native/cuda/Loss.cu:104: operator(): block: [2,0,0], thread: [1,0,0] Assertion `input_val >= zero && input_val <= one` failed.
/tmp/coulombc/pytorch_build_2021-11-10_08-09-16/avx2/python3.9/pytorch/aten/src/ATen/native/cuda/Loss.cu:104: operator(): block: [2,0,0], thread: [2,0,0] Assertion `input_val >= zero && input_val <= one` failed.
/tmp/coulombc/pytorch_build_2021-11-10_08-09-16/avx2/python3.9/pytorch/aten/src/ATen/native/cuda/Loss.cu:104: operator(): block: [2,0,0], thread: [3,0,0] Assertion `input_val >= zero && input_val <= one` failed.
/tmp/coulombc/pytorch_build_2021-11-10_08-09-16/avx2/python3.9/pytorch/aten/src/ATen/native/cuda/Loss.cu:104: operator(): block: [2,0,0], thread: [4,0,0] Assertion `input_val >= zero && input_val <= one` failed.
/tmp/coulombc/pytorch_build_2021-11-10_08-09-16/avx2/python3.9/pytorch/aten/src/ATen/native/cuda/Loss.cu:104: operator(): block: [2,0,0], thread: [5,0,0] Assertion `input_val >= zero && input_val <= one` failed.
/tmp/coulombc/pytorch_build_2021-11-10_08-09-16/avx2/python3.9/pytorch/aten/src/ATen/native/cuda/Loss.cu:104: operator(): block: [2,0,0], thread: [6,0,0] Assertion `input_val >= zero && input_val <= one` failed.
/tmp/coulombc/pytorch_build_2021-11-10_08-09-16/avx2/python3.9/pytorch/aten/src/ATen/native/cuda/Loss.cu:104: operator(): block: [2,0,0], thread: [7,0,0] Assertion `input_val >= zero && input_val <= one` failed.
/tmp/coulombc/pytorch_build_2021-11-10_08-09-16/avx2/python3.9/pytorch/aten/src/ATen/native/cuda/Loss.cu:104: operator(): block: [2,0,0], thread: [8,0,0] Assertion `input_val >= zero && input_val <= one` failed.
/tmp/coulombc/pytorch_build_2021-11-10_08-09-16/avx2/python3.9/pytorch/aten/src/ATen/native/cuda/Loss.cu:104: operator(): block: [2,0,0], thread: [9,0,0] Assertion `input_val >= zero && input_val <= one` failed.
/tmp/coulombc/pytorch_build_2021-11-10_08-09-16/avx2/python3.9/pytorch/aten/src/ATen/native/cuda/Loss.cu:104: operator(): block: [2,0,0], thread: [10,0,0] Assertion `input_val >= zero && input_val <= one` failed.
/tmp/coulombc/pytorch_build_2021-11-10_08-09-16/avx2/python3.9/pytorch/aten/src/ATen/native/cuda/Loss.cu:104: operator(): block: [2,0,0], thread: [11,0,0] Assertion `input_val >= zero && input_val <= one` failed.
/tmp/coulombc/pytorch_build_2021-11-10_08-09-16/avx2/python3.9/pytorch/aten/src/ATen/native/cuda/Loss.cu:104: operator(): block: [2,0,0], thread: [12,0,0] Assertion `input_val >= zero && input_val <= one` failed.
/tmp/coulombc/pytorch_build_2021-11-10_08-09-16/avx2/python3.9/pytorch/aten/src/ATen/native/cuda/Loss.cu:104: operator(): block: [2,0,0], thread: [13,0,0] Assertion `input_val >= zero && input_val <= one` failed.
/tmp/coulombc/pytorch_build_2021-11-10_08-09-16/avx2/python3.9/pytorch/aten/src/ATen/native/cuda/Loss.cu:104: operator(): block: [2,0,0], thread: [14,0,0] Assertion `input_val >= zero && input_val <= one` failed.
/tmp/coulombc/pytorch_build_2021-11-10_08-09-16/avx2/python3.9/pytorch/aten/src/ATen/native/cuda/Loss.cu:104: operator(): block: [2,0,0], thread: [15,0,0] Assertion `input_val >= zero && input_val <= one` failed.
/tmp/coulombc/pytorch_build_2021-11-10_08-09-16/avx2/python3.9/pytorch/aten/src/ATen/native/cuda/Loss.cu:104: operator(): block: [2,0,0], thread: [16,0,0] Assertion `input_val >= zero && input_val <= one` failed.
/tmp/coulombc/pytorch_build_2021-11-10_08-09-16/avx2/python3.9/pytorch/aten/src/ATen/native/cuda/Loss.cu:104: operator(): block: [2,0,0], thread: [17,0,0] Assertion `input_val >= zero && input_val <= one` failed.
/tmp/coulombc/pytorch_build_2021-11-10_08-09-16/avx2/python3.9/pytorch/aten/src/ATen/native/cuda/Loss.cu:104: operator(): block: [2,0,0], thread: [18,0,0] Assertion `input_val >= zero && input_val <= one` failed.
/tmp/coulombc/pytorch_build_2021-11-10_08-09-16/avx2/python3.9/pytorch/aten/src/ATen/native/cuda/Loss.cu:104: operator(): block: [2,0,0], thread: [19,0,0] Assertion `input_val >= zero && input_val <= one` failed.
/tmp/coulombc/pytorch_build_2021-11-10_08-09-16/avx2/python3.9/pytorch/aten/src/ATen/native/cuda/Loss.cu:104: operator(): block: [2,0,0], thread: [20,0,0] Assertion `input_val >= zero && input_val <= one` failed.
/tmp/coulombc/pytorch_build_2021-11-10_08-09-16/avx2/python3.9/pytorch/aten/src/ATen/native/cuda/Loss.cu:104: operator(): block: [2,0,0], thread: [21,0,0] Assertion `input_val >= zero && input_val <= one` failed.
/tmp/coulombc/pytorch_build_2021-11-10_08-09-16/avx2/python3.9/pytorch/aten/src/ATen/native/cuda/Loss.cu:104: operator(): block: [2,0,0], thread: [22,0,0] Assertion `input_val >= zero && input_val <= one` failed.
/tmp/coulombc/pytorch_build_2021-11-10_08-09-16/avx2/python3.9/pytorch/aten/src/ATen/native/cuda/Loss.cu:104: operator(): block: [2,0,0], thread: [23,0,0] Assertion `input_val >= zero && input_val <= one` failed.
/tmp/coulombc/pytorch_build_2021-11-10_08-09-16/avx2/python3.9/pytorch/aten/src/ATen/native/cuda/Loss.cu:104: operator(): block: [2,0,0], thread: [24,0,0] Assertion `input_val >= zero && input_val <= one` failed.
/tmp/coulombc/pytorch_build_2021-11-10_08-09-16/avx2/python3.9/pytorch/aten/src/ATen/native/cuda/Loss.cu:104: operator(): block: [2,0,0], thread: [25,0,0] Assertion `input_val >= zero && input_val <= one` failed.
/tmp/coulombc/pytorch_build_2021-11-10_08-09-16/avx2/python3.9/pytorch/aten/src/ATen/native/cuda/Loss.cu:104: operator(): block: [2,0,0], thread: [26,0,0] Assertion `input_val >= zero && input_val <= one` failed.
/tmp/coulombc/pytorch_build_2021-11-10_08-09-16/avx2/python3.9/pytorch/aten/src/ATen/native/cuda/Loss.cu:104: operator(): block: [2,0,0], thread: [27,0,0] Assertion `input_val >= zero && input_val <= one` failed.
/tmp/coulombc/pytorch_build_2021-11-10_08-09-16/avx2/python3.9/pytorch/aten/src/ATen/native/cuda/Loss.cu:104: operator(): block: [2,0,0], thread: [28,0,0] Assertion `input_val >= zero && input_val <= one` failed.
/tmp/coulombc/pytorch_build_2021-11-10_08-09-16/avx2/python3.9/pytorch/aten/src/ATen/native/cuda/Loss.cu:104: operator(): block: [2,0,0], thread: [29,0,0] Assertion `input_val >= zero && input_val <= one` failed.
/tmp/coulombc/pytorch_build_2021-11-10_08-09-16/avx2/python3.9/pytorch/aten/src/ATen/native/cuda/Loss.cu:104: operator(): block: [2,0,0], thread: [30,0,0] Assertion `input_val >= zero && input_val <= one` failed.
/tmp/coulombc/pytorch_build_2021-11-10_08-09-16/avx2/python3.9/pytorch/aten/src/ATen/native/cuda/Loss.cu:104: operator(): block: [2,0,0], thread: [31,0,0] Assertion `input_val >= zero && input_val <= one` failed.
/tmp/coulombc/pytorch_build_2021-11-10_08-09-16/avx2/python3.9/pytorch/aten/src/ATen/native/cuda/Loss.cu:104: operator(): block: [18,0,0], thread: [0,0,0] Assertion `input_val >= zero && input_val <= one` failed.
/tmp/coulombc/pytorch_build_2021-11-10_08-09-16/avx2/python3.9/pytorch/aten/src/ATen/native/cuda/Loss.cu:104: operator(): block: [18,0,0], thread: [1,0,0] Assertion `input_val >= zero && input_val <= one` failed.
/tmp/coulombc/pytorch_build_2021-11-10_08-09-16/avx2/python3.9/pytorch/aten/src/ATen/native/cuda/Loss.cu:104: operator(): block: [18,0,0], thread: [2,0,0] Assertion `input_val >= zero && input_val <= one` failed.
/tmp/coulombc/pytorch_build_2021-11-10_08-09-16/avx2/python3.9/pytorch/aten/src/ATen/native/cuda/Loss.cu:104: operator(): block: [18,0,0], thread: [3,0,0] Assertion `input_val >= zero && input_val <= one` failed.
/tmp/coulombc/pytorch_build_2021-11-10_08-09-16/avx2/python3.9/pytorch/aten/src/ATen/native/cuda/Loss.cu:104: operator(): block: [18,0,0], thread: [4,0,0] Assertion `input_val >= zero && input_val <= one` failed.
/tmp/coulombc/pytorch_build_2021-11-10_08-09-16/avx2/python3.9/pytorch/aten/src/ATen/native/cuda/Loss.cu:104: operator(): block: [18,0,0], thread: [5,0,0] Assertion `input_val >= zero && input_val <= one` failed.
/tmp/coulombc/pytorch_build_2021-11-10_08-09-16/avx2/python3.9/pytorch/aten/src/ATen/native/cuda/Loss.cu:104: operator(): block: [18,0,0], thread: [6,0,0] Assertion `input_val >= zero && input_val <= one` failed.
/tmp/coulombc/pytorch_build_2021-11-10_08-09-16/avx2/python3.9/pytorch/aten/src/ATen/native/cuda/Loss.cu:104: operator(): block: [18,0,0], thread: [7,0,0] Assertion `input_val >= zero && input_val <= one` failed.
/tmp/coulombc/pytorch_build_2021-11-10_08-09-16/avx2/python3.9/pytorch/aten/src/ATen/native/cuda/Loss.cu:104: operator(): block: [18,0,0], thread: [8,0,0] Assertion `input_val >= zero && input_val <= one` failed.
/tmp/coulombc/pytorch_build_2021-11-10_08-09-16/avx2/python3.9/pytorch/aten/src/ATen/native/cuda/Loss.cu:104: operator(): block: [18,0,0], thread: [9,0,0] Assertion `input_val >= zero && input_val <= one` failed.
/tmp/coulombc/pytorch_build_2021-11-10_08-09-16/avx2/python3.9/pytorch/aten/src/ATen/native/cuda/Loss.cu:104: operator(): block: [18,0,0], thread: [10,0,0] Assertion `input_val >= zero && input_val <= one` failed.
/tmp/coulombc/pytorch_build_2021-11-10_08-09-16/avx2/python3.9/pytorch/aten/src/ATen/native/cuda/Loss.cu:104: operator(): block: [18,0,0], thread: [11,0,0] Assertion `input_val >= zero && input_val <= one` failed.
/tmp/coulombc/pytorch_build_2021-11-10_08-09-16/avx2/python3.9/pytorch/aten/src/ATen/native/cuda/Loss.cu:104: operator(): block: [18,0,0], thread: [12,0,0] Assertion `input_val >= zero && input_val <= one` failed.
/tmp/coulombc/pytorch_build_2021-11-10_08-09-16/avx2/python3.9/pytorch/aten/src/ATen/native/cuda/Loss.cu:104: operator(): block: [18,0,0], thread: [13,0,0] Assertion `input_val >= zero && input_val <= one` failed.
/tmp/coulombc/pytorch_build_2021-11-10_08-09-16/avx2/python3.9/pytorch/aten/src/ATen/native/cuda/Loss.cu:104: operator(): block: [18,0,0], thread: [14,0,0] Assertion `input_val >= zero && input_val <= one` failed.
/tmp/coulombc/pytorch_build_2021-11-10_08-09-16/avx2/python3.9/pytorch/aten/src/ATen/native/cuda/Loss.cu:104: operator(): block: [18,0,0], thread: [15,0,0] Assertion `input_val >= zero && input_val <= one` failed.
/tmp/coulombc/pytorch_build_2021-11-10_08-09-16/avx2/python3.9/pytorch/aten/src/ATen/native/cuda/Loss.cu:104: operator(): block: [18,0,0], thread: [16,0,0] Assertion `input_val >= zero && input_val <= one` failed.
/tmp/coulombc/pytorch_build_2021-11-10_08-09-16/avx2/python3.9/pytorch/aten/src/ATen/native/cuda/Loss.cu:104: operator(): block: [18,0,0], thread: [17,0,0] Assertion `input_val >= zero && input_val <= one` failed.
/tmp/coulombc/pytorch_build_2021-11-10_08-09-16/avx2/python3.9/pytorch/aten/src/ATen/native/cuda/Loss.cu:104: operator(): block: [18,0,0], thread: [18,0,0] Assertion `input_val >= zero && input_val <= one` failed.
/tmp/coulombc/pytorch_build_2021-11-10_08-09-16/avx2/python3.9/pytorch/aten/src/ATen/native/cuda/Loss.cu:104: operator(): block: [18,0,0], thread: [19,0,0] Assertion `input_val >= zero && input_val <= one` failed.
/tmp/coulombc/pytorch_build_2021-11-10_08-09-16/avx2/python3.9/pytorch/aten/src/ATen/native/cuda/Loss.cu:104: operator(): block: [18,0,0], thread: [20,0,0] Assertion `input_val >= zero && input_val <= one` failed.
/tmp/coulombc/pytorch_build_2021-11-10_08-09-16/avx2/python3.9/pytorch/aten/src/ATen/native/cuda/Loss.cu:104: operator(): block: [18,0,0], thread: [21,0,0] Assertion `input_val >= zero && input_val <= one` failed.
/tmp/coulombc/pytorch_build_2021-11-10_08-09-16/avx2/python3.9/pytorch/aten/src/ATen/native/cuda/Loss.cu:104: operator(): block: [18,0,0], thread: [22,0,0] Assertion `input_val >= zero && input_val <= one` failed.
/tmp/coulombc/pytorch_build_2021-11-10_08-09-16/avx2/python3.9/pytorch/aten/src/ATen/native/cuda/Loss.cu:104: operator(): block: [18,0,0], thread: [23,0,0] Assertion `input_val >= zero && input_val <= one` failed.
/tmp/coulombc/pytorch_build_2021-11-10_08-09-16/avx2/python3.9/pytorch/aten/src/ATen/native/cuda/Loss.cu:104: operator(): block: [18,0,0], thread: [24,0,0] Assertion `input_val >= zero && input_val <= one` failed.
/tmp/coulombc/pytorch_build_2021-11-10_08-09-16/avx2/python3.9/pytorch/aten/src/ATen/native/cuda/Loss.cu:104: operator(): block: [18,0,0], thread: [25,0,0] Assertion `input_val >= zero && input_val <= one` failed.
/tmp/coulombc/pytorch_build_2021-11-10_08-09-16/avx2/python3.9/pytorch/aten/src/ATen/native/cuda/Loss.cu:104: operator(): block: [18,0,0], thread: [26,0,0] Assertion `input_val >= zero && input_val <= one` failed.
/tmp/coulombc/pytorch_build_2021-11-10_08-09-16/avx2/python3.9/pytorch/aten/src/ATen/native/cuda/Loss.cu:104: operator(): block: [18,0,0], thread: [27,0,0] Assertion `input_val >= zero && input_val <= one` failed.
/tmp/coulombc/pytorch_build_2021-11-10_08-09-16/avx2/python3.9/pytorch/aten/src/ATen/native/cuda/Loss.cu:104: operator(): block: [18,0,0], thread: [28,0,0] Assertion `input_val >= zero && input_val <= one` failed.
/tmp/coulombc/pytorch_build_2021-11-10_08-09-16/avx2/python3.9/pytorch/aten/src/ATen/native/cuda/Loss.cu:104: operator(): block: [18,0,0], thread: [29,0,0] Assertion `input_val >= zero && input_val <= one` failed.
/tmp/coulombc/pytorch_build_2021-11-10_08-09-16/avx2/python3.9/pytorch/aten/src/ATen/native/cuda/Loss.cu:104: operator(): block: [18,0,0], thread: [30,0,0] Assertion `input_val >= zero && input_val <= one` failed.
/tmp/coulombc/pytorch_build_2021-11-10_08-09-16/avx2/python3.9/pytorch/aten/src/ATen/native/cuda/Loss.cu:104: operator(): block: [18,0,0], thread: [31,0,0] Assertion `input_val >= zero && input_val <= one` failed.
/tmp/coulombc/pytorch_build_2021-11-10_08-09-16/avx2/python3.9/pytorch/aten/src/ATen/native/cuda/Loss.cu:104: operator(): block: [5,0,0], thread: [0,0,0] Assertion `input_val >= zero && input_val <= one` failed.
/tmp/coulombc/pytorch_build_2021-11-10_08-09-16/avx2/python3.9/pytorch/aten/src/ATen/native/cuda/Loss.cu:104: operator(): block: [5,0,0], thread: [1,0,0] Assertion `input_val >= zero && input_val <= one` failed.
/tmp/coulombc/pytorch_build_2021-11-10_08-09-16/avx2/python3.9/pytorch/aten/src/ATen/native/cuda/Loss.cu:104: operator(): block: [5,0,0], thread: [2,0,0] Assertion `input_val >= zero && input_val <= one` failed.
/tmp/coulombc/pytorch_build_2021-11-10_08-09-16/avx2/python3.9/pytorch/aten/src/ATen/native/cuda/Loss.cu:104: operator(): block: [5,0,0], thread: [3,0,0] Assertion `input_val >= zero && input_val <= one` failed.
/tmp/coulombc/pytorch_build_2021-11-10_08-09-16/avx2/python3.9/pytorch/aten/src/ATen/native/cuda/Loss.cu:104: operator(): block: [5,0,0], thread: [4,0,0] Assertion `input_val >= zero && input_val <= one` failed.
/tmp/coulombc/pytorch_build_2021-11-10_08-09-16/avx2/python3.9/pytorch/aten/src/ATen/native/cuda/Loss.cu:104: operator(): block: [5,0,0], thread: [5,0,0] Assertion `input_val >= zero && input_val <= one` failed.
/tmp/coulombc/pytorch_build_2021-11-10_08-09-16/avx2/python3.9/pytorch/aten/src/ATen/native/cuda/Loss.cu:104: operator(): block: [5,0,0], thread: [6,0,0] Assertion `input_val >= zero && input_val <= one` failed.
/tmp/coulombc/pytorch_build_2021-11-10_08-09-16/avx2/python3.9/pytorch/aten/src/ATen/native/cuda/Loss.cu:104: operator(): block: [5,0,0], thread: [7,0,0] Assertion `input_val >= zero && input_val <= one` failed.
/tmp/coulombc/pytorch_build_2021-11-10_08-09-16/avx2/python3.9/pytorch/aten/src/ATen/native/cuda/Loss.cu:104: operator(): block: [5,0,0], thread: [8,0,0] Assertion `input_val >= zero && input_val <= one` failed.
/tmp/coulombc/pytorch_build_2021-11-10_08-09-16/avx2/python3.9/pytorch/aten/src/ATen/native/cuda/Loss.cu:104: operator(): block: [5,0,0], thread: [9,0,0] Assertion `input_val >= zero && input_val <= one` failed.
/tmp/coulombc/pytorch_build_2021-11-10_08-09-16/avx2/python3.9/pytorch/aten/src/ATen/native/cuda/Loss.cu:104: operator(): block: [5,0,0], thread: [10,0,0] Assertion `input_val >= zero && input_val <= one` failed.
/tmp/coulombc/pytorch_build_2021-11-10_08-09-16/avx2/python3.9/pytorch/aten/src/ATen/native/cuda/Loss.cu:104: operator(): block: [5,0,0], thread: [11,0,0] Assertion `input_val >= zero && input_val <= one` failed.
/tmp/coulombc/pytorch_build_2021-11-10_08-09-16/avx2/python3.9/pytorch/aten/src/ATen/native/cuda/Loss.cu:104: operator(): block: [5,0,0], thread: [12,0,0] Assertion `input_val >= zero && input_val <= one` failed.
/tmp/coulombc/pytorch_build_2021-11-10_08-09-16/avx2/python3.9/pytorch/aten/src/ATen/native/cuda/Loss.cu:104: operator(): block: [5,0,0], thread: [13,0,0] Assertion `input_val >= zero && input_val <= one` failed.
/tmp/coulombc/pytorch_build_2021-11-10_08-09-16/avx2/python3.9/pytorch/aten/src/ATen/native/cuda/Loss.cu:104: operator(): block: [5,0,0], thread: [14,0,0] Assertion `input_val >= zero && input_val <= one` failed.
/tmp/coulombc/pytorch_build_2021-11-10_08-09-16/avx2/python3.9/pytorch/aten/src/ATen/native/cuda/Loss.cu:104: operator(): block: [5,0,0], thread: [15,0,0] Assertion `input_val >= zero && input_val <= one` failed.
/tmp/coulombc/pytorch_build_2021-11-10_08-09-16/avx2/python3.9/pytorch/aten/src/ATen/native/cuda/Loss.cu:104: operator(): block: [5,0,0], thread: [16,0,0] Assertion `input_val >= zero && input_val <= one` failed.
/tmp/coulombc/pytorch_build_2021-11-10_08-09-16/avx2/python3.9/pytorch/aten/src/ATen/native/cuda/Loss.cu:104: operator(): block: [5,0,0], thread: [17,0,0] Assertion `input_val >= zero && input_val <= one` failed.
/tmp/coulombc/pytorch_build_2021-11-10_08-09-16/avx2/python3.9/pytorch/aten/src/ATen/native/cuda/Loss.cu:104: operator(): block: [5,0,0], thread: [18,0,0] Assertion `input_val >= zero && input_val <= one` failed.
/tmp/coulombc/pytorch_build_2021-11-10_08-09-16/avx2/python3.9/pytorch/aten/src/ATen/native/cuda/Loss.cu:104: operator(): block: [5,0,0], thread: [19,0,0] Assertion `input_val >= zero && input_val <= one` failed.
/tmp/coulombc/pytorch_build_2021-11-10_08-09-16/avx2/python3.9/pytorch/aten/src/ATen/native/cuda/Loss.cu:104: operator(): block: [5,0,0], thread: [20,0,0] Assertion `input_val >= zero && input_val <= one` failed.
/tmp/coulombc/pytorch_build_2021-11-10_08-09-16/avx2/python3.9/pytorch/aten/src/ATen/native/cuda/Loss.cu:104: operator(): block: [5,0,0], thread: [21,0,0] Assertion `input_val >= zero && input_val <= one` failed.
/tmp/coulombc/pytorch_build_2021-11-10_08-09-16/avx2/python3.9/pytorch/aten/src/ATen/native/cuda/Loss.cu:104: operator(): block: [5,0,0], thread: [22,0,0] Assertion `input_val >= zero && input_val <= one` failed.
/tmp/coulombc/pytorch_build_2021-11-10_08-09-16/avx2/python3.9/pytorch/aten/src/ATen/native/cuda/Loss.cu:104: operator(): block: [5,0,0], thread: [23,0,0] Assertion `input_val >= zero && input_val <= one` failed.
/tmp/coulombc/pytorch_build_2021-11-10_08-09-16/avx2/python3.9/pytorch/aten/src/ATen/native/cuda/Loss.cu:104: operator(): block: [5,0,0], thread: [24,0,0] Assertion `input_val >= zero && input_val <= one` failed.
/tmp/coulombc/pytorch_build_2021-11-10_08-09-16/avx2/python3.9/pytorch/aten/src/ATen/native/cuda/Loss.cu:104: operator(): block: [5,0,0], thread: [25,0,0] Assertion `input_val >= zero && input_val <= one` failed.
/tmp/coulombc/pytorch_build_2021-11-10_08-09-16/avx2/python3.9/pytorch/aten/src/ATen/native/cuda/Loss.cu:104: operator(): block: [5,0,0], thread: [26,0,0] Assertion `input_val >= zero && input_val <= one` failed.
/tmp/coulombc/pytorch_build_2021-11-10_08-09-16/avx2/python3.9/pytorch/aten/src/ATen/native/cuda/Loss.cu:104: operator(): block: [5,0,0], thread: [27,0,0] Assertion `input_val >= zero && input_val <= one` failed.
/tmp/coulombc/pytorch_build_2021-11-10_08-09-16/avx2/python3.9/pytorch/aten/src/ATen/native/cuda/Loss.cu:104: operator(): block: [5,0,0], thread: [28,0,0] Assertion `input_val >= zero && input_val <= one` failed.
/tmp/coulombc/pytorch_build_2021-11-10_08-09-16/avx2/python3.9/pytorch/aten/src/ATen/native/cuda/Loss.cu:104: operator(): block: [5,0,0], thread: [29,0,0] Assertion `input_val >= zero && input_val <= one` failed.
/tmp/coulombc/pytorch_build_2021-11-10_08-09-16/avx2/python3.9/pytorch/aten/src/ATen/native/cuda/Loss.cu:104: operator(): block: [5,0,0], thread: [30,0,0] Assertion `input_val >= zero && input_val <= one` failed.
/tmp/coulombc/pytorch_build_2021-11-10_08-09-16/avx2/python3.9/pytorch/aten/src/ATen/native/cuda/Loss.cu:104: operator(): block: [5,0,0], thread: [31,0,0] Assertion `input_val >= zero && input_val <= one` failed.
/tmp/coulombc/pytorch_build_2021-11-10_08-09-16/avx2/python3.9/pytorch/aten/src/ATen/native/cuda/Loss.cu:104: operator(): block: [5,0,0], thread: [32,0,0] Assertion `input_val >= zero && input_val <= one` failed.
/tmp/coulombc/pytorch_build_2021-11-10_08-09-16/avx2/python3.9/pytorch/aten/src/ATen/native/cuda/Loss.cu:104: operator(): block: [5,0,0], thread: [33,0,0] Assertion `input_val >= zero && input_val <= one` failed.
/tmp/coulombc/pytorch_build_2021-11-10_08-09-16/avx2/python3.9/pytorch/aten/src/ATen/native/cuda/Loss.cu:104: operator(): block: [5,0,0], thread: [34,0,0] Assertion `input_val >= zero && input_val <= one` failed.
/tmp/coulombc/pytorch_build_2021-11-10_08-09-16/avx2/python3.9/pytorch/aten/src/ATen/native/cuda/Loss.cu:104: operator(): block: [5,0,0], thread: [35,0,0] Assertion `input_val >= zero && input_val <= one` failed.
/tmp/coulombc/pytorch_build_2021-11-10_08-09-16/avx2/python3.9/pytorch/aten/src/ATen/native/cuda/Loss.cu:104: operator(): block: [5,0,0], thread: [36,0,0] Assertion `input_val >= zero && input_val <= one` failed.
/tmp/coulombc/pytorch_build_2021-11-10_08-09-16/avx2/python3.9/pytorch/aten/src/ATen/native/cuda/Loss.cu:104: operator(): block: [5,0,0], thread: [37,0,0] Assertion `input_val >= zero && input_val <= one` failed.
/tmp/coulombc/pytorch_build_2021-11-10_08-09-16/avx2/python3.9/pytorch/aten/src/ATen/native/cuda/Loss.cu:104: operator(): block: [5,0,0], thread: [38,0,0] Assertion `input_val >= zero && input_val <= one` failed.
/tmp/coulombc/pytorch_build_2021-11-10_08-09-16/avx2/python3.9/pytorch/aten/src/ATen/native/cuda/Loss.cu:104: operator(): block: [5,0,0], thread: [39,0,0] Assertion `input_val >= zero && input_val <= one` failed.
/tmp/coulombc/pytorch_build_2021-11-10_08-09-16/avx2/python3.9/pytorch/aten/src/ATen/native/cuda/Loss.cu:104: operator(): block: [5,0,0], thread: [40,0,0] Assertion `input_val >= zero && input_val <= one` failed.
/tmp/coulombc/pytorch_build_2021-11-10_08-09-16/avx2/python3.9/pytorch/aten/src/ATen/native/cuda/Loss.cu:104: operator(): block: [5,0,0], thread: [41,0,0] Assertion `input_val >= zero && input_val <= one` failed.
/tmp/coulombc/pytorch_build_2021-11-10_08-09-16/avx2/python3.9/pytorch/aten/src/ATen/native/cuda/Loss.cu:104: operator(): block: [5,0,0], thread: [42,0,0] Assertion `input_val >= zero && input_val <= one` failed.
/tmp/coulombc/pytorch_build_2021-11-10_08-09-16/avx2/python3.9/pytorch/aten/src/ATen/native/cuda/Loss.cu:104: operator(): block: [5,0,0], thread: [43,0,0] Assertion `input_val >= zero && input_val <= one` failed.
/tmp/coulombc/pytorch_build_2021-11-10_08-09-16/avx2/python3.9/pytorch/aten/src/ATen/native/cuda/Loss.cu:104: operator(): block: [5,0,0], thread: [44,0,0] Assertion `input_val >= zero && input_val <= one` failed.
/tmp/coulombc/pytorch_build_2021-11-10_08-09-16/avx2/python3.9/pytorch/aten/src/ATen/native/cuda/Loss.cu:104: operator(): block: [5,0,0], thread: [45,0,0] Assertion `input_val >= zero && input_val <= one` failed.
/tmp/coulombc/pytorch_build_2021-11-10_08-09-16/avx2/python3.9/pytorch/aten/src/ATen/native/cuda/Loss.cu:104: operator(): block: [5,0,0], thread: [46,0,0] Assertion `input_val >= zero && input_val <= one` failed.
/tmp/coulombc/pytorch_build_2021-11-10_08-09-16/avx2/python3.9/pytorch/aten/src/ATen/native/cuda/Loss.cu:104: operator(): block: [5,0,0], thread: [47,0,0] Assertion `input_val >= zero && input_val <= one` failed.
/tmp/coulombc/pytorch_build_2021-11-10_08-09-16/avx2/python3.9/pytorch/aten/src/ATen/native/cuda/Loss.cu:104: operator(): block: [5,0,0], thread: [48,0,0] Assertion `input_val >= zero && input_val <= one` failed.
/tmp/coulombc/pytorch_build_2021-11-10_08-09-16/avx2/python3.9/pytorch/aten/src/ATen/native/cuda/Loss.cu:104: operator(): block: [5,0,0], thread: [49,0,0] Assertion `input_val >= zero && input_val <= one` failed.
/tmp/coulombc/pytorch_build_2021-11-10_08-09-16/avx2/python3.9/pytorch/aten/src/ATen/native/cuda/Loss.cu:104: operator(): block: [5,0,0], thread: [50,0,0] Assertion `input_val >= zero && input_val <= one` failed.
/tmp/coulombc/pytorch_build_2021-11-10_08-09-16/avx2/python3.9/pytorch/aten/src/ATen/native/cuda/Loss.cu:104: operator(): block: [5,0,0], thread: [51,0,0] Assertion `input_val >= zero && input_val <= one` failed.
/tmp/coulombc/pytorch_build_2021-11-10_08-09-16/avx2/python3.9/pytorch/aten/src/ATen/native/cuda/Loss.cu:104: operator(): block: [5,0,0], thread: [52,0,0] Assertion `input_val >= zero && input_val <= one` failed.
/tmp/coulombc/pytorch_build_2021-11-10_08-09-16/avx2/python3.9/pytorch/aten/src/ATen/native/cuda/Loss.cu:104: operator(): block: [5,0,0], thread: [53,0,0] Assertion `input_val >= zero && input_val <= one` failed.
/tmp/coulombc/pytorch_build_2021-11-10_08-09-16/avx2/python3.9/pytorch/aten/src/ATen/native/cuda/Loss.cu:104: operator(): block: [5,0,0], thread: [54,0,0] Assertion `input_val >= zero && input_val <= one` failed.
/tmp/coulombc/pytorch_build_2021-11-10_08-09-16/avx2/python3.9/pytorch/aten/src/ATen/native/cuda/Loss.cu:104: operator(): block: [5,0,0], thread: [55,0,0] Assertion `input_val >= zero && input_val <= one` failed.
/tmp/coulombc/pytorch_build_2021-11-10_08-09-16/avx2/python3.9/pytorch/aten/src/ATen/native/cuda/Loss.cu:104: operator(): block: [5,0,0], thread: [56,0,0] Assertion `input_val >= zero && input_val <= one` failed.
/tmp/coulombc/pytorch_build_2021-11-10_08-09-16/avx2/python3.9/pytorch/aten/src/ATen/native/cuda/Loss.cu:104: operator(): block: [5,0,0], thread: [57,0,0] Assertion `input_val >= zero && input_val <= one` failed.
/tmp/coulombc/pytorch_build_2021-11-10_08-09-16/avx2/python3.9/pytorch/aten/src/ATen/native/cuda/Loss.cu:104: operator(): block: [5,0,0], thread: [58,0,0] Assertion `input_val >= zero && input_val <= one` failed.
/tmp/coulombc/pytorch_build_2021-11-10_08-09-16/avx2/python3.9/pytorch/aten/src/ATen/native/cuda/Loss.cu:104: operator(): block: [5,0,0], thread: [59,0,0] Assertion `input_val >= zero && input_val <= one` failed.
/tmp/coulombc/pytorch_build_2021-11-10_08-09-16/avx2/python3.9/pytorch/aten/src/ATen/native/cuda/Loss.cu:104: operator(): block: [5,0,0], thread: [60,0,0] Assertion `input_val >= zero && input_val <= one` failed.
/tmp/coulombc/pytorch_build_2021-11-10_08-09-16/avx2/python3.9/pytorch/aten/src/ATen/native/cuda/Loss.cu:104: operator(): block: [5,0,0], thread: [61,0,0] Assertion `input_val >= zero && input_val <= one` failed.
/tmp/coulombc/pytorch_build_2021-11-10_08-09-16/avx2/python3.9/pytorch/aten/src/ATen/native/cuda/Loss.cu:104: operator(): block: [5,0,0], thread: [62,0,0] Assertion `input_val >= zero && input_val <= one` failed.
/tmp/coulombc/pytorch_build_2021-11-10_08-09-16/avx2/python3.9/pytorch/aten/src/ATen/native/cuda/Loss.cu:104: operator(): block: [5,0,0], thread: [63,0,0] Assertion `input_val >= zero && input_val <= one` failed.
/tmp/coulombc/pytorch_build_2021-11-10_08-09-16/avx2/python3.9/pytorch/aten/src/ATen/native/cuda/Loss.cu:104: operator(): block: [50,0,0], thread: [32,0,0] Assertion `input_val >= zero && input_val <= one` failed.
/tmp/coulombc/pytorch_build_2021-11-10_08-09-16/avx2/python3.9/pytorch/aten/src/ATen/native/cuda/Loss.cu:104: operator(): block: [50,0,0], thread: [33,0,0] Assertion `input_val >= zero && input_val <= one` failed.
/tmp/coulombc/pytorch_build_2021-11-10_08-09-16/avx2/python3.9/pytorch/aten/src/ATen/native/cuda/Loss.cu:104: operator(): block: [50,0,0], thread: [34,0,0] Assertion `input_val >= zero && input_val <= one` failed.
/tmp/coulombc/pytorch_build_2021-11-10_08-09-16/avx2/python3.9/pytorch/aten/src/ATen/native/cuda/Loss.cu:104: operator(): block: [50,0,0], thread: [35,0,0] Assertion `input_val >= zero && input_val <= one` failed.
/tmp/coulombc/pytorch_build_2021-11-10_08-09-16/avx2/python3.9/pytorch/aten/src/ATen/native/cuda/Loss.cu:104: operator(): block: [50,0,0], thread: [36,0,0] Assertion `input_val >= zero && input_val <= one` failed.
/tmp/coulombc/pytorch_build_2021-11-10_08-09-16/avx2/python3.9/pytorch/aten/src/ATen/native/cuda/Loss.cu:104: operator(): block: [50,0,0], thread: [37,0,0] Assertion `input_val >= zero && input_val <= one` failed.
/tmp/coulombc/pytorch_build_2021-11-10_08-09-16/avx2/python3.9/pytorch/aten/src/ATen/native/cuda/Loss.cu:104: operator(): block: [50,0,0], thread: [38,0,0] Assertion `input_val >= zero && input_val <= one` failed.
/tmp/coulombc/pytorch_build_2021-11-10_08-09-16/avx2/python3.9/pytorch/aten/src/ATen/native/cuda/Loss.cu:104: operator(): block: [50,0,0], thread: [39,0,0] Assertion `input_val >= zero && input_val <= one` failed.
/tmp/coulombc/pytorch_build_2021-11-10_08-09-16/avx2/python3.9/pytorch/aten/src/ATen/native/cuda/Loss.cu:104: operator(): block: [50,0,0], thread: [40,0,0] Assertion `input_val >= zero && input_val <= one` failed.
/tmp/coulombc/pytorch_build_2021-11-10_08-09-16/avx2/python3.9/pytorch/aten/src/ATen/native/cuda/Loss.cu:104: operator(): block: [50,0,0], thread: [41,0,0] Assertion `input_val >= zero && input_val <= one` failed.
/tmp/coulombc/pytorch_build_2021-11-10_08-09-16/avx2/python3.9/pytorch/aten/src/ATen/native/cuda/Loss.cu:104: operator(): block: [50,0,0], thread: [42,0,0] Assertion `input_val >= zero && input_val <= one` failed.
/tmp/coulombc/pytorch_build_2021-11-10_08-09-16/avx2/python3.9/pytorch/aten/src/ATen/native/cuda/Loss.cu:104: operator(): block: [50,0,0], thread: [43,0,0] Assertion `input_val >= zero && input_val <= one` failed.
/tmp/coulombc/pytorch_build_2021-11-10_08-09-16/avx2/python3.9/pytorch/aten/src/ATen/native/cuda/Loss.cu:104: operator(): block: [50,0,0], thread: [44,0,0] Assertion `input_val >= zero && input_val <= one` failed.
/tmp/coulombc/pytorch_build_2021-11-10_08-09-16/avx2/python3.9/pytorch/aten/src/ATen/native/cuda/Loss.cu:104: operator(): block: [50,0,0], thread: [45,0,0] Assertion `input_val >= zero && input_val <= one` failed.
/tmp/coulombc/pytorch_build_2021-11-10_08-09-16/avx2/python3.9/pytorch/aten/src/ATen/native/cuda/Loss.cu:104: operator(): block: [50,0,0], thread: [46,0,0] Assertion `input_val >= zero && input_val <= one` failed.
/tmp/coulombc/pytorch_build_2021-11-10_08-09-16/avx2/python3.9/pytorch/aten/src/ATen/native/cuda/Loss.cu:104: operator(): block: [50,0,0], thread: [47,0,0] Assertion `input_val >= zero && input_val <= one` failed.
/tmp/coulombc/pytorch_build_2021-11-10_08-09-16/avx2/python3.9/pytorch/aten/src/ATen/native/cuda/Loss.cu:104: operator(): block: [50,0,0], thread: [48,0,0] Assertion `input_val >= zero && input_val <= one` failed.
/tmp/coulombc/pytorch_build_2021-11-10_08-09-16/avx2/python3.9/pytorch/aten/src/ATen/native/cuda/Loss.cu:104: operator(): block: [50,0,0], thread: [49,0,0] Assertion `input_val >= zero && input_val <= one` failed.
/tmp/coulombc/pytorch_build_2021-11-10_08-09-16/avx2/python3.9/pytorch/aten/src/ATen/native/cuda/Loss.cu:104: operator(): block: [50,0,0], thread: [50,0,0] Assertion `input_val >= zero && input_val <= one` failed.
/tmp/coulombc/pytorch_build_2021-11-10_08-09-16/avx2/python3.9/pytorch/aten/src/ATen/native/cuda/Loss.cu:104: operator(): block: [50,0,0], thread: [51,0,0] Assertion `input_val >= zero && input_val <= one` failed.
/tmp/coulombc/pytorch_build_2021-11-10_08-09-16/avx2/python3.9/pytorch/aten/src/ATen/native/cuda/Loss.cu:104: operator(): block: [50,0,0], thread: [52,0,0] Assertion `input_val >= zero && input_val <= one` failed.
/tmp/coulombc/pytorch_build_2021-11-10_08-09-16/avx2/python3.9/pytorch/aten/src/ATen/native/cuda/Loss.cu:104: operator(): block: [50,0,0], thread: [53,0,0] Assertion `input_val >= zero && input_val <= one` failed.
/tmp/coulombc/pytorch_build_2021-11-10_08-09-16/avx2/python3.9/pytorch/aten/src/ATen/native/cuda/Loss.cu:104: operator(): block: [50,0,0], thread: [54,0,0] Assertion `input_val >= zero && input_val <= one` failed.
/tmp/coulombc/pytorch_build_2021-11-10_08-09-16/avx2/python3.9/pytorch/aten/src/ATen/native/cuda/Loss.cu:104: operator(): block: [50,0,0], thread: [55,0,0] Assertion `input_val >= zero && input_val <= one` failed.
/tmp/coulombc/pytorch_build_2021-11-10_08-09-16/avx2/python3.9/pytorch/aten/src/ATen/native/cuda/Loss.cu:104: operator(): block: [50,0,0], thread: [56,0,0] Assertion `input_val >= zero && input_val <= one` failed.
/tmp/coulombc/pytorch_build_2021-11-10_08-09-16/avx2/python3.9/pytorch/aten/src/ATen/native/cuda/Loss.cu:104: operator(): block: [50,0,0], thread: [57,0,0] Assertion `input_val >= zero && input_val <= one` failed.
/tmp/coulombc/pytorch_build_2021-11-10_08-09-16/avx2/python3.9/pytorch/aten/src/ATen/native/cuda/Loss.cu:104: operator(): block: [50,0,0], thread: [58,0,0] Assertion `input_val >= zero && input_val <= one` failed.
/tmp/coulombc/pytorch_build_2021-11-10_08-09-16/avx2/python3.9/pytorch/aten/src/ATen/native/cuda/Loss.cu:104: operator(): block: [50,0,0], thread: [59,0,0] Assertion `input_val >= zero && input_val <= one` failed.
/tmp/coulombc/pytorch_build_2021-11-10_08-09-16/avx2/python3.9/pytorch/aten/src/ATen/native/cuda/Loss.cu:104: operator(): block: [50,0,0], thread: [60,0,0] Assertion `input_val >= zero && input_val <= one` failed.
/tmp/coulombc/pytorch_build_2021-11-10_08-09-16/avx2/python3.9/pytorch/aten/src/ATen/native/cuda/Loss.cu:104: operator(): block: [50,0,0], thread: [61,0,0] Assertion `input_val >= zero && input_val <= one` failed.
/tmp/coulombc/pytorch_build_2021-11-10_08-09-16/avx2/python3.9/pytorch/aten/src/ATen/native/cuda/Loss.cu:104: operator(): block: [50,0,0], thread: [62,0,0] Assertion `input_val >= zero && input_val <= one` failed.
/tmp/coulombc/pytorch_build_2021-11-10_08-09-16/avx2/python3.9/pytorch/aten/src/ATen/native/cuda/Loss.cu:104: operator(): block: [50,0,0], thread: [63,0,0] Assertion `input_val >= zero && input_val <= one` failed.
/tmp/coulombc/pytorch_build_2021-11-10_08-09-16/avx2/python3.9/pytorch/aten/src/ATen/native/cuda/Loss.cu:104: operator(): block: [48,0,0], thread: [0,0,0] Assertion `input_val >= zero && input_val <= one` failed.
/tmp/coulombc/pytorch_build_2021-11-10_08-09-16/avx2/python3.9/pytorch/aten/src/ATen/native/cuda/Loss.cu:104: operator(): block: [48,0,0], thread: [1,0,0] Assertion `input_val >= zero && input_val <= one` failed.
/tmp/coulombc/pytorch_build_2021-11-10_08-09-16/avx2/python3.9/pytorch/aten/src/ATen/native/cuda/Loss.cu:104: operator(): block: [48,0,0], thread: [2,0,0] Assertion `input_val >= zero && input_val <= one` failed.
/tmp/coulombc/pytorch_build_2021-11-10_08-09-16/avx2/python3.9/pytorch/aten/src/ATen/native/cuda/Loss.cu:104: operator(): block: [48,0,0], thread: [3,0,0] Assertion `input_val >= zero && input_val <= one` failed.
/tmp/coulombc/pytorch_build_2021-11-10_08-09-16/avx2/python3.9/pytorch/aten/src/ATen/native/cuda/Loss.cu:104: operator(): block: [48,0,0], thread: [4,0,0] Assertion `input_val >= zero && input_val <= one` failed.
/tmp/coulombc/pytorch_build_2021-11-10_08-09-16/avx2/python3.9/pytorch/aten/src/ATen/native/cuda/Loss.cu:104: operator(): block: [48,0,0], thread: [5,0,0] Assertion `input_val >= zero && input_val <= one` failed.
/tmp/coulombc/pytorch_build_2021-11-10_08-09-16/avx2/python3.9/pytorch/aten/src/ATen/native/cuda/Loss.cu:104: operator(): block: [48,0,0], thread: [6,0,0] Assertion `input_val >= zero && input_val <= one` failed.
/tmp/coulombc/pytorch_build_2021-11-10_08-09-16/avx2/python3.9/pytorch/aten/src/ATen/native/cuda/Loss.cu:104: operator(): block: [48,0,0], thread: [7,0,0] Assertion `input_val >= zero && input_val <= one` failed.
/tmp/coulombc/pytorch_build_2021-11-10_08-09-16/avx2/python3.9/pytorch/aten/src/ATen/native/cuda/Loss.cu:104: operator(): block: [48,0,0], thread: [8,0,0] Assertion `input_val >= zero && input_val <= one` failed.
/tmp/coulombc/pytorch_build_2021-11-10_08-09-16/avx2/python3.9/pytorch/aten/src/ATen/native/cuda/Loss.cu:104: operator(): block: [48,0,0], thread: [9,0,0] Assertion `input_val >= zero && input_val <= one` failed.
/tmp/coulombc/pytorch_build_2021-11-10_08-09-16/avx2/python3.9/pytorch/aten/src/ATen/native/cuda/Loss.cu:104: operator(): block: [48,0,0], thread: [10,0,0] Assertion `input_val >= zero && input_val <= one` failed.
/tmp/coulombc/pytorch_build_2021-11-10_08-09-16/avx2/python3.9/pytorch/aten/src/ATen/native/cuda/Loss.cu:104: operator(): block: [48,0,0], thread: [11,0,0] Assertion `input_val >= zero && input_val <= one` failed.
/tmp/coulombc/pytorch_build_2021-11-10_08-09-16/avx2/python3.9/pytorch/aten/src/ATen/native/cuda/Loss.cu:104: operator(): block: [48,0,0], thread: [12,0,0] Assertion `input_val >= zero && input_val <= one` failed.
/tmp/coulombc/pytorch_build_2021-11-10_08-09-16/avx2/python3.9/pytorch/aten/src/ATen/native/cuda/Loss.cu:104: operator(): block: [48,0,0], thread: [13,0,0] Assertion `input_val >= zero && input_val <= one` failed.
/tmp/coulombc/pytorch_build_2021-11-10_08-09-16/avx2/python3.9/pytorch/aten/src/ATen/native/cuda/Loss.cu:104: operator(): block: [48,0,0], thread: [14,0,0] Assertion `input_val >= zero && input_val <= one` failed.
/tmp/coulombc/pytorch_build_2021-11-10_08-09-16/avx2/python3.9/pytorch/aten/src/ATen/native/cuda/Loss.cu:104: operator(): block: [48,0,0], thread: [15,0,0] Assertion `input_val >= zero && input_val <= one` failed.
/tmp/coulombc/pytorch_build_2021-11-10_08-09-16/avx2/python3.9/pytorch/aten/src/ATen/native/cuda/Loss.cu:104: operator(): block: [48,0,0], thread: [16,0,0] Assertion `input_val >= zero && input_val <= one` failed.
/tmp/coulombc/pytorch_build_2021-11-10_08-09-16/avx2/python3.9/pytorch/aten/src/ATen/native/cuda/Loss.cu:104: operator(): block: [48,0,0], thread: [17,0,0] Assertion `input_val >= zero && input_val <= one` failed.
/tmp/coulombc/pytorch_build_2021-11-10_08-09-16/avx2/python3.9/pytorch/aten/src/ATen/native/cuda/Loss.cu:104: operator(): block: [48,0,0], thread: [18,0,0] Assertion `input_val >= zero && input_val <= one` failed.
/tmp/coulombc/pytorch_build_2021-11-10_08-09-16/avx2/python3.9/pytorch/aten/src/ATen/native/cuda/Loss.cu:104: operator(): block: [48,0,0], thread: [19,0,0] Assertion `input_val >= zero && input_val <= one` failed.
/tmp/coulombc/pytorch_build_2021-11-10_08-09-16/avx2/python3.9/pytorch/aten/src/ATen/native/cuda/Loss.cu:104: operator(): block: [48,0,0], thread: [20,0,0] Assertion `input_val >= zero && input_val <= one` failed.
/tmp/coulombc/pytorch_build_2021-11-10_08-09-16/avx2/python3.9/pytorch/aten/src/ATen/native/cuda/Loss.cu:104: operator(): block: [48,0,0], thread: [21,0,0] Assertion `input_val >= zero && input_val <= one` failed.
/tmp/coulombc/pytorch_build_2021-11-10_08-09-16/avx2/python3.9/pytorch/aten/src/ATen/native/cuda/Loss.cu:104: operator(): block: [48,0,0], thread: [22,0,0] Assertion `input_val >= zero && input_val <= one` failed.
/tmp/coulombc/pytorch_build_2021-11-10_08-09-16/avx2/python3.9/pytorch/aten/src/ATen/native/cuda/Loss.cu:104: operator(): block: [48,0,0], thread: [23,0,0] Assertion `input_val >= zero && input_val <= one` failed.
/tmp/coulombc/pytorch_build_2021-11-10_08-09-16/avx2/python3.9/pytorch/aten/src/ATen/native/cuda/Loss.cu:104: operator(): block: [48,0,0], thread: [24,0,0] Assertion `input_val >= zero && input_val <= one` failed.
/tmp/coulombc/pytorch_build_2021-11-10_08-09-16/avx2/python3.9/pytorch/aten/src/ATen/native/cuda/Loss.cu:104: operator(): block: [48,0,0], thread: [25,0,0] Assertion `input_val >= zero && input_val <= one` failed.
/tmp/coulombc/pytorch_build_2021-11-10_08-09-16/avx2/python3.9/pytorch/aten/src/ATen/native/cuda/Loss.cu:104: operator(): block: [48,0,0], thread: [26,0,0] Assertion `input_val >= zero && input_val <= one` failed.
/tmp/coulombc/pytorch_build_2021-11-10_08-09-16/avx2/python3.9/pytorch/aten/src/ATen/native/cuda/Loss.cu:104: operator(): block: [48,0,0], thread: [27,0,0] Assertion `input_val >= zero && input_val <= one` failed.
/tmp/coulombc/pytorch_build_2021-11-10_08-09-16/avx2/python3.9/pytorch/aten/src/ATen/native/cuda/Loss.cu:104: operator(): block: [48,0,0], thread: [28,0,0] Assertion `input_val >= zero && input_val <= one` failed.
/tmp/coulombc/pytorch_build_2021-11-10_08-09-16/avx2/python3.9/pytorch/aten/src/ATen/native/cuda/Loss.cu:104: operator(): block: [48,0,0], thread: [29,0,0] Assertion `input_val >= zero && input_val <= one` failed.
/tmp/coulombc/pytorch_build_2021-11-10_08-09-16/avx2/python3.9/pytorch/aten/src/ATen/native/cuda/Loss.cu:104: operator(): block: [48,0,0], thread: [30,0,0] Assertion `input_val >= zero && input_val <= one` failed.
/tmp/coulombc/pytorch_build_2021-11-10_08-09-16/avx2/python3.9/pytorch/aten/src/ATen/native/cuda/Loss.cu:104: operator(): block: [48,0,0], thread: [31,0,0] Assertion `input_val >= zero && input_val <= one` failed.
/tmp/coulombc/pytorch_build_2021-11-10_08-09-16/avx2/python3.9/pytorch/aten/src/ATen/native/cuda/Loss.cu:104: operator(): block: [18,0,0], thread: [32,0,0] Assertion `input_val >= zero && input_val <= one` failed.
/tmp/coulombc/pytorch_build_2021-11-10_08-09-16/avx2/python3.9/pytorch/aten/src/ATen/native/cuda/Loss.cu:104: operator(): block: [18,0,0], thread: [33,0,0] Assertion `input_val >= zero && input_val <= one` failed.
/tmp/coulombc/pytorch_build_2021-11-10_08-09-16/avx2/python3.9/pytorch/aten/src/ATen/native/cuda/Loss.cu:104: operator(): block: [18,0,0], thread: [34,0,0] Assertion `input_val >= zero && input_val <= one` failed.
/tmp/coulombc/pytorch_build_2021-11-10_08-09-16/avx2/python3.9/pytorch/aten/src/ATen/native/cuda/Loss.cu:104: operator(): block: [18,0,0], thread: [35,0,0] Assertion `input_val >= zero && input_val <= one` failed.
/tmp/coulombc/pytorch_build_2021-11-10_08-09-16/avx2/python3.9/pytorch/aten/src/ATen/native/cuda/Loss.cu:104: operator(): block: [18,0,0], thread: [36,0,0] Assertion `input_val >= zero && input_val <= one` failed.
/tmp/coulombc/pytorch_build_2021-11-10_08-09-16/avx2/python3.9/pytorch/aten/src/ATen/native/cuda/Loss.cu:104: operator(): block: [18,0,0], thread: [37,0,0] Assertion `input_val >= zero && input_val <= one` failed.
/tmp/coulombc/pytorch_build_2021-11-10_08-09-16/avx2/python3.9/pytorch/aten/src/ATen/native/cuda/Loss.cu:104: operator(): block: [18,0,0], thread: [38,0,0] Assertion `input_val >= zero && input_val <= one` failed.
/tmp/coulombc/pytorch_build_2021-11-10_08-09-16/avx2/python3.9/pytorch/aten/src/ATen/native/cuda/Loss.cu:104: operator(): block: [18,0,0], thread: [39,0,0] Assertion `input_val >= zero && input_val <= one` failed.
/tmp/coulombc/pytorch_build_2021-11-10_08-09-16/avx2/python3.9/pytorch/aten/src/ATen/native/cuda/Loss.cu:104: operator(): block: [18,0,0], thread: [40,0,0] Assertion `input_val >= zero && input_val <= one` failed.
/tmp/coulombc/pytorch_build_2021-11-10_08-09-16/avx2/python3.9/pytorch/aten/src/ATen/native/cuda/Loss.cu:104: operator(): block: [18,0,0], thread: [41,0,0] Assertion `input_val >= zero && input_val <= one` failed.
/tmp/coulombc/pytorch_build_2021-11-10_08-09-16/avx2/python3.9/pytorch/aten/src/ATen/native/cuda/Loss.cu:104: operator(): block: [18,0,0], thread: [42,0,0] Assertion `input_val >= zero && input_val <= one` failed.
/tmp/coulombc/pytorch_build_2021-11-10_08-09-16/avx2/python3.9/pytorch/aten/src/ATen/native/cuda/Loss.cu:104: operator(): block: [18,0,0], thread: [43,0,0] Assertion `input_val >= zero && input_val <= one` failed.
/tmp/coulombc/pytorch_build_2021-11-10_08-09-16/avx2/python3.9/pytorch/aten/src/ATen/native/cuda/Loss.cu:104: operator(): block: [18,0,0], thread: [44,0,0] Assertion `input_val >= zero && input_val <= one` failed.
/tmp/coulombc/pytorch_build_2021-11-10_08-09-16/avx2/python3.9/pytorch/aten/src/ATen/native/cuda/Loss.cu:104: operator(): block: [18,0,0], thread: [45,0,0] Assertion `input_val >= zero && input_val <= one` failed.
/tmp/coulombc/pytorch_build_2021-11-10_08-09-16/avx2/python3.9/pytorch/aten/src/ATen/native/cuda/Loss.cu:104: operator(): block: [18,0,0], thread: [46,0,0] Assertion `input_val >= zero && input_val <= one` failed.
/tmp/coulombc/pytorch_build_2021-11-10_08-09-16/avx2/python3.9/pytorch/aten/src/ATen/native/cuda/Loss.cu:104: operator(): block: [18,0,0], thread: [47,0,0] Assertion `input_val >= zero && input_val <= one` failed.
/tmp/coulombc/pytorch_build_2021-11-10_08-09-16/avx2/python3.9/pytorch/aten/src/ATen/native/cuda/Loss.cu:104: operator(): block: [18,0,0], thread: [48,0,0] Assertion `input_val >= zero && input_val <= one` failed.
/tmp/coulombc/pytorch_build_2021-11-10_08-09-16/avx2/python3.9/pytorch/aten/src/ATen/native/cuda/Loss.cu:104: operator(): block: [18,0,0], thread: [49,0,0] Assertion `input_val >= zero && input_val <= one` failed.
/tmp/coulombc/pytorch_build_2021-11-10_08-09-16/avx2/python3.9/pytorch/aten/src/ATen/native/cuda/Loss.cu:104: operator(): block: [18,0,0], thread: [50,0,0] Assertion `input_val >= zero && input_val <= one` failed.
/tmp/coulombc/pytorch_build_2021-11-10_08-09-16/avx2/python3.9/pytorch/aten/src/ATen/native/cuda/Loss.cu:104: operator(): block: [18,0,0], thread: [51,0,0] Assertion `input_val >= zero && input_val <= one` failed.
/tmp/coulombc/pytorch_build_2021-11-10_08-09-16/avx2/python3.9/pytorch/aten/src/ATen/native/cuda/Loss.cu:104: operator(): block: [18,0,0], thread: [52,0,0] Assertion `input_val >= zero && input_val <= one` failed.
/tmp/coulombc/pytorch_build_2021-11-10_08-09-16/avx2/python3.9/pytorch/aten/src/ATen/native/cuda/Loss.cu:104: operator(): block: [18,0,0], thread: [53,0,0] Assertion `input_val >= zero && input_val <= one` failed.
/tmp/coulombc/pytorch_build_2021-11-10_08-09-16/avx2/python3.9/pytorch/aten/src/ATen/native/cuda/Loss.cu:104: operator(): block: [18,0,0], thread: [54,0,0] Assertion `input_val >= zero && input_val <= one` failed.
/tmp/coulombc/pytorch_build_2021-11-10_08-09-16/avx2/python3.9/pytorch/aten/src/ATen/native/cuda/Loss.cu:104: operator(): block: [18,0,0], thread: [55,0,0] Assertion `input_val >= zero && input_val <= one` failed.
/tmp/coulombc/pytorch_build_2021-11-10_08-09-16/avx2/python3.9/pytorch/aten/src/ATen/native/cuda/Loss.cu:104: operator(): block: [18,0,0], thread: [56,0,0] Assertion `input_val >= zero && input_val <= one` failed.
/tmp/coulombc/pytorch_build_2021-11-10_08-09-16/avx2/python3.9/pytorch/aten/src/ATen/native/cuda/Loss.cu:104: operator(): block: [18,0,0], thread: [57,0,0] Assertion `input_val >= zero && input_val <= one` failed.
/tmp/coulombc/pytorch_build_2021-11-10_08-09-16/avx2/python3.9/pytorch/aten/src/ATen/native/cuda/Loss.cu:104: operator(): block: [18,0,0], thread: [58,0,0] Assertion `input_val >= zero && input_val <= one` failed.
/tmp/coulombc/pytorch_build_2021-11-10_08-09-16/avx2/python3.9/pytorch/aten/src/ATen/native/cuda/Loss.cu:104: operator(): block: [18,0,0], thread: [59,0,0] Assertion `input_val >= zero && input_val <= one` failed.
/tmp/coulombc/pytorch_build_2021-11-10_08-09-16/avx2/python3.9/pytorch/aten/src/ATen/native/cuda/Loss.cu:104: operator(): block: [18,0,0], thread: [60,0,0] Assertion `input_val >= zero && input_val <= one` failed.
/tmp/coulombc/pytorch_build_2021-11-10_08-09-16/avx2/python3.9/pytorch/aten/src/ATen/native/cuda/Loss.cu:104: operator(): block: [18,0,0], thread: [61,0,0] Assertion `input_val >= zero && input_val <= one` failed.
/tmp/coulombc/pytorch_build_2021-11-10_08-09-16/avx2/python3.9/pytorch/aten/src/ATen/native/cuda/Loss.cu:104: operator(): block: [18,0,0], thread: [62,0,0] Assertion `input_val >= zero && input_val <= one` failed.
/tmp/coulombc/pytorch_build_2021-11-10_08-09-16/avx2/python3.9/pytorch/aten/src/ATen/native/cuda/Loss.cu:104: operator(): block: [18,0,0], thread: [63,0,0] Assertion `input_val >= zero && input_val <= one` failed.
/tmp/coulombc/pytorch_build_2021-11-10_08-09-16/avx2/python3.9/pytorch/aten/src/ATen/native/cuda/Loss.cu:104: operator(): block: [50,0,0], thread: [0,0,0] Assertion `input_val >= zero && input_val <= one` failed.
/tmp/coulombc/pytorch_build_2021-11-10_08-09-16/avx2/python3.9/pytorch/aten/src/ATen/native/cuda/Loss.cu:104: operator(): block: [50,0,0], thread: [1,0,0] Assertion `input_val >= zero && input_val <= one` failed.
/tmp/coulombc/pytorch_build_2021-11-10_08-09-16/avx2/python3.9/pytorch/aten/src/ATen/native/cuda/Loss.cu:104: operator(): block: [50,0,0], thread: [2,0,0] Assertion `input_val >= zero && input_val <= one` failed.
/tmp/coulombc/pytorch_build_2021-11-10_08-09-16/avx2/python3.9/pytorch/aten/src/ATen/native/cuda/Loss.cu:104: operator(): block: [50,0,0], thread: [3,0,0] Assertion `input_val >= zero && input_val <= one` failed.
/tmp/coulombc/pytorch_build_2021-11-10_08-09-16/avx2/python3.9/pytorch/aten/src/ATen/native/cuda/Loss.cu:104: operator(): block: [50,0,0], thread: [4,0,0] Assertion `input_val >= zero && input_val <= one` failed.
/tmp/coulombc/pytorch_build_2021-11-10_08-09-16/avx2/python3.9/pytorch/aten/src/ATen/native/cuda/Loss.cu:104: operator(): block: [50,0,0], thread: [5,0,0] Assertion `input_val >= zero && input_val <= one` failed.
/tmp/coulombc/pytorch_build_2021-11-10_08-09-16/avx2/python3.9/pytorch/aten/src/ATen/native/cuda/Loss.cu:104: operator(): block: [50,0,0], thread: [6,0,0] Assertion `input_val >= zero && input_val <= one` failed.
/tmp/coulombc/pytorch_build_2021-11-10_08-09-16/avx2/python3.9/pytorch/aten/src/ATen/native/cuda/Loss.cu:104: operator(): block: [50,0,0], thread: [7,0,0] Assertion `input_val >= zero && input_val <= one` failed.
/tmp/coulombc/pytorch_build_2021-11-10_08-09-16/avx2/python3.9/pytorch/aten/src/ATen/native/cuda/Loss.cu:104: operator(): block: [50,0,0], thread: [8,0,0] Assertion `input_val >= zero && input_val <= one` failed.
/tmp/coulombc/pytorch_build_2021-11-10_08-09-16/avx2/python3.9/pytorch/aten/src/ATen/native/cuda/Loss.cu:104: operator(): block: [50,0,0], thread: [9,0,0] Assertion `input_val >= zero && input_val <= one` failed.
/tmp/coulombc/pytorch_build_2021-11-10_08-09-16/avx2/python3.9/pytorch/aten/src/ATen/native/cuda/Loss.cu:104: operator(): block: [50,0,0], thread: [10,0,0] Assertion `input_val >= zero && input_val <= one` failed.
/tmp/coulombc/pytorch_build_2021-11-10_08-09-16/avx2/python3.9/pytorch/aten/src/ATen/native/cuda/Loss.cu:104: operator(): block: [50,0,0], thread: [11,0,0] Assertion `input_val >= zero && input_val <= one` failed.
/tmp/coulombc/pytorch_build_2021-11-10_08-09-16/avx2/python3.9/pytorch/aten/src/ATen/native/cuda/Loss.cu:104: operator(): block: [50,0,0], thread: [12,0,0] Assertion `input_val >= zero && input_val <= one` failed.
/tmp/coulombc/pytorch_build_2021-11-10_08-09-16/avx2/python3.9/pytorch/aten/src/ATen/native/cuda/Loss.cu:104: operator(): block: [50,0,0], thread: [13,0,0] Assertion `input_val >= zero && input_val <= one` failed.
/tmp/coulombc/pytorch_build_2021-11-10_08-09-16/avx2/python3.9/pytorch/aten/src/ATen/native/cuda/Loss.cu:104: operator(): block: [50,0,0], thread: [14,0,0] Assertion `input_val >= zero && input_val <= one` failed.
/tmp/coulombc/pytorch_build_2021-11-10_08-09-16/avx2/python3.9/pytorch/aten/src/ATen/native/cuda/Loss.cu:104: operator(): block: [50,0,0], thread: [15,0,0] Assertion `input_val >= zero && input_val <= one` failed.
/tmp/coulombc/pytorch_build_2021-11-10_08-09-16/avx2/python3.9/pytorch/aten/src/ATen/native/cuda/Loss.cu:104: operator(): block: [50,0,0], thread: [16,0,0] Assertion `input_val >= zero && input_val <= one` failed.
/tmp/coulombc/pytorch_build_2021-11-10_08-09-16/avx2/python3.9/pytorch/aten/src/ATen/native/cuda/Loss.cu:104: operator(): block: [50,0,0], thread: [17,0,0] Assertion `input_val >= zero && input_val <= one` failed.
/tmp/coulombc/pytorch_build_2021-11-10_08-09-16/avx2/python3.9/pytorch/aten/src/ATen/native/cuda/Loss.cu:104: operator(): block: [50,0,0], thread: [18,0,0] Assertion `input_val >= zero && input_val <= one` failed.
/tmp/coulombc/pytorch_build_2021-11-10_08-09-16/avx2/python3.9/pytorch/aten/src/ATen/native/cuda/Loss.cu:104: operator(): block: [50,0,0], thread: [19,0,0] Assertion `input_val >= zero && input_val <= one` failed.
/tmp/coulombc/pytorch_build_2021-11-10_08-09-16/avx2/python3.9/pytorch/aten/src/ATen/native/cuda/Loss.cu:104: operator(): block: [50,0,0], thread: [20,0,0] Assertion `input_val >= zero && input_val <= one` failed.
/tmp/coulombc/pytorch_build_2021-11-10_08-09-16/avx2/python3.9/pytorch/aten/src/ATen/native/cuda/Loss.cu:104: operator(): block: [50,0,0], thread: [21,0,0] Assertion `input_val >= zero && input_val <= one` failed.
/tmp/coulombc/pytorch_build_2021-11-10_08-09-16/avx2/python3.9/pytorch/aten/src/ATen/native/cuda/Loss.cu:104: operator(): block: [50,0,0], thread: [22,0,0] Assertion `input_val >= zero && input_val <= one` failed.
/tmp/coulombc/pytorch_build_2021-11-10_08-09-16/avx2/python3.9/pytorch/aten/src/ATen/native/cuda/Loss.cu:104: operator(): block: [50,0,0], thread: [23,0,0] Assertion `input_val >= zero && input_val <= one` failed.
/tmp/coulombc/pytorch_build_2021-11-10_08-09-16/avx2/python3.9/pytorch/aten/src/ATen/native/cuda/Loss.cu:104: operator(): block: [50,0,0], thread: [24,0,0] Assertion `input_val >= zero && input_val <= one` failed.
/tmp/coulombc/pytorch_build_2021-11-10_08-09-16/avx2/python3.9/pytorch/aten/src/ATen/native/cuda/Loss.cu:104: operator(): block: [50,0,0], thread: [25,0,0] Assertion `input_val >= zero && input_val <= one` failed.
/tmp/coulombc/pytorch_build_2021-11-10_08-09-16/avx2/python3.9/pytorch/aten/src/ATen/native/cuda/Loss.cu:104: operator(): block: [50,0,0], thread: [26,0,0] Assertion `input_val >= zero && input_val <= one` failed.
/tmp/coulombc/pytorch_build_2021-11-10_08-09-16/avx2/python3.9/pytorch/aten/src/ATen/native/cuda/Loss.cu:104: operator(): block: [50,0,0], thread: [27,0,0] Assertion `input_val >= zero && input_val <= one` failed.
/tmp/coulombc/pytorch_build_2021-11-10_08-09-16/avx2/python3.9/pytorch/aten/src/ATen/native/cuda/Loss.cu:104: operator(): block: [50,0,0], thread: [28,0,0] Assertion `input_val >= zero && input_val <= one` failed.
/tmp/coulombc/pytorch_build_2021-11-10_08-09-16/avx2/python3.9/pytorch/aten/src/ATen/native/cuda/Loss.cu:104: operator(): block: [50,0,0], thread: [29,0,0] Assertion `input_val >= zero && input_val <= one` failed.
/tmp/coulombc/pytorch_build_2021-11-10_08-09-16/avx2/python3.9/pytorch/aten/src/ATen/native/cuda/Loss.cu:104: operator(): block: [50,0,0], thread: [30,0,0] Assertion `input_val >= zero && input_val <= one` failed.
/tmp/coulombc/pytorch_build_2021-11-10_08-09-16/avx2/python3.9/pytorch/aten/src/ATen/native/cuda/Loss.cu:104: operator(): block: [50,0,0], thread: [31,0,0] Assertion `input_val >= zero && input_val <= one` failed.
/tmp/coulombc/pytorch_build_2021-11-10_08-09-16/avx2/python3.9/pytorch/aten/src/ATen/native/cuda/Loss.cu:104: operator(): block: [48,0,0], thread: [32,0,0] Assertion `input_val >= zero && input_val <= one` failed.
/tmp/coulombc/pytorch_build_2021-11-10_08-09-16/avx2/python3.9/pytorch/aten/src/ATen/native/cuda/Loss.cu:104: operator(): block: [48,0,0], thread: [33,0,0] Assertion `input_val >= zero && input_val <= one` failed.
/tmp/coulombc/pytorch_build_2021-11-10_08-09-16/avx2/python3.9/pytorch/aten/src/ATen/native/cuda/Loss.cu:104: operator(): block: [48,0,0], thread: [34,0,0] Assertion `input_val >= zero && input_val <= one` failed.
/tmp/coulombc/pytorch_build_2021-11-10_08-09-16/avx2/python3.9/pytorch/aten/src/ATen/native/cuda/Loss.cu:104: operator(): block: [48,0,0], thread: [35,0,0] Assertion `input_val >= zero && input_val <= one` failed.
/tmp/coulombc/pytorch_build_2021-11-10_08-09-16/avx2/python3.9/pytorch/aten/src/ATen/native/cuda/Loss.cu:104: operator(): block: [48,0,0], thread: [36,0,0] Assertion `input_val >= zero && input_val <= one` failed.
/tmp/coulombc/pytorch_build_2021-11-10_08-09-16/avx2/python3.9/pytorch/aten/src/ATen/native/cuda/Loss.cu:104: operator(): block: [48,0,0], thread: [37,0,0] Assertion `input_val >= zero && input_val <= one` failed.
/tmp/coulombc/pytorch_build_2021-11-10_08-09-16/avx2/python3.9/pytorch/aten/src/ATen/native/cuda/Loss.cu:104: operator(): block: [48,0,0], thread: [38,0,0] Assertion `input_val >= zero && input_val <= one` failed.
/tmp/coulombc/pytorch_build_2021-11-10_08-09-16/avx2/python3.9/pytorch/aten/src/ATen/native/cuda/Loss.cu:104: operator(): block: [48,0,0], thread: [39,0,0] Assertion `input_val >= zero && input_val <= one` failed.
/tmp/coulombc/pytorch_build_2021-11-10_08-09-16/avx2/python3.9/pytorch/aten/src/ATen/native/cuda/Loss.cu:104: operator(): block: [48,0,0], thread: [40,0,0] Assertion `input_val >= zero && input_val <= one` failed.
/tmp/coulombc/pytorch_build_2021-11-10_08-09-16/avx2/python3.9/pytorch/aten/src/ATen/native/cuda/Loss.cu:104: operator(): block: [48,0,0], thread: [41,0,0] Assertion `input_val >= zero && input_val <= one` failed.
/tmp/coulombc/pytorch_build_2021-11-10_08-09-16/avx2/python3.9/pytorch/aten/src/ATen/native/cuda/Loss.cu:104: operator(): block: [48,0,0], thread: [42,0,0] Assertion `input_val >= zero && input_val <= one` failed.
/tmp/coulombc/pytorch_build_2021-11-10_08-09-16/avx2/python3.9/pytorch/aten/src/ATen/native/cuda/Loss.cu:104: operator(): block: [48,0,0], thread: [43,0,0] Assertion `input_val >= zero && input_val <= one` failed.
/tmp/coulombc/pytorch_build_2021-11-10_08-09-16/avx2/python3.9/pytorch/aten/src/ATen/native/cuda/Loss.cu:104: operator(): block: [48,0,0], thread: [44,0,0] Assertion `input_val >= zero && input_val <= one` failed.
/tmp/coulombc/pytorch_build_2021-11-10_08-09-16/avx2/python3.9/pytorch/aten/src/ATen/native/cuda/Loss.cu:104: operator(): block: [48,0,0], thread: [45,0,0] Assertion `input_val >= zero && input_val <= one` failed.
/tmp/coulombc/pytorch_build_2021-11-10_08-09-16/avx2/python3.9/pytorch/aten/src/ATen/native/cuda/Loss.cu:104: operator(): block: [48,0,0], thread: [46,0,0] Assertion `input_val >= zero && input_val <= one` failed.
/tmp/coulombc/pytorch_build_2021-11-10_08-09-16/avx2/python3.9/pytorch/aten/src/ATen/native/cuda/Loss.cu:104: operator(): block: [48,0,0], thread: [47,0,0] Assertion `input_val >= zero && input_val <= one` failed.
/tmp/coulombc/pytorch_build_2021-11-10_08-09-16/avx2/python3.9/pytorch/aten/src/ATen/native/cuda/Loss.cu:104: operator(): block: [48,0,0], thread: [48,0,0] Assertion `input_val >= zero && input_val <= one` failed.
/tmp/coulombc/pytorch_build_2021-11-10_08-09-16/avx2/python3.9/pytorch/aten/src/ATen/native/cuda/Loss.cu:104: operator(): block: [48,0,0], thread: [49,0,0] Assertion `input_val >= zero && input_val <= one` failed.
/tmp/coulombc/pytorch_build_2021-11-10_08-09-16/avx2/python3.9/pytorch/aten/src/ATen/native/cuda/Loss.cu:104: operator(): block: [48,0,0], thread: [50,0,0] Assertion `input_val >= zero && input_val <= one` failed.
/tmp/coulombc/pytorch_build_2021-11-10_08-09-16/avx2/python3.9/pytorch/aten/src/ATen/native/cuda/Loss.cu:104: operator(): block: [48,0,0], thread: [51,0,0] Assertion `input_val >= zero && input_val <= one` failed.
/tmp/coulombc/pytorch_build_2021-11-10_08-09-16/avx2/python3.9/pytorch/aten/src/ATen/native/cuda/Loss.cu:104: operator(): block: [48,0,0], thread: [52,0,0] Assertion `input_val >= zero && input_val <= one` failed.
/tmp/coulombc/pytorch_build_2021-11-10_08-09-16/avx2/python3.9/pytorch/aten/src/ATen/native/cuda/Loss.cu:104: operator(): block: [48,0,0], thread: [53,0,0] Assertion `input_val >= zero && input_val <= one` failed.
/tmp/coulombc/pytorch_build_2021-11-10_08-09-16/avx2/python3.9/pytorch/aten/src/ATen/native/cuda/Loss.cu:104: operator(): block: [48,0,0], thread: [54,0,0] Assertion `input_val >= zero && input_val <= one` failed.
/tmp/coulombc/pytorch_build_2021-11-10_08-09-16/avx2/python3.9/pytorch/aten/src/ATen/native/cuda/Loss.cu:104: operator(): block: [48,0,0], thread: [55,0,0] Assertion `input_val >= zero && input_val <= one` failed.
/tmp/coulombc/pytorch_build_2021-11-10_08-09-16/avx2/python3.9/pytorch/aten/src/ATen/native/cuda/Loss.cu:104: operator(): block: [48,0,0], thread: [56,0,0] Assertion `input_val >= zero && input_val <= one` failed.
/tmp/coulombc/pytorch_build_2021-11-10_08-09-16/avx2/python3.9/pytorch/aten/src/ATen/native/cuda/Loss.cu:104: operator(): block: [48,0,0], thread: [57,0,0] Assertion `input_val >= zero && input_val <= one` failed.
/tmp/coulombc/pytorch_build_2021-11-10_08-09-16/avx2/python3.9/pytorch/aten/src/ATen/native/cuda/Loss.cu:104: operator(): block: [48,0,0], thread: [58,0,0] Assertion `input_val >= zero && input_val <= one` failed.
/tmp/coulombc/pytorch_build_2021-11-10_08-09-16/avx2/python3.9/pytorch/aten/src/ATen/native/cuda/Loss.cu:104: operator(): block: [48,0,0], thread: [59,0,0] Assertion `input_val >= zero && input_val <= one` failed.
/tmp/coulombc/pytorch_build_2021-11-10_08-09-16/avx2/python3.9/pytorch/aten/src/ATen/native/cuda/Loss.cu:104: operator(): block: [48,0,0], thread: [60,0,0] Assertion `input_val >= zero && input_val <= one` failed.
/tmp/coulombc/pytorch_build_2021-11-10_08-09-16/avx2/python3.9/pytorch/aten/src/ATen/native/cuda/Loss.cu:104: operator(): block: [48,0,0], thread: [61,0,0] Assertion `input_val >= zero && input_val <= one` failed.
/tmp/coulombc/pytorch_build_2021-11-10_08-09-16/avx2/python3.9/pytorch/aten/src/ATen/native/cuda/Loss.cu:104: operator(): block: [48,0,0], thread: [62,0,0] Assertion `input_val >= zero && input_val <= one` failed.
/tmp/coulombc/pytorch_build_2021-11-10_08-09-16/avx2/python3.9/pytorch/aten/src/ATen/native/cuda/Loss.cu:104: operator(): block: [48,0,0], thread: [63,0,0] Assertion `input_val >= zero && input_val <= one` failed.
/tmp/coulombc/pytorch_build_2021-11-10_08-09-16/avx2/python3.9/pytorch/aten/src/ATen/native/cuda/Loss.cu:104: operator(): block: [52,0,0], thread: [0,0,0] Assertion `input_val >= zero && input_val <= one` failed.
/tmp/coulombc/pytorch_build_2021-11-10_08-09-16/avx2/python3.9/pytorch/aten/src/ATen/native/cuda/Loss.cu:104: operator(): block: [52,0,0], thread: [1,0,0] Assertion `input_val >= zero && input_val <= one` failed.
/tmp/coulombc/pytorch_build_2021-11-10_08-09-16/avx2/python3.9/pytorch/aten/src/ATen/native/cuda/Loss.cu:104: operator(): block: [52,0,0], thread: [2,0,0] Assertion `input_val >= zero && input_val <= one` failed.
/tmp/coulombc/pytorch_build_2021-11-10_08-09-16/avx2/python3.9/pytorch/aten/src/ATen/native/cuda/Loss.cu:104: operator(): block: [52,0,0], thread: [3,0,0] Assertion `input_val >= zero && input_val <= one` failed.
/tmp/coulombc/pytorch_build_2021-11-10_08-09-16/avx2/python3.9/pytorch/aten/src/ATen/native/cuda/Loss.cu:104: operator(): block: [52,0,0], thread: [4,0,0] Assertion `input_val >= zero && input_val <= one` failed.
/tmp/coulombc/pytorch_build_2021-11-10_08-09-16/avx2/python3.9/pytorch/aten/src/ATen/native/cuda/Loss.cu:104: operator(): block: [52,0,0], thread: [5,0,0] Assertion `input_val >= zero && input_val <= one` failed.
/tmp/coulombc/pytorch_build_2021-11-10_08-09-16/avx2/python3.9/pytorch/aten/src/ATen/native/cuda/Loss.cu:104: operator(): block: [52,0,0], thread: [6,0,0] Assertion `input_val >= zero && input_val <= one` failed.
/tmp/coulombc/pytorch_build_2021-11-10_08-09-16/avx2/python3.9/pytorch/aten/src/ATen/native/cuda/Loss.cu:104: operator(): block: [52,0,0], thread: [7,0,0] Assertion `input_val >= zero && input_val <= one` failed.
/tmp/coulombc/pytorch_build_2021-11-10_08-09-16/avx2/python3.9/pytorch/aten/src/ATen/native/cuda/Loss.cu:104: operator(): block: [52,0,0], thread: [8,0,0] Assertion `input_val >= zero && input_val <= one` failed.
/tmp/coulombc/pytorch_build_2021-11-10_08-09-16/avx2/python3.9/pytorch/aten/src/ATen/native/cuda/Loss.cu:104: operator(): block: [52,0,0], thread: [9,0,0] Assertion `input_val >= zero && input_val <= one` failed.
/tmp/coulombc/pytorch_build_2021-11-10_08-09-16/avx2/python3.9/pytorch/aten/src/ATen/native/cuda/Loss.cu:104: operator(): block: [52,0,0], thread: [10,0,0] Assertion `input_val >= zero && input_val <= one` failed.
/tmp/coulombc/pytorch_build_2021-11-10_08-09-16/avx2/python3.9/pytorch/aten/src/ATen/native/cuda/Loss.cu:104: operator(): block: [52,0,0], thread: [11,0,0] Assertion `input_val >= zero && input_val <= one` failed.
/tmp/coulombc/pytorch_build_2021-11-10_08-09-16/avx2/python3.9/pytorch/aten/src/ATen/native/cuda/Loss.cu:104: operator(): block: [52,0,0], thread: [12,0,0] Assertion `input_val >= zero && input_val <= one` failed.
/tmp/coulombc/pytorch_build_2021-11-10_08-09-16/avx2/python3.9/pytorch/aten/src/ATen/native/cuda/Loss.cu:104: operator(): block: [52,0,0], thread: [13,0,0] Assertion `input_val >= zero && input_val <= one` failed.
/tmp/coulombc/pytorch_build_2021-11-10_08-09-16/avx2/python3.9/pytorch/aten/src/ATen/native/cuda/Loss.cu:104: operator(): block: [52,0,0], thread: [14,0,0] Assertion `input_val >= zero && input_val <= one` failed.
/tmp/coulombc/pytorch_build_2021-11-10_08-09-16/avx2/python3.9/pytorch/aten/src/ATen/native/cuda/Loss.cu:104: operator(): block: [52,0,0], thread: [15,0,0] Assertion `input_val >= zero && input_val <= one` failed.
/tmp/coulombc/pytorch_build_2021-11-10_08-09-16/avx2/python3.9/pytorch/aten/src/ATen/native/cuda/Loss.cu:104: operator(): block: [52,0,0], thread: [16,0,0] Assertion `input_val >= zero && input_val <= one` failed.
/tmp/coulombc/pytorch_build_2021-11-10_08-09-16/avx2/python3.9/pytorch/aten/src/ATen/native/cuda/Loss.cu:104: operator(): block: [52,0,0], thread: [17,0,0] Assertion `input_val >= zero && input_val <= one` failed.
/tmp/coulombc/pytorch_build_2021-11-10_08-09-16/avx2/python3.9/pytorch/aten/src/ATen/native/cuda/Loss.cu:104: operator(): block: [52,0,0], thread: [18,0,0] Assertion `input_val >= zero && input_val <= one` failed.
/tmp/coulombc/pytorch_build_2021-11-10_08-09-16/avx2/python3.9/pytorch/aten/src/ATen/native/cuda/Loss.cu:104: operator(): block: [52,0,0], thread: [19,0,0] Assertion `input_val >= zero && input_val <= one` failed.
/tmp/coulombc/pytorch_build_2021-11-10_08-09-16/avx2/python3.9/pytorch/aten/src/ATen/native/cuda/Loss.cu:104: operator(): block: [52,0,0], thread: [20,0,0] Assertion `input_val >= zero && input_val <= one` failed.
/tmp/coulombc/pytorch_build_2021-11-10_08-09-16/avx2/python3.9/pytorch/aten/src/ATen/native/cuda/Loss.cu:104: operator(): block: [52,0,0], thread: [21,0,0] Assertion `input_val >= zero && input_val <= one` failed.
/tmp/coulombc/pytorch_build_2021-11-10_08-09-16/avx2/python3.9/pytorch/aten/src/ATen/native/cuda/Loss.cu:104: operator(): block: [52,0,0], thread: [22,0,0] Assertion `input_val >= zero && input_val <= one` failed.
/tmp/coulombc/pytorch_build_2021-11-10_08-09-16/avx2/python3.9/pytorch/aten/src/ATen/native/cuda/Loss.cu:104: operator(): block: [52,0,0], thread: [23,0,0] Assertion `input_val >= zero && input_val <= one` failed.
/tmp/coulombc/pytorch_build_2021-11-10_08-09-16/avx2/python3.9/pytorch/aten/src/ATen/native/cuda/Loss.cu:104: operator(): block: [52,0,0], thread: [24,0,0] Assertion `input_val >= zero && input_val <= one` failed.
/tmp/coulombc/pytorch_build_2021-11-10_08-09-16/avx2/python3.9/pytorch/aten/src/ATen/native/cuda/Loss.cu:104: operator(): block: [52,0,0], thread: [25,0,0] Assertion `input_val >= zero && input_val <= one` failed.
/tmp/coulombc/pytorch_build_2021-11-10_08-09-16/avx2/python3.9/pytorch/aten/src/ATen/native/cuda/Loss.cu:104: operator(): block: [52,0,0], thread: [26,0,0] Assertion `input_val >= zero && input_val <= one` failed.
/tmp/coulombc/pytorch_build_2021-11-10_08-09-16/avx2/python3.9/pytorch/aten/src/ATen/native/cuda/Loss.cu:104: operator(): block: [52,0,0], thread: [27,0,0] Assertion `input_val >= zero && input_val <= one` failed.
/tmp/coulombc/pytorch_build_2021-11-10_08-09-16/avx2/python3.9/pytorch/aten/src/ATen/native/cuda/Loss.cu:104: operator(): block: [52,0,0], thread: [28,0,0] Assertion `input_val >= zero && input_val <= one` failed.
/tmp/coulombc/pytorch_build_2021-11-10_08-09-16/avx2/python3.9/pytorch/aten/src/ATen/native/cuda/Loss.cu:104: operator(): block: [52,0,0], thread: [29,0,0] Assertion `input_val >= zero && input_val <= one` failed.
/tmp/coulombc/pytorch_build_2021-11-10_08-09-16/avx2/python3.9/pytorch/aten/src/ATen/native/cuda/Loss.cu:104: operator(): block: [52,0,0], thread: [30,0,0] Assertion `input_val >= zero && input_val <= one` failed.
/tmp/coulombc/pytorch_build_2021-11-10_08-09-16/avx2/python3.9/pytorch/aten/src/ATen/native/cuda/Loss.cu:104: operator(): block: [52,0,0], thread: [31,0,0] Assertion `input_val >= zero && input_val <= one` failed.
/tmp/coulombc/pytorch_build_2021-11-10_08-09-16/avx2/python3.9/pytorch/aten/src/ATen/native/cuda/Loss.cu:104: operator(): block: [52,0,0], thread: [32,0,0] Assertion `input_val >= zero && input_val <= one` failed.
/tmp/coulombc/pytorch_build_2021-11-10_08-09-16/avx2/python3.9/pytorch/aten/src/ATen/native/cuda/Loss.cu:104: operator(): block: [52,0,0], thread: [33,0,0] Assertion `input_val >= zero && input_val <= one` failed.
/tmp/coulombc/pytorch_build_2021-11-10_08-09-16/avx2/python3.9/pytorch/aten/src/ATen/native/cuda/Loss.cu:104: operator(): block: [52,0,0], thread: [34,0,0] Assertion `input_val >= zero && input_val <= one` failed.
/tmp/coulombc/pytorch_build_2021-11-10_08-09-16/avx2/python3.9/pytorch/aten/src/ATen/native/cuda/Loss.cu:104: operator(): block: [52,0,0], thread: [35,0,0] Assertion `input_val >= zero && input_val <= one` failed.
/tmp/coulombc/pytorch_build_2021-11-10_08-09-16/avx2/python3.9/pytorch/aten/src/ATen/native/cuda/Loss.cu:104: operator(): block: [52,0,0], thread: [36,0,0] Assertion `input_val >= zero && input_val <= one` failed.
/tmp/coulombc/pytorch_build_2021-11-10_08-09-16/avx2/python3.9/pytorch/aten/src/ATen/native/cuda/Loss.cu:104: operator(): block: [52,0,0], thread: [37,0,0] Assertion `input_val >= zero && input_val <= one` failed.
/tmp/coulombc/pytorch_build_2021-11-10_08-09-16/avx2/python3.9/pytorch/aten/src/ATen/native/cuda/Loss.cu:104: operator(): block: [52,0,0], thread: [38,0,0] Assertion `input_val >= zero && input_val <= one` failed.
/tmp/coulombc/pytorch_build_2021-11-10_08-09-16/avx2/python3.9/pytorch/aten/src/ATen/native/cuda/Loss.cu:104: operator(): block: [52,0,0], thread: [39,0,0] Assertion `input_val >= zero && input_val <= one` failed.
/tmp/coulombc/pytorch_build_2021-11-10_08-09-16/avx2/python3.9/pytorch/aten/src/ATen/native/cuda/Loss.cu:104: operator(): block: [52,0,0], thread: [40,0,0] Assertion `input_val >= zero && input_val <= one` failed.
/tmp/coulombc/pytorch_build_2021-11-10_08-09-16/avx2/python3.9/pytorch/aten/src/ATen/native/cuda/Loss.cu:104: operator(): block: [52,0,0], thread: [41,0,0] Assertion `input_val >= zero && input_val <= one` failed.
/tmp/coulombc/pytorch_build_2021-11-10_08-09-16/avx2/python3.9/pytorch/aten/src/ATen/native/cuda/Loss.cu:104: operator(): block: [52,0,0], thread: [42,0,0] Assertion `input_val >= zero && input_val <= one` failed.
/tmp/coulombc/pytorch_build_2021-11-10_08-09-16/avx2/python3.9/pytorch/aten/src/ATen/native/cuda/Loss.cu:104: operator(): block: [52,0,0], thread: [43,0,0] Assertion `input_val >= zero && input_val <= one` failed.
/tmp/coulombc/pytorch_build_2021-11-10_08-09-16/avx2/python3.9/pytorch/aten/src/ATen/native/cuda/Loss.cu:104: operator(): block: [52,0,0], thread: [44,0,0] Assertion `input_val >= zero && input_val <= one` failed.
/tmp/coulombc/pytorch_build_2021-11-10_08-09-16/avx2/python3.9/pytorch/aten/src/ATen/native/cuda/Loss.cu:104: operator(): block: [52,0,0], thread: [45,0,0] Assertion `input_val >= zero && input_val <= one` failed.
/tmp/coulombc/pytorch_build_2021-11-10_08-09-16/avx2/python3.9/pytorch/aten/src/ATen/native/cuda/Loss.cu:104: operator(): block: [52,0,0], thread: [46,0,0] Assertion `input_val >= zero && input_val <= one` failed.
/tmp/coulombc/pytorch_build_2021-11-10_08-09-16/avx2/python3.9/pytorch/aten/src/ATen/native/cuda/Loss.cu:104: operator(): block: [52,0,0], thread: [47,0,0] Assertion `input_val >= zero && input_val <= one` failed.
/tmp/coulombc/pytorch_build_2021-11-10_08-09-16/avx2/python3.9/pytorch/aten/src/ATen/native/cuda/Loss.cu:104: operator(): block: [52,0,0], thread: [48,0,0] Assertion `input_val >= zero && input_val <= one` failed.
/tmp/coulombc/pytorch_build_2021-11-10_08-09-16/avx2/python3.9/pytorch/aten/src/ATen/native/cuda/Loss.cu:104: operator(): block: [52,0,0], thread: [49,0,0] Assertion `input_val >= zero && input_val <= one` failed.
/tmp/coulombc/pytorch_build_2021-11-10_08-09-16/avx2/python3.9/pytorch/aten/src/ATen/native/cuda/Loss.cu:104: operator(): block: [52,0,0], thread: [50,0,0] Assertion `input_val >= zero && input_val <= one` failed.
/tmp/coulombc/pytorch_build_2021-11-10_08-09-16/avx2/python3.9/pytorch/aten/src/ATen/native/cuda/Loss.cu:104: operator(): block: [52,0,0], thread: [51,0,0] Assertion `input_val >= zero && input_val <= one` failed.
/tmp/coulombc/pytorch_build_2021-11-10_08-09-16/avx2/python3.9/pytorch/aten/src/ATen/native/cuda/Loss.cu:104: operator(): block: [52,0,0], thread: [52,0,0] Assertion `input_val >= zero && input_val <= one` failed.
/tmp/coulombc/pytorch_build_2021-11-10_08-09-16/avx2/python3.9/pytorch/aten/src/ATen/native/cuda/Loss.cu:104: operator(): block: [52,0,0], thread: [53,0,0] Assertion `input_val >= zero && input_val <= one` failed.
/tmp/coulombc/pytorch_build_2021-11-10_08-09-16/avx2/python3.9/pytorch/aten/src/ATen/native/cuda/Loss.cu:104: operator(): block: [52,0,0], thread: [54,0,0] Assertion `input_val >= zero && input_val <= one` failed.
/tmp/coulombc/pytorch_build_2021-11-10_08-09-16/avx2/python3.9/pytorch/aten/src/ATen/native/cuda/Loss.cu:104: operator(): block: [52,0,0], thread: [55,0,0] Assertion `input_val >= zero && input_val <= one` failed.
/tmp/coulombc/pytorch_build_2021-11-10_08-09-16/avx2/python3.9/pytorch/aten/src/ATen/native/cuda/Loss.cu:104: operator(): block: [52,0,0], thread: [56,0,0] Assertion `input_val >= zero && input_val <= one` failed.
/tmp/coulombc/pytorch_build_2021-11-10_08-09-16/avx2/python3.9/pytorch/aten/src/ATen/native/cuda/Loss.cu:104: operator(): block: [52,0,0], thread: [57,0,0] Assertion `input_val >= zero && input_val <= one` failed.
/tmp/coulombc/pytorch_build_2021-11-10_08-09-16/avx2/python3.9/pytorch/aten/src/ATen/native/cuda/Loss.cu:104: operator(): block: [52,0,0], thread: [58,0,0] Assertion `input_val >= zero && input_val <= one` failed.
/tmp/coulombc/pytorch_build_2021-11-10_08-09-16/avx2/python3.9/pytorch/aten/src/ATen/native/cuda/Loss.cu:104: operator(): block: [52,0,0], thread: [59,0,0] Assertion `input_val >= zero && input_val <= one` failed.
/tmp/coulombc/pytorch_build_2021-11-10_08-09-16/avx2/python3.9/pytorch/aten/src/ATen/native/cuda/Loss.cu:104: operator(): block: [52,0,0], thread: [60,0,0] Assertion `input_val >= zero && input_val <= one` failed.
/tmp/coulombc/pytorch_build_2021-11-10_08-09-16/avx2/python3.9/pytorch/aten/src/ATen/native/cuda/Loss.cu:104: operator(): block: [52,0,0], thread: [61,0,0] Assertion `input_val >= zero && input_val <= one` failed.
/tmp/coulombc/pytorch_build_2021-11-10_08-09-16/avx2/python3.9/pytorch/aten/src/ATen/native/cuda/Loss.cu:104: operator(): block: [52,0,0], thread: [62,0,0] Assertion `input_val >= zero && input_val <= one` failed.
/tmp/coulombc/pytorch_build_2021-11-10_08-09-16/avx2/python3.9/pytorch/aten/src/ATen/native/cuda/Loss.cu:104: operator(): block: [52,0,0], thread: [63,0,0] Assertion `input_val >= zero && input_val <= one` failed.
/tmp/coulombc/pytorch_build_2021-11-10_08-09-16/avx2/python3.9/pytorch/aten/src/ATen/native/cuda/Loss.cu:104: operator(): block: [42,0,0], thread: [32,0,0] Assertion `input_val >= zero && input_val <= one` failed.
/tmp/coulombc/pytorch_build_2021-11-10_08-09-16/avx2/python3.9/pytorch/aten/src/ATen/native/cuda/Loss.cu:104: operator(): block: [42,0,0], thread: [33,0,0] Assertion `input_val >= zero && input_val <= one` failed.
/tmp/coulombc/pytorch_build_2021-11-10_08-09-16/avx2/python3.9/pytorch/aten/src/ATen/native/cuda/Loss.cu:104: operator(): block: [42,0,0], thread: [34,0,0] Assertion `input_val >= zero && input_val <= one` failed.
/tmp/coulombc/pytorch_build_2021-11-10_08-09-16/avx2/python3.9/pytorch/aten/src/ATen/native/cuda/Loss.cu:104: operator(): block: [42,0,0], thread: [35,0,0] Assertion `input_val >= zero && input_val <= one` failed.
/tmp/coulombc/pytorch_build_2021-11-10_08-09-16/avx2/python3.9/pytorch/aten/src/ATen/native/cuda/Loss.cu:104: operator(): block: [42,0,0], thread: [36,0,0] Assertion `input_val >= zero && input_val <= one` failed.
/tmp/coulombc/pytorch_build_2021-11-10_08-09-16/avx2/python3.9/pytorch/aten/src/ATen/native/cuda/Loss.cu:104: operator(): block: [42,0,0], thread: [37,0,0] Assertion `input_val >= zero && input_val <= one` failed.
/tmp/coulombc/pytorch_build_2021-11-10_08-09-16/avx2/python3.9/pytorch/aten/src/ATen/native/cuda/Loss.cu:104: operator(): block: [42,0,0], thread: [38,0,0] Assertion `input_val >= zero && input_val <= one` failed.
/tmp/coulombc/pytorch_build_2021-11-10_08-09-16/avx2/python3.9/pytorch/aten/src/ATen/native/cuda/Loss.cu:104: operator(): block: [42,0,0], thread: [39,0,0] Assertion `input_val >= zero && input_val <= one` failed.
/tmp/coulombc/pytorch_build_2021-11-10_08-09-16/avx2/python3.9/pytorch/aten/src/ATen/native/cuda/Loss.cu:104: operator(): block: [42,0,0], thread: [40,0,0] Assertion `input_val >= zero && input_val <= one` failed.
/tmp/coulombc/pytorch_build_2021-11-10_08-09-16/avx2/python3.9/pytorch/aten/src/ATen/native/cuda/Loss.cu:104: operator(): block: [42,0,0], thread: [41,0,0] Assertion `input_val >= zero && input_val <= one` failed.
/tmp/coulombc/pytorch_build_2021-11-10_08-09-16/avx2/python3.9/pytorch/aten/src/ATen/native/cuda/Loss.cu:104: operator(): block: [42,0,0], thread: [42,0,0] Assertion `input_val >= zero && input_val <= one` failed.
/tmp/coulombc/pytorch_build_2021-11-10_08-09-16/avx2/python3.9/pytorch/aten/src/ATen/native/cuda/Loss.cu:104: operator(): block: [42,0,0], thread: [43,0,0] Assertion `input_val >= zero && input_val <= one` failed.
/tmp/coulombc/pytorch_build_2021-11-10_08-09-16/avx2/python3.9/pytorch/aten/src/ATen/native/cuda/Loss.cu:104: operator(): block: [42,0,0], thread: [44,0,0] Assertion `input_val >= zero && input_val <= one` failed.
/tmp/coulombc/pytorch_build_2021-11-10_08-09-16/avx2/python3.9/pytorch/aten/src/ATen/native/cuda/Loss.cu:104: operator(): block: [42,0,0], thread: [45,0,0] Assertion `input_val >= zero && input_val <= one` failed.
/tmp/coulombc/pytorch_build_2021-11-10_08-09-16/avx2/python3.9/pytorch/aten/src/ATen/native/cuda/Loss.cu:104: operator(): block: [42,0,0], thread: [46,0,0] Assertion `input_val >= zero && input_val <= one` failed.
/tmp/coulombc/pytorch_build_2021-11-10_08-09-16/avx2/python3.9/pytorch/aten/src/ATen/native/cuda/Loss.cu:104: operator(): block: [42,0,0], thread: [47,0,0] Assertion `input_val >= zero && input_val <= one` failed.
/tmp/coulombc/pytorch_build_2021-11-10_08-09-16/avx2/python3.9/pytorch/aten/src/ATen/native/cuda/Loss.cu:104: operator(): block: [42,0,0], thread: [48,0,0] Assertion `input_val >= zero && input_val <= one` failed.
/tmp/coulombc/pytorch_build_2021-11-10_08-09-16/avx2/python3.9/pytorch/aten/src/ATen/native/cuda/Loss.cu:104: operator(): block: [42,0,0], thread: [49,0,0] Assertion `input_val >= zero && input_val <= one` failed.
/tmp/coulombc/pytorch_build_2021-11-10_08-09-16/avx2/python3.9/pytorch/aten/src/ATen/native/cuda/Loss.cu:104: operator(): block: [42,0,0], thread: [50,0,0] Assertion `input_val >= zero && input_val <= one` failed.
/tmp/coulombc/pytorch_build_2021-11-10_08-09-16/avx2/python3.9/pytorch/aten/src/ATen/native/cuda/Loss.cu:104: operator(): block: [42,0,0], thread: [51,0,0] Assertion `input_val >= zero && input_val <= one` failed.
/tmp/coulombc/pytorch_build_2021-11-10_08-09-16/avx2/python3.9/pytorch/aten/src/ATen/native/cuda/Loss.cu:104: operator(): block: [42,0,0], thread: [52,0,0] Assertion `input_val >= zero && input_val <= one` failed.
/tmp/coulombc/pytorch_build_2021-11-10_08-09-16/avx2/python3.9/pytorch/aten/src/ATen/native/cuda/Loss.cu:104: operator(): block: [42,0,0], thread: [53,0,0] Assertion `input_val >= zero && input_val <= one` failed.
/tmp/coulombc/pytorch_build_2021-11-10_08-09-16/avx2/python3.9/pytorch/aten/src/ATen/native/cuda/Loss.cu:104: operator(): block: [42,0,0], thread: [54,0,0] Assertion `input_val >= zero && input_val <= one` failed.
/tmp/coulombc/pytorch_build_2021-11-10_08-09-16/avx2/python3.9/pytorch/aten/src/ATen/native/cuda/Loss.cu:104: operator(): block: [42,0,0], thread: [55,0,0] Assertion `input_val >= zero && input_val <= one` failed.
/tmp/coulombc/pytorch_build_2021-11-10_08-09-16/avx2/python3.9/pytorch/aten/src/ATen/native/cuda/Loss.cu:104: operator(): block: [42,0,0], thread: [56,0,0] Assertion `input_val >= zero && input_val <= one` failed.
/tmp/coulombc/pytorch_build_2021-11-10_08-09-16/avx2/python3.9/pytorch/aten/src/ATen/native/cuda/Loss.cu:104: operator(): block: [42,0,0], thread: [57,0,0] Assertion `input_val >= zero && input_val <= one` failed.
/tmp/coulombc/pytorch_build_2021-11-10_08-09-16/avx2/python3.9/pytorch/aten/src/ATen/native/cuda/Loss.cu:104: operator(): block: [42,0,0], thread: [58,0,0] Assertion `input_val >= zero && input_val <= one` failed.
/tmp/coulombc/pytorch_build_2021-11-10_08-09-16/avx2/python3.9/pytorch/aten/src/ATen/native/cuda/Loss.cu:104: operator(): block: [42,0,0], thread: [59,0,0] Assertion `input_val >= zero && input_val <= one` failed.
/tmp/coulombc/pytorch_build_2021-11-10_08-09-16/avx2/python3.9/pytorch/aten/src/ATen/native/cuda/Loss.cu:104: operator(): block: [42,0,0], thread: [60,0,0] Assertion `input_val >= zero && input_val <= one` failed.
/tmp/coulombc/pytorch_build_2021-11-10_08-09-16/avx2/python3.9/pytorch/aten/src/ATen/native/cuda/Loss.cu:104: operator(): block: [42,0,0], thread: [61,0,0] Assertion `input_val >= zero && input_val <= one` failed.
/tmp/coulombc/pytorch_build_2021-11-10_08-09-16/avx2/python3.9/pytorch/aten/src/ATen/native/cuda/Loss.cu:104: operator(): block: [42,0,0], thread: [62,0,0] Assertion `input_val >= zero && input_val <= one` failed.
/tmp/coulombc/pytorch_build_2021-11-10_08-09-16/avx2/python3.9/pytorch/aten/src/ATen/native/cuda/Loss.cu:104: operator(): block: [42,0,0], thread: [63,0,0] Assertion `input_val >= zero && input_val <= one` failed.
/tmp/coulombc/pytorch_build_2021-11-10_08-09-16/avx2/python3.9/pytorch/aten/src/ATen/native/cuda/Loss.cu:104: operator(): block: [42,0,0], thread: [0,0,0] Assertion `input_val >= zero && input_val <= one` failed.
/tmp/coulombc/pytorch_build_2021-11-10_08-09-16/avx2/python3.9/pytorch/aten/src/ATen/native/cuda/Loss.cu:104: operator(): block: [42,0,0], thread: [1,0,0] Assertion `input_val >= zero && input_val <= one` failed.
/tmp/coulombc/pytorch_build_2021-11-10_08-09-16/avx2/python3.9/pytorch/aten/src/ATen/native/cuda/Loss.cu:104: operator(): block: [42,0,0], thread: [2,0,0] Assertion `input_val >= zero && input_val <= one` failed.
/tmp/coulombc/pytorch_build_2021-11-10_08-09-16/avx2/python3.9/pytorch/aten/src/ATen/native/cuda/Loss.cu:104: operator(): block: [42,0,0], thread: [3,0,0] Assertion `input_val >= zero && input_val <= one` failed.
/tmp/coulombc/pytorch_build_2021-11-10_08-09-16/avx2/python3.9/pytorch/aten/src/ATen/native/cuda/Loss.cu:104: operator(): block: [42,0,0], thread: [4,0,0] Assertion `input_val >= zero && input_val <= one` failed.
/tmp/coulombc/pytorch_build_2021-11-10_08-09-16/avx2/python3.9/pytorch/aten/src/ATen/native/cuda/Loss.cu:104: operator(): block: [42,0,0], thread: [5,0,0] Assertion `input_val >= zero && input_val <= one` failed.
/tmp/coulombc/pytorch_build_2021-11-10_08-09-16/avx2/python3.9/pytorch/aten/src/ATen/native/cuda/Loss.cu:104: operator(): block: [42,0,0], thread: [6,0,0] Assertion `input_val >= zero && input_val <= one` failed.
/tmp/coulombc/pytorch_build_2021-11-10_08-09-16/avx2/python3.9/pytorch/aten/src/ATen/native/cuda/Loss.cu:104: operator(): block: [42,0,0], thread: [7,0,0] Assertion `input_val >= zero && input_val <= one` failed.
/tmp/coulombc/pytorch_build_2021-11-10_08-09-16/avx2/python3.9/pytorch/aten/src/ATen/native/cuda/Loss.cu:104: operator(): block: [42,0,0], thread: [8,0,0] Assertion `input_val >= zero && input_val <= one` failed.
/tmp/coulombc/pytorch_build_2021-11-10_08-09-16/avx2/python3.9/pytorch/aten/src/ATen/native/cuda/Loss.cu:104: operator(): block: [42,0,0], thread: [9,0,0] Assertion `input_val >= zero && input_val <= one` failed.
/tmp/coulombc/pytorch_build_2021-11-10_08-09-16/avx2/python3.9/pytorch/aten/src/ATen/native/cuda/Loss.cu:104: operator(): block: [42,0,0], thread: [10,0,0] Assertion `input_val >= zero && input_val <= one` failed.
/tmp/coulombc/pytorch_build_2021-11-10_08-09-16/avx2/python3.9/pytorch/aten/src/ATen/native/cuda/Loss.cu:104: operator(): block: [42,0,0], thread: [11,0,0] Assertion `input_val >= zero && input_val <= one` failed.
/tmp/coulombc/pytorch_build_2021-11-10_08-09-16/avx2/python3.9/pytorch/aten/src/ATen/native/cuda/Loss.cu:104: operator(): block: [42,0,0], thread: [12,0,0] Assertion `input_val >= zero && input_val <= one` failed.
/tmp/coulombc/pytorch_build_2021-11-10_08-09-16/avx2/python3.9/pytorch/aten/src/ATen/native/cuda/Loss.cu:104: operator(): block: [42,0,0], thread: [13,0,0] Assertion `input_val >= zero && input_val <= one` failed.
/tmp/coulombc/pytorch_build_2021-11-10_08-09-16/avx2/python3.9/pytorch/aten/src/ATen/native/cuda/Loss.cu:104: operator(): block: [42,0,0], thread: [14,0,0] Assertion `input_val >= zero && input_val <= one` failed.
/tmp/coulombc/pytorch_build_2021-11-10_08-09-16/avx2/python3.9/pytorch/aten/src/ATen/native/cuda/Loss.cu:104: operator(): block: [42,0,0], thread: [15,0,0] Assertion `input_val >= zero && input_val <= one` failed.
/tmp/coulombc/pytorch_build_2021-11-10_08-09-16/avx2/python3.9/pytorch/aten/src/ATen/native/cuda/Loss.cu:104: operator(): block: [42,0,0], thread: [16,0,0] Assertion `input_val >= zero && input_val <= one` failed.
/tmp/coulombc/pytorch_build_2021-11-10_08-09-16/avx2/python3.9/pytorch/aten/src/ATen/native/cuda/Loss.cu:104: operator(): block: [42,0,0], thread: [17,0,0] Assertion `input_val >= zero && input_val <= one` failed.
/tmp/coulombc/pytorch_build_2021-11-10_08-09-16/avx2/python3.9/pytorch/aten/src/ATen/native/cuda/Loss.cu:104: operator(): block: [42,0,0], thread: [18,0,0] Assertion `input_val >= zero && input_val <= one` failed.
/tmp/coulombc/pytorch_build_2021-11-10_08-09-16/avx2/python3.9/pytorch/aten/src/ATen/native/cuda/Loss.cu:104: operator(): block: [42,0,0], thread: [19,0,0] Assertion `input_val >= zero && input_val <= one` failed.
/tmp/coulombc/pytorch_build_2021-11-10_08-09-16/avx2/python3.9/pytorch/aten/src/ATen/native/cuda/Loss.cu:104: operator(): block: [42,0,0], thread: [20,0,0] Assertion `input_val >= zero && input_val <= one` failed.
/tmp/coulombc/pytorch_build_2021-11-10_08-09-16/avx2/python3.9/pytorch/aten/src/ATen/native/cuda/Loss.cu:104: operator(): block: [42,0,0], thread: [21,0,0] Assertion `input_val >= zero && input_val <= one` failed.
/tmp/coulombc/pytorch_build_2021-11-10_08-09-16/avx2/python3.9/pytorch/aten/src/ATen/native/cuda/Loss.cu:104: operator(): block: [42,0,0], thread: [22,0,0] Assertion `input_val >= zero && input_val <= one` failed.
/tmp/coulombc/pytorch_build_2021-11-10_08-09-16/avx2/python3.9/pytorch/aten/src/ATen/native/cuda/Loss.cu:104: operator(): block: [42,0,0], thread: [23,0,0] Assertion `input_val >= zero && input_val <= one` failed.
/tmp/coulombc/pytorch_build_2021-11-10_08-09-16/avx2/python3.9/pytorch/aten/src/ATen/native/cuda/Loss.cu:104: operator(): block: [42,0,0], thread: [24,0,0] Assertion `input_val >= zero && input_val <= one` failed.
/tmp/coulombc/pytorch_build_2021-11-10_08-09-16/avx2/python3.9/pytorch/aten/src/ATen/native/cuda/Loss.cu:104: operator(): block: [42,0,0], thread: [25,0,0] Assertion `input_val >= zero && input_val <= one` failed.
/tmp/coulombc/pytorch_build_2021-11-10_08-09-16/avx2/python3.9/pytorch/aten/src/ATen/native/cuda/Loss.cu:104: operator(): block: [42,0,0], thread: [26,0,0] Assertion `input_val >= zero && input_val <= one` failed.
/tmp/coulombc/pytorch_build_2021-11-10_08-09-16/avx2/python3.9/pytorch/aten/src/ATen/native/cuda/Loss.cu:104: operator(): block: [42,0,0], thread: [27,0,0] Assertion `input_val >= zero && input_val <= one` failed.
/tmp/coulombc/pytorch_build_2021-11-10_08-09-16/avx2/python3.9/pytorch/aten/src/ATen/native/cuda/Loss.cu:104: operator(): block: [42,0,0], thread: [28,0,0] Assertion `input_val >= zero && input_val <= one` failed.
/tmp/coulombc/pytorch_build_2021-11-10_08-09-16/avx2/python3.9/pytorch/aten/src/ATen/native/cuda/Loss.cu:104: operator(): block: [42,0,0], thread: [29,0,0] Assertion `input_val >= zero && input_val <= one` failed.
/tmp/coulombc/pytorch_build_2021-11-10_08-09-16/avx2/python3.9/pytorch/aten/src/ATen/native/cuda/Loss.cu:104: operator(): block: [42,0,0], thread: [30,0,0] Assertion `input_val >= zero && input_val <= one` failed.
/tmp/coulombc/pytorch_build_2021-11-10_08-09-16/avx2/python3.9/pytorch/aten/src/ATen/native/cuda/Loss.cu:104: operator(): block: [42,0,0], thread: [31,0,0] Assertion `input_val >= zero && input_val <= one` failed.
/tmp/coulombc/pytorch_build_2021-11-10_08-09-16/avx2/python3.9/pytorch/aten/src/ATen/native/cuda/Loss.cu:104: operator(): block: [45,0,0], thread: [0,0,0] Assertion `input_val >= zero && input_val <= one` failed.
/tmp/coulombc/pytorch_build_2021-11-10_08-09-16/avx2/python3.9/pytorch/aten/src/ATen/native/cuda/Loss.cu:104: operator(): block: [45,0,0], thread: [1,0,0] Assertion `input_val >= zero && input_val <= one` failed.
/tmp/coulombc/pytorch_build_2021-11-10_08-09-16/avx2/python3.9/pytorch/aten/src/ATen/native/cuda/Loss.cu:104: operator(): block: [45,0,0], thread: [2,0,0] Assertion `input_val >= zero && input_val <= one` failed.
/tmp/coulombc/pytorch_build_2021-11-10_08-09-16/avx2/python3.9/pytorch/aten/src/ATen/native/cuda/Loss.cu:104: operator(): block: [45,0,0], thread: [3,0,0] Assertion `input_val >= zero && input_val <= one` failed.
/tmp/coulombc/pytorch_build_2021-11-10_08-09-16/avx2/python3.9/pytorch/aten/src/ATen/native/cuda/Loss.cu:104: operator(): block: [45,0,0], thread: [4,0,0] Assertion `input_val >= zero && input_val <= one` failed.
/tmp/coulombc/pytorch_build_2021-11-10_08-09-16/avx2/python3.9/pytorch/aten/src/ATen/native/cuda/Loss.cu:104: operator(): block: [45,0,0], thread: [5,0,0] Assertion `input_val >= zero && input_val <= one` failed.
/tmp/coulombc/pytorch_build_2021-11-10_08-09-16/avx2/python3.9/pytorch/aten/src/ATen/native/cuda/Loss.cu:104: operator(): block: [45,0,0], thread: [6,0,0] Assertion `input_val >= zero && input_val <= one` failed.
/tmp/coulombc/pytorch_build_2021-11-10_08-09-16/avx2/python3.9/pytorch/aten/src/ATen/native/cuda/Loss.cu:104: operator(): block: [45,0,0], thread: [7,0,0] Assertion `input_val >= zero && input_val <= one` failed.
/tmp/coulombc/pytorch_build_2021-11-10_08-09-16/avx2/python3.9/pytorch/aten/src/ATen/native/cuda/Loss.cu:104: operator(): block: [45,0,0], thread: [8,0,0] Assertion `input_val >= zero && input_val <= one` failed.
/tmp/coulombc/pytorch_build_2021-11-10_08-09-16/avx2/python3.9/pytorch/aten/src/ATen/native/cuda/Loss.cu:104: operator(): block: [45,0,0], thread: [9,0,0] Assertion `input_val >= zero && input_val <= one` failed.
/tmp/coulombc/pytorch_build_2021-11-10_08-09-16/avx2/python3.9/pytorch/aten/src/ATen/native/cuda/Loss.cu:104: operator(): block: [45,0,0], thread: [10,0,0] Assertion `input_val >= zero && input_val <= one` failed.
/tmp/coulombc/pytorch_build_2021-11-10_08-09-16/avx2/python3.9/pytorch/aten/src/ATen/native/cuda/Loss.cu:104: operator(): block: [45,0,0], thread: [11,0,0] Assertion `input_val >= zero && input_val <= one` failed.
/tmp/coulombc/pytorch_build_2021-11-10_08-09-16/avx2/python3.9/pytorch/aten/src/ATen/native/cuda/Loss.cu:104: operator(): block: [45,0,0], thread: [12,0,0] Assertion `input_val >= zero && input_val <= one` failed.
/tmp/coulombc/pytorch_build_2021-11-10_08-09-16/avx2/python3.9/pytorch/aten/src/ATen/native/cuda/Loss.cu:104: operator(): block: [45,0,0], thread: [13,0,0] Assertion `input_val >= zero && input_val <= one` failed.
/tmp/coulombc/pytorch_build_2021-11-10_08-09-16/avx2/python3.9/pytorch/aten/src/ATen/native/cuda/Loss.cu:104: operator(): block: [45,0,0], thread: [14,0,0] Assertion `input_val >= zero && input_val <= one` failed.
/tmp/coulombc/pytorch_build_2021-11-10_08-09-16/avx2/python3.9/pytorch/aten/src/ATen/native/cuda/Loss.cu:104: operator(): block: [45,0,0], thread: [15,0,0] Assertion `input_val >= zero && input_val <= one` failed.
/tmp/coulombc/pytorch_build_2021-11-10_08-09-16/avx2/python3.9/pytorch/aten/src/ATen/native/cuda/Loss.cu:104: operator(): block: [45,0,0], thread: [16,0,0] Assertion `input_val >= zero && input_val <= one` failed.
/tmp/coulombc/pytorch_build_2021-11-10_08-09-16/avx2/python3.9/pytorch/aten/src/ATen/native/cuda/Loss.cu:104: operator(): block: [45,0,0], thread: [17,0,0] Assertion `input_val >= zero && input_val <= one` failed.
/tmp/coulombc/pytorch_build_2021-11-10_08-09-16/avx2/python3.9/pytorch/aten/src/ATen/native/cuda/Loss.cu:104: operator(): block: [45,0,0], thread: [18,0,0] Assertion `input_val >= zero && input_val <= one` failed.
/tmp/coulombc/pytorch_build_2021-11-10_08-09-16/avx2/python3.9/pytorch/aten/src/ATen/native/cuda/Loss.cu:104: operator(): block: [45,0,0], thread: [19,0,0] Assertion `input_val >= zero && input_val <= one` failed.
/tmp/coulombc/pytorch_build_2021-11-10_08-09-16/avx2/python3.9/pytorch/aten/src/ATen/native/cuda/Loss.cu:104: operator(): block: [45,0,0], thread: [20,0,0] Assertion `input_val >= zero && input_val <= one` failed.
/tmp/coulombc/pytorch_build_2021-11-10_08-09-16/avx2/python3.9/pytorch/aten/src/ATen/native/cuda/Loss.cu:104: operator(): block: [45,0,0], thread: [21,0,0] Assertion `input_val >= zero && input_val <= one` failed.
/tmp/coulombc/pytorch_build_2021-11-10_08-09-16/avx2/python3.9/pytorch/aten/src/ATen/native/cuda/Loss.cu:104: operator(): block: [45,0,0], thread: [22,0,0] Assertion `input_val >= zero && input_val <= one` failed.
/tmp/coulombc/pytorch_build_2021-11-10_08-09-16/avx2/python3.9/pytorch/aten/src/ATen/native/cuda/Loss.cu:104: operator(): block: [45,0,0], thread: [23,0,0] Assertion `input_val >= zero && input_val <= one` failed.
/tmp/coulombc/pytorch_build_2021-11-10_08-09-16/avx2/python3.9/pytorch/aten/src/ATen/native/cuda/Loss.cu:104: operator(): block: [45,0,0], thread: [24,0,0] Assertion `input_val >= zero && input_val <= one` failed.
/tmp/coulombc/pytorch_build_2021-11-10_08-09-16/avx2/python3.9/pytorch/aten/src/ATen/native/cuda/Loss.cu:104: operator(): block: [45,0,0], thread: [25,0,0] Assertion `input_val >= zero && input_val <= one` failed.
/tmp/coulombc/pytorch_build_2021-11-10_08-09-16/avx2/python3.9/pytorch/aten/src/ATen/native/cuda/Loss.cu:104: operator(): block: [45,0,0], thread: [26,0,0] Assertion `input_val >= zero && input_val <= one` failed.
/tmp/coulombc/pytorch_build_2021-11-10_08-09-16/avx2/python3.9/pytorch/aten/src/ATen/native/cuda/Loss.cu:104: operator(): block: [45,0,0], thread: [27,0,0] Assertion `input_val >= zero && input_val <= one` failed.
/tmp/coulombc/pytorch_build_2021-11-10_08-09-16/avx2/python3.9/pytorch/aten/src/ATen/native/cuda/Loss.cu:104: operator(): block: [45,0,0], thread: [28,0,0] Assertion `input_val >= zero && input_val <= one` failed.
/tmp/coulombc/pytorch_build_2021-11-10_08-09-16/avx2/python3.9/pytorch/aten/src/ATen/native/cuda/Loss.cu:104: operator(): block: [45,0,0], thread: [29,0,0] Assertion `input_val >= zero && input_val <= one` failed.
/tmp/coulombc/pytorch_build_2021-11-10_08-09-16/avx2/python3.9/pytorch/aten/src/ATen/native/cuda/Loss.cu:104: operator(): block: [45,0,0], thread: [30,0,0] Assertion `input_val >= zero && input_val <= one` failed.
/tmp/coulombc/pytorch_build_2021-11-10_08-09-16/avx2/python3.9/pytorch/aten/src/ATen/native/cuda/Loss.cu:104: operator(): block: [45,0,0], thread: [31,0,0] Assertion `input_val >= zero && input_val <= one` failed.
/tmp/coulombc/pytorch_build_2021-11-10_08-09-16/avx2/python3.9/pytorch/aten/src/ATen/native/cuda/Loss.cu:104: operator(): block: [45,0,0], thread: [32,0,0] Assertion `input_val >= zero && input_val <= one` failed.
/tmp/coulombc/pytorch_build_2021-11-10_08-09-16/avx2/python3.9/pytorch/aten/src/ATen/native/cuda/Loss.cu:104: operator(): block: [45,0,0], thread: [33,0,0] Assertion `input_val >= zero && input_val <= one` failed.
/tmp/coulombc/pytorch_build_2021-11-10_08-09-16/avx2/python3.9/pytorch/aten/src/ATen/native/cuda/Loss.cu:104: operator(): block: [45,0,0], thread: [34,0,0] Assertion `input_val >= zero && input_val <= one` failed.
/tmp/coulombc/pytorch_build_2021-11-10_08-09-16/avx2/python3.9/pytorch/aten/src/ATen/native/cuda/Loss.cu:104: operator(): block: [45,0,0], thread: [35,0,0] Assertion `input_val >= zero && input_val <= one` failed.
/tmp/coulombc/pytorch_build_2021-11-10_08-09-16/avx2/python3.9/pytorch/aten/src/ATen/native/cuda/Loss.cu:104: operator(): block: [45,0,0], thread: [36,0,0] Assertion `input_val >= zero && input_val <= one` failed.
/tmp/coulombc/pytorch_build_2021-11-10_08-09-16/avx2/python3.9/pytorch/aten/src/ATen/native/cuda/Loss.cu:104: operator(): block: [45,0,0], thread: [37,0,0] Assertion `input_val >= zero && input_val <= one` failed.
/tmp/coulombc/pytorch_build_2021-11-10_08-09-16/avx2/python3.9/pytorch/aten/src/ATen/native/cuda/Loss.cu:104: operator(): block: [45,0,0], thread: [38,0,0] Assertion `input_val >= zero && input_val <= one` failed.
/tmp/coulombc/pytorch_build_2021-11-10_08-09-16/avx2/python3.9/pytorch/aten/src/ATen/native/cuda/Loss.cu:104: operator(): block: [45,0,0], thread: [39,0,0] Assertion `input_val >= zero && input_val <= one` failed.
/tmp/coulombc/pytorch_build_2021-11-10_08-09-16/avx2/python3.9/pytorch/aten/src/ATen/native/cuda/Loss.cu:104: operator(): block: [45,0,0], thread: [40,0,0] Assertion `input_val >= zero && input_val <= one` failed.
/tmp/coulombc/pytorch_build_2021-11-10_08-09-16/avx2/python3.9/pytorch/aten/src/ATen/native/cuda/Loss.cu:104: operator(): block: [45,0,0], thread: [41,0,0] Assertion `input_val >= zero && input_val <= one` failed.
/tmp/coulombc/pytorch_build_2021-11-10_08-09-16/avx2/python3.9/pytorch/aten/src/ATen/native/cuda/Loss.cu:104: operator(): block: [45,0,0], thread: [42,0,0] Assertion `input_val >= zero && input_val <= one` failed.
/tmp/coulombc/pytorch_build_2021-11-10_08-09-16/avx2/python3.9/pytorch/aten/src/ATen/native/cuda/Loss.cu:104: operator(): block: [45,0,0], thread: [43,0,0] Assertion `input_val >= zero && input_val <= one` failed.
/tmp/coulombc/pytorch_build_2021-11-10_08-09-16/avx2/python3.9/pytorch/aten/src/ATen/native/cuda/Loss.cu:104: operator(): block: [45,0,0], thread: [44,0,0] Assertion `input_val >= zero && input_val <= one` failed.
/tmp/coulombc/pytorch_build_2021-11-10_08-09-16/avx2/python3.9/pytorch/aten/src/ATen/native/cuda/Loss.cu:104: operator(): block: [45,0,0], thread: [45,0,0] Assertion `input_val >= zero && input_val <= one` failed.
/tmp/coulombc/pytorch_build_2021-11-10_08-09-16/avx2/python3.9/pytorch/aten/src/ATen/native/cuda/Loss.cu:104: operator(): block: [45,0,0], thread: [46,0,0] Assertion `input_val >= zero && input_val <= one` failed.
/tmp/coulombc/pytorch_build_2021-11-10_08-09-16/avx2/python3.9/pytorch/aten/src/ATen/native/cuda/Loss.cu:104: operator(): block: [45,0,0], thread: [47,0,0] Assertion `input_val >= zero && input_val <= one` failed.
/tmp/coulombc/pytorch_build_2021-11-10_08-09-16/avx2/python3.9/pytorch/aten/src/ATen/native/cuda/Loss.cu:104: operator(): block: [45,0,0], thread: [48,0,0] Assertion `input_val >= zero && input_val <= one` failed.
/tmp/coulombc/pytorch_build_2021-11-10_08-09-16/avx2/python3.9/pytorch/aten/src/ATen/native/cuda/Loss.cu:104: operator(): block: [45,0,0], thread: [49,0,0] Assertion `input_val >= zero && input_val <= one` failed.
/tmp/coulombc/pytorch_build_2021-11-10_08-09-16/avx2/python3.9/pytorch/aten/src/ATen/native/cuda/Loss.cu:104: operator(): block: [45,0,0], thread: [50,0,0] Assertion `input_val >= zero && input_val <= one` failed.
/tmp/coulombc/pytorch_build_2021-11-10_08-09-16/avx2/python3.9/pytorch/aten/src/ATen/native/cuda/Loss.cu:104: operator(): block: [45,0,0], thread: [51,0,0] Assertion `input_val >= zero && input_val <= one` failed.
/tmp/coulombc/pytorch_build_2021-11-10_08-09-16/avx2/python3.9/pytorch/aten/src/ATen/native/cuda/Loss.cu:104: operator(): block: [45,0,0], thread: [52,0,0] Assertion `input_val >= zero && input_val <= one` failed.
/tmp/coulombc/pytorch_build_2021-11-10_08-09-16/avx2/python3.9/pytorch/aten/src/ATen/native/cuda/Loss.cu:104: operator(): block: [45,0,0], thread: [53,0,0] Assertion `input_val >= zero && input_val <= one` failed.
/tmp/coulombc/pytorch_build_2021-11-10_08-09-16/avx2/python3.9/pytorch/aten/src/ATen/native/cuda/Loss.cu:104: operator(): block: [45,0,0], thread: [54,0,0] Assertion `input_val >= zero && input_val <= one` failed.
/tmp/coulombc/pytorch_build_2021-11-10_08-09-16/avx2/python3.9/pytorch/aten/src/ATen/native/cuda/Loss.cu:104: operator(): block: [45,0,0], thread: [55,0,0] Assertion `input_val >= zero && input_val <= one` failed.
/tmp/coulombc/pytorch_build_2021-11-10_08-09-16/avx2/python3.9/pytorch/aten/src/ATen/native/cuda/Loss.cu:104: operator(): block: [45,0,0], thread: [56,0,0] Assertion `input_val >= zero && input_val <= one` failed.
/tmp/coulombc/pytorch_build_2021-11-10_08-09-16/avx2/python3.9/pytorch/aten/src/ATen/native/cuda/Loss.cu:104: operator(): block: [45,0,0], thread: [57,0,0] Assertion `input_val >= zero && input_val <= one` failed.
/tmp/coulombc/pytorch_build_2021-11-10_08-09-16/avx2/python3.9/pytorch/aten/src/ATen/native/cuda/Loss.cu:104: operator(): block: [45,0,0], thread: [58,0,0] Assertion `input_val >= zero && input_val <= one` failed.
/tmp/coulombc/pytorch_build_2021-11-10_08-09-16/avx2/python3.9/pytorch/aten/src/ATen/native/cuda/Loss.cu:104: operator(): block: [45,0,0], thread: [59,0,0] Assertion `input_val >= zero && input_val <= one` failed.
/tmp/coulombc/pytorch_build_2021-11-10_08-09-16/avx2/python3.9/pytorch/aten/src/ATen/native/cuda/Loss.cu:104: operator(): block: [45,0,0], thread: [60,0,0] Assertion `input_val >= zero && input_val <= one` failed.
/tmp/coulombc/pytorch_build_2021-11-10_08-09-16/avx2/python3.9/pytorch/aten/src/ATen/native/cuda/Loss.cu:104: operator(): block: [45,0,0], thread: [61,0,0] Assertion `input_val >= zero && input_val <= one` failed.
/tmp/coulombc/pytorch_build_2021-11-10_08-09-16/avx2/python3.9/pytorch/aten/src/ATen/native/cuda/Loss.cu:104: operator(): block: [45,0,0], thread: [62,0,0] Assertion `input_val >= zero && input_val <= one` failed.
/tmp/coulombc/pytorch_build_2021-11-10_08-09-16/avx2/python3.9/pytorch/aten/src/ATen/native/cuda/Loss.cu:104: operator(): block: [45,0,0], thread: [63,0,0] Assertion `input_val >= zero && input_val <= one` failed.
/tmp/coulombc/pytorch_build_2021-11-10_08-09-16/avx2/python3.9/pytorch/aten/src/ATen/native/cuda/Loss.cu:104: operator(): block: [6,0,0], thread: [32,0,0] Assertion `input_val >= zero && input_val <= one` failed.
/tmp/coulombc/pytorch_build_2021-11-10_08-09-16/avx2/python3.9/pytorch/aten/src/ATen/native/cuda/Loss.cu:104: operator(): block: [6,0,0], thread: [33,0,0] Assertion `input_val >= zero && input_val <= one` failed.
/tmp/coulombc/pytorch_build_2021-11-10_08-09-16/avx2/python3.9/pytorch/aten/src/ATen/native/cuda/Loss.cu:104: operator(): block: [6,0,0], thread: [34,0,0] Assertion `input_val >= zero && input_val <= one` failed.
/tmp/coulombc/pytorch_build_2021-11-10_08-09-16/avx2/python3.9/pytorch/aten/src/ATen/native/cuda/Loss.cu:104: operator(): block: [6,0,0], thread: [35,0,0] Assertion `input_val >= zero && input_val <= one` failed.
/tmp/coulombc/pytorch_build_2021-11-10_08-09-16/avx2/python3.9/pytorch/aten/src/ATen/native/cuda/Loss.cu:104: operator(): block: [6,0,0], thread: [36,0,0] Assertion `input_val >= zero && input_val <= one` failed.
/tmp/coulombc/pytorch_build_2021-11-10_08-09-16/avx2/python3.9/pytorch/aten/src/ATen/native/cuda/Loss.cu:104: operator(): block: [6,0,0], thread: [37,0,0] Assertion `input_val >= zero && input_val <= one` failed.
/tmp/coulombc/pytorch_build_2021-11-10_08-09-16/avx2/python3.9/pytorch/aten/src/ATen/native/cuda/Loss.cu:104: operator(): block: [6,0,0], thread: [38,0,0] Assertion `input_val >= zero && input_val <= one` failed.
/tmp/coulombc/pytorch_build_2021-11-10_08-09-16/avx2/python3.9/pytorch/aten/src/ATen/native/cuda/Loss.cu:104: operator(): block: [6,0,0], thread: [39,0,0] Assertion `input_val >= zero && input_val <= one` failed.
/tmp/coulombc/pytorch_build_2021-11-10_08-09-16/avx2/python3.9/pytorch/aten/src/ATen/native/cuda/Loss.cu:104: operator(): block: [6,0,0], thread: [40,0,0] Assertion `input_val >= zero && input_val <= one` failed.
/tmp/coulombc/pytorch_build_2021-11-10_08-09-16/avx2/python3.9/pytorch/aten/src/ATen/native/cuda/Loss.cu:104: operator(): block: [6,0,0], thread: [41,0,0] Assertion `input_val >= zero && input_val <= one` failed.
/tmp/coulombc/pytorch_build_2021-11-10_08-09-16/avx2/python3.9/pytorch/aten/src/ATen/native/cuda/Loss.cu:104: operator(): block: [6,0,0], thread: [42,0,0] Assertion `input_val >= zero && input_val <= one` failed.
/tmp/coulombc/pytorch_build_2021-11-10_08-09-16/avx2/python3.9/pytorch/aten/src/ATen/native/cuda/Loss.cu:104: operator(): block: [6,0,0], thread: [43,0,0] Assertion `input_val >= zero && input_val <= one` failed.
/tmp/coulombc/pytorch_build_2021-11-10_08-09-16/avx2/python3.9/pytorch/aten/src/ATen/native/cuda/Loss.cu:104: operator(): block: [6,0,0], thread: [44,0,0] Assertion `input_val >= zero && input_val <= one` failed.
/tmp/coulombc/pytorch_build_2021-11-10_08-09-16/avx2/python3.9/pytorch/aten/src/ATen/native/cuda/Loss.cu:104: operator(): block: [6,0,0], thread: [45,0,0] Assertion `input_val >= zero && input_val <= one` failed.
/tmp/coulombc/pytorch_build_2021-11-10_08-09-16/avx2/python3.9/pytorch/aten/src/ATen/native/cuda/Loss.cu:104: operator(): block: [6,0,0], thread: [46,0,0] Assertion `input_val >= zero && input_val <= one` failed.
/tmp/coulombc/pytorch_build_2021-11-10_08-09-16/avx2/python3.9/pytorch/aten/src/ATen/native/cuda/Loss.cu:104: operator(): block: [6,0,0], thread: [47,0,0] Assertion `input_val >= zero && input_val <= one` failed.
/tmp/coulombc/pytorch_build_2021-11-10_08-09-16/avx2/python3.9/pytorch/aten/src/ATen/native/cuda/Loss.cu:104: operator(): block: [6,0,0], thread: [48,0,0] Assertion `input_val >= zero && input_val <= one` failed.
/tmp/coulombc/pytorch_build_2021-11-10_08-09-16/avx2/python3.9/pytorch/aten/src/ATen/native/cuda/Loss.cu:104: operator(): block: [6,0,0], thread: [49,0,0] Assertion `input_val >= zero && input_val <= one` failed.
/tmp/coulombc/pytorch_build_2021-11-10_08-09-16/avx2/python3.9/pytorch/aten/src/ATen/native/cuda/Loss.cu:104: operator(): block: [6,0,0], thread: [50,0,0] Assertion `input_val >= zero && input_val <= one` failed.
/tmp/coulombc/pytorch_build_2021-11-10_08-09-16/avx2/python3.9/pytorch/aten/src/ATen/native/cuda/Loss.cu:104: operator(): block: [6,0,0], thread: [51,0,0] Assertion `input_val >= zero && input_val <= one` failed.
/tmp/coulombc/pytorch_build_2021-11-10_08-09-16/avx2/python3.9/pytorch/aten/src/ATen/native/cuda/Loss.cu:104: operator(): block: [6,0,0], thread: [52,0,0] Assertion `input_val >= zero && input_val <= one` failed.
/tmp/coulombc/pytorch_build_2021-11-10_08-09-16/avx2/python3.9/pytorch/aten/src/ATen/native/cuda/Loss.cu:104: operator(): block: [6,0,0], thread: [53,0,0] Assertion `input_val >= zero && input_val <= one` failed.
/tmp/coulombc/pytorch_build_2021-11-10_08-09-16/avx2/python3.9/pytorch/aten/src/ATen/native/cuda/Loss.cu:104: operator(): block: [6,0,0], thread: [54,0,0] Assertion `input_val >= zero && input_val <= one` failed.
/tmp/coulombc/pytorch_build_2021-11-10_08-09-16/avx2/python3.9/pytorch/aten/src/ATen/native/cuda/Loss.cu:104: operator(): block: [6,0,0], thread: [55,0,0] Assertion `input_val >= zero && input_val <= one` failed.
/tmp/coulombc/pytorch_build_2021-11-10_08-09-16/avx2/python3.9/pytorch/aten/src/ATen/native/cuda/Loss.cu:104: operator(): block: [6,0,0], thread: [56,0,0] Assertion `input_val >= zero && input_val <= one` failed.
/tmp/coulombc/pytorch_build_2021-11-10_08-09-16/avx2/python3.9/pytorch/aten/src/ATen/native/cuda/Loss.cu:104: operator(): block: [6,0,0], thread: [57,0,0] Assertion `input_val >= zero && input_val <= one` failed.
/tmp/coulombc/pytorch_build_2021-11-10_08-09-16/avx2/python3.9/pytorch/aten/src/ATen/native/cuda/Loss.cu:104: operator(): block: [6,0,0], thread: [58,0,0] Assertion `input_val >= zero && input_val <= one` failed.
/tmp/coulombc/pytorch_build_2021-11-10_08-09-16/avx2/python3.9/pytorch/aten/src/ATen/native/cuda/Loss.cu:104: operator(): block: [6,0,0], thread: [59,0,0] Assertion `input_val >= zero && input_val <= one` failed.
/tmp/coulombc/pytorch_build_2021-11-10_08-09-16/avx2/python3.9/pytorch/aten/src/ATen/native/cuda/Loss.cu:104: operator(): block: [6,0,0], thread: [60,0,0] Assertion `input_val >= zero && input_val <= one` failed.
/tmp/coulombc/pytorch_build_2021-11-10_08-09-16/avx2/python3.9/pytorch/aten/src/ATen/native/cuda/Loss.cu:104: operator(): block: [6,0,0], thread: [61,0,0] Assertion `input_val >= zero && input_val <= one` failed.
/tmp/coulombc/pytorch_build_2021-11-10_08-09-16/avx2/python3.9/pytorch/aten/src/ATen/native/cuda/Loss.cu:104: operator(): block: [6,0,0], thread: [62,0,0] Assertion `input_val >= zero && input_val <= one` failed.
/tmp/coulombc/pytorch_build_2021-11-10_08-09-16/avx2/python3.9/pytorch/aten/src/ATen/native/cuda/Loss.cu:104: operator(): block: [6,0,0], thread: [63,0,0] Assertion `input_val >= zero && input_val <= one` failed.
/tmp/coulombc/pytorch_build_2021-11-10_08-09-16/avx2/python3.9/pytorch/aten/src/ATen/native/cuda/Loss.cu:104: operator(): block: [6,0,0], thread: [0,0,0] Assertion `input_val >= zero && input_val <= one` failed.
/tmp/coulombc/pytorch_build_2021-11-10_08-09-16/avx2/python3.9/pytorch/aten/src/ATen/native/cuda/Loss.cu:104: operator(): block: [6,0,0], thread: [1,0,0] Assertion `input_val >= zero && input_val <= one` failed.
/tmp/coulombc/pytorch_build_2021-11-10_08-09-16/avx2/python3.9/pytorch/aten/src/ATen/native/cuda/Loss.cu:104: operator(): block: [6,0,0], thread: [2,0,0] Assertion `input_val >= zero && input_val <= one` failed.
/tmp/coulombc/pytorch_build_2021-11-10_08-09-16/avx2/python3.9/pytorch/aten/src/ATen/native/cuda/Loss.cu:104: operator(): block: [6,0,0], thread: [3,0,0] Assertion `input_val >= zero && input_val <= one` failed.
/tmp/coulombc/pytorch_build_2021-11-10_08-09-16/avx2/python3.9/pytorch/aten/src/ATen/native/cuda/Loss.cu:104: operator(): block: [6,0,0], thread: [4,0,0] Assertion `input_val >= zero && input_val <= one` failed.
/tmp/coulombc/pytorch_build_2021-11-10_08-09-16/avx2/python3.9/pytorch/aten/src/ATen/native/cuda/Loss.cu:104: operator(): block: [6,0,0], thread: [5,0,0] Assertion `input_val >= zero && input_val <= one` failed.
/tmp/coulombc/pytorch_build_2021-11-10_08-09-16/avx2/python3.9/pytorch/aten/src/ATen/native/cuda/Loss.cu:104: operator(): block: [6,0,0], thread: [6,0,0] Assertion `input_val >= zero && input_val <= one` failed.
/tmp/coulombc/pytorch_build_2021-11-10_08-09-16/avx2/python3.9/pytorch/aten/src/ATen/native/cuda/Loss.cu:104: operator(): block: [6,0,0], thread: [7,0,0] Assertion `input_val >= zero && input_val <= one` failed.
/tmp/coulombc/pytorch_build_2021-11-10_08-09-16/avx2/python3.9/pytorch/aten/src/ATen/native/cuda/Loss.cu:104: operator(): block: [6,0,0], thread: [8,0,0] Assertion `input_val >= zero && input_val <= one` failed.
/tmp/coulombc/pytorch_build_2021-11-10_08-09-16/avx2/python3.9/pytorch/aten/src/ATen/native/cuda/Loss.cu:104: operator(): block: [6,0,0], thread: [9,0,0] Assertion `input_val >= zero && input_val <= one` failed.
/tmp/coulombc/pytorch_build_2021-11-10_08-09-16/avx2/python3.9/pytorch/aten/src/ATen/native/cuda/Loss.cu:104: operator(): block: [6,0,0], thread: [10,0,0] Assertion `input_val >= zero && input_val <= one` failed.
/tmp/coulombc/pytorch_build_2021-11-10_08-09-16/avx2/python3.9/pytorch/aten/src/ATen/native/cuda/Loss.cu:104: operator(): block: [6,0,0], thread: [11,0,0] Assertion `input_val >= zero && input_val <= one` failed.
/tmp/coulombc/pytorch_build_2021-11-10_08-09-16/avx2/python3.9/pytorch/aten/src/ATen/native/cuda/Loss.cu:104: operator(): block: [6,0,0], thread: [12,0,0] Assertion `input_val >= zero && input_val <= one` failed.
/tmp/coulombc/pytorch_build_2021-11-10_08-09-16/avx2/python3.9/pytorch/aten/src/ATen/native/cuda/Loss.cu:104: operator(): block: [6,0,0], thread: [13,0,0] Assertion `input_val >= zero && input_val <= one` failed.
/tmp/coulombc/pytorch_build_2021-11-10_08-09-16/avx2/python3.9/pytorch/aten/src/ATen/native/cuda/Loss.cu:104: operator(): block: [6,0,0], thread: [14,0,0] Assertion `input_val >= zero && input_val <= one` failed.
/tmp/coulombc/pytorch_build_2021-11-10_08-09-16/avx2/python3.9/pytorch/aten/src/ATen/native/cuda/Loss.cu:104: operator(): block: [6,0,0], thread: [15,0,0] Assertion `input_val >= zero && input_val <= one` failed.
/tmp/coulombc/pytorch_build_2021-11-10_08-09-16/avx2/python3.9/pytorch/aten/src/ATen/native/cuda/Loss.cu:104: operator(): block: [6,0,0], thread: [16,0,0] Assertion `input_val >= zero && input_val <= one` failed.
/tmp/coulombc/pytorch_build_2021-11-10_08-09-16/avx2/python3.9/pytorch/aten/src/ATen/native/cuda/Loss.cu:104: operator(): block: [6,0,0], thread: [17,0,0] Assertion `input_val >= zero && input_val <= one` failed.
/tmp/coulombc/pytorch_build_2021-11-10_08-09-16/avx2/python3.9/pytorch/aten/src/ATen/native/cuda/Loss.cu:104: operator(): block: [6,0,0], thread: [18,0,0] Assertion `input_val >= zero && input_val <= one` failed.
/tmp/coulombc/pytorch_build_2021-11-10_08-09-16/avx2/python3.9/pytorch/aten/src/ATen/native/cuda/Loss.cu:104: operator(): block: [6,0,0], thread: [19,0,0] Assertion `input_val >= zero && input_val <= one` failed.
/tmp/coulombc/pytorch_build_2021-11-10_08-09-16/avx2/python3.9/pytorch/aten/src/ATen/native/cuda/Loss.cu:104: operator(): block: [6,0,0], thread: [20,0,0] Assertion `input_val >= zero && input_val <= one` failed.
/tmp/coulombc/pytorch_build_2021-11-10_08-09-16/avx2/python3.9/pytorch/aten/src/ATen/native/cuda/Loss.cu:104: operator(): block: [6,0,0], thread: [21,0,0] Assertion `input_val >= zero && input_val <= one` failed.
/tmp/coulombc/pytorch_build_2021-11-10_08-09-16/avx2/python3.9/pytorch/aten/src/ATen/native/cuda/Loss.cu:104: operator(): block: [6,0,0], thread: [22,0,0] Assertion `input_val >= zero && input_val <= one` failed.
/tmp/coulombc/pytorch_build_2021-11-10_08-09-16/avx2/python3.9/pytorch/aten/src/ATen/native/cuda/Loss.cu:104: operator(): block: [6,0,0], thread: [23,0,0] Assertion `input_val >= zero && input_val <= one` failed.
/tmp/coulombc/pytorch_build_2021-11-10_08-09-16/avx2/python3.9/pytorch/aten/src/ATen/native/cuda/Loss.cu:104: operator(): block: [6,0,0], thread: [24,0,0] Assertion `input_val >= zero && input_val <= one` failed.
/tmp/coulombc/pytorch_build_2021-11-10_08-09-16/avx2/python3.9/pytorch/aten/src/ATen/native/cuda/Loss.cu:104: operator(): block: [6,0,0], thread: [25,0,0] Assertion `input_val >= zero && input_val <= one` failed.
/tmp/coulombc/pytorch_build_2021-11-10_08-09-16/avx2/python3.9/pytorch/aten/src/ATen/native/cuda/Loss.cu:104: operator(): block: [6,0,0], thread: [26,0,0] Assertion `input_val >= zero && input_val <= one` failed.
/tmp/coulombc/pytorch_build_2021-11-10_08-09-16/avx2/python3.9/pytorch/aten/src/ATen/native/cuda/Loss.cu:104: operator(): block: [6,0,0], thread: [27,0,0] Assertion `input_val >= zero && input_val <= one` failed.
/tmp/coulombc/pytorch_build_2021-11-10_08-09-16/avx2/python3.9/pytorch/aten/src/ATen/native/cuda/Loss.cu:104: operator(): block: [6,0,0], thread: [28,0,0] Assertion `input_val >= zero && input_val <= one` failed.
/tmp/coulombc/pytorch_build_2021-11-10_08-09-16/avx2/python3.9/pytorch/aten/src/ATen/native/cuda/Loss.cu:104: operator(): block: [6,0,0], thread: [29,0,0] Assertion `input_val >= zero && input_val <= one` failed.
/tmp/coulombc/pytorch_build_2021-11-10_08-09-16/avx2/python3.9/pytorch/aten/src/ATen/native/cuda/Loss.cu:104: operator(): block: [6,0,0], thread: [30,0,0] Assertion `input_val >= zero && input_val <= one` failed.
/tmp/coulombc/pytorch_build_2021-11-10_08-09-16/avx2/python3.9/pytorch/aten/src/ATen/native/cuda/Loss.cu:104: operator(): block: [6,0,0], thread: [31,0,0] Assertion `input_val >= zero && input_val <= one` failed.
/tmp/coulombc/pytorch_build_2021-11-10_08-09-16/avx2/python3.9/pytorch/aten/src/ATen/native/cuda/Loss.cu:104: operator(): block: [11,0,0], thread: [0,0,0] Assertion `input_val >= zero && input_val <= one` failed.
/tmp/coulombc/pytorch_build_2021-11-10_08-09-16/avx2/python3.9/pytorch/aten/src/ATen/native/cuda/Loss.cu:104: operator(): block: [11,0,0], thread: [1,0,0] Assertion `input_val >= zero && input_val <= one` failed.
/tmp/coulombc/pytorch_build_2021-11-10_08-09-16/avx2/python3.9/pytorch/aten/src/ATen/native/cuda/Loss.cu:104: operator(): block: [11,0,0], thread: [2,0,0] Assertion `input_val >= zero && input_val <= one` failed.
/tmp/coulombc/pytorch_build_2021-11-10_08-09-16/avx2/python3.9/pytorch/aten/src/ATen/native/cuda/Loss.cu:104: operator(): block: [11,0,0], thread: [3,0,0] Assertion `input_val >= zero && input_val <= one` failed.
/tmp/coulombc/pytorch_build_2021-11-10_08-09-16/avx2/python3.9/pytorch/aten/src/ATen/native/cuda/Loss.cu:104: operator(): block: [11,0,0], thread: [4,0,0] Assertion `input_val >= zero && input_val <= one` failed.
/tmp/coulombc/pytorch_build_2021-11-10_08-09-16/avx2/python3.9/pytorch/aten/src/ATen/native/cuda/Loss.cu:104: operator(): block: [11,0,0], thread: [5,0,0] Assertion `input_val >= zero && input_val <= one` failed.
/tmp/coulombc/pytorch_build_2021-11-10_08-09-16/avx2/python3.9/pytorch/aten/src/ATen/native/cuda/Loss.cu:104: operator(): block: [11,0,0], thread: [6,0,0] Assertion `input_val >= zero && input_val <= one` failed.
/tmp/coulombc/pytorch_build_2021-11-10_08-09-16/avx2/python3.9/pytorch/aten/src/ATen/native/cuda/Loss.cu:104: operator(): block: [11,0,0], thread: [7,0,0] Assertion `input_val >= zero && input_val <= one` failed.
/tmp/coulombc/pytorch_build_2021-11-10_08-09-16/avx2/python3.9/pytorch/aten/src/ATen/native/cuda/Loss.cu:104: operator(): block: [11,0,0], thread: [8,0,0] Assertion `input_val >= zero && input_val <= one` failed.
/tmp/coulombc/pytorch_build_2021-11-10_08-09-16/avx2/python3.9/pytorch/aten/src/ATen/native/cuda/Loss.cu:104: operator(): block: [11,0,0], thread: [9,0,0] Assertion `input_val >= zero && input_val <= one` failed.
/tmp/coulombc/pytorch_build_2021-11-10_08-09-16/avx2/python3.9/pytorch/aten/src/ATen/native/cuda/Loss.cu:104: operator(): block: [11,0,0], thread: [10,0,0] Assertion `input_val >= zero && input_val <= one` failed.
/tmp/coulombc/pytorch_build_2021-11-10_08-09-16/avx2/python3.9/pytorch/aten/src/ATen/native/cuda/Loss.cu:104: operator(): block: [11,0,0], thread: [11,0,0] Assertion `input_val >= zero && input_val <= one` failed.
/tmp/coulombc/pytorch_build_2021-11-10_08-09-16/avx2/python3.9/pytorch/aten/src/ATen/native/cuda/Loss.cu:104: operator(): block: [11,0,0], thread: [12,0,0] Assertion `input_val >= zero && input_val <= one` failed.
/tmp/coulombc/pytorch_build_2021-11-10_08-09-16/avx2/python3.9/pytorch/aten/src/ATen/native/cuda/Loss.cu:104: operator(): block: [11,0,0], thread: [13,0,0] Assertion `input_val >= zero && input_val <= one` failed.
/tmp/coulombc/pytorch_build_2021-11-10_08-09-16/avx2/python3.9/pytorch/aten/src/ATen/native/cuda/Loss.cu:104: operator(): block: [11,0,0], thread: [14,0,0] Assertion `input_val >= zero && input_val <= one` failed.
/tmp/coulombc/pytorch_build_2021-11-10_08-09-16/avx2/python3.9/pytorch/aten/src/ATen/native/cuda/Loss.cu:104: operator(): block: [11,0,0], thread: [15,0,0] Assertion `input_val >= zero && input_val <= one` failed.
/tmp/coulombc/pytorch_build_2021-11-10_08-09-16/avx2/python3.9/pytorch/aten/src/ATen/native/cuda/Loss.cu:104: operator(): block: [11,0,0], thread: [16,0,0] Assertion `input_val >= zero && input_val <= one` failed.
/tmp/coulombc/pytorch_build_2021-11-10_08-09-16/avx2/python3.9/pytorch/aten/src/ATen/native/cuda/Loss.cu:104: operator(): block: [11,0,0], thread: [17,0,0] Assertion `input_val >= zero && input_val <= one` failed.
/tmp/coulombc/pytorch_build_2021-11-10_08-09-16/avx2/python3.9/pytorch/aten/src/ATen/native/cuda/Loss.cu:104: operator(): block: [11,0,0], thread: [18,0,0] Assertion `input_val >= zero && input_val <= one` failed.
/tmp/coulombc/pytorch_build_2021-11-10_08-09-16/avx2/python3.9/pytorch/aten/src/ATen/native/cuda/Loss.cu:104: operator(): block: [11,0,0], thread: [19,0,0] Assertion `input_val >= zero && input_val <= one` failed.
/tmp/coulombc/pytorch_build_2021-11-10_08-09-16/avx2/python3.9/pytorch/aten/src/ATen/native/cuda/Loss.cu:104: operator(): block: [11,0,0], thread: [20,0,0] Assertion `input_val >= zero && input_val <= one` failed.
/tmp/coulombc/pytorch_build_2021-11-10_08-09-16/avx2/python3.9/pytorch/aten/src/ATen/native/cuda/Loss.cu:104: operator(): block: [11,0,0], thread: [21,0,0] Assertion `input_val >= zero && input_val <= one` failed.
/tmp/coulombc/pytorch_build_2021-11-10_08-09-16/avx2/python3.9/pytorch/aten/src/ATen/native/cuda/Loss.cu:104: operator(): block: [11,0,0], thread: [22,0,0] Assertion `input_val >= zero && input_val <= one` failed.
/tmp/coulombc/pytorch_build_2021-11-10_08-09-16/avx2/python3.9/pytorch/aten/src/ATen/native/cuda/Loss.cu:104: operator(): block: [11,0,0], thread: [23,0,0] Assertion `input_val >= zero && input_val <= one` failed.
/tmp/coulombc/pytorch_build_2021-11-10_08-09-16/avx2/python3.9/pytorch/aten/src/ATen/native/cuda/Loss.cu:104: operator(): block: [11,0,0], thread: [24,0,0] Assertion `input_val >= zero && input_val <= one` failed.
/tmp/coulombc/pytorch_build_2021-11-10_08-09-16/avx2/python3.9/pytorch/aten/src/ATen/native/cuda/Loss.cu:104: operator(): block: [11,0,0], thread: [25,0,0] Assertion `input_val >= zero && input_val <= one` failed.
/tmp/coulombc/pytorch_build_2021-11-10_08-09-16/avx2/python3.9/pytorch/aten/src/ATen/native/cuda/Loss.cu:104: operator(): block: [11,0,0], thread: [26,0,0] Assertion `input_val >= zero && input_val <= one` failed.
/tmp/coulombc/pytorch_build_2021-11-10_08-09-16/avx2/python3.9/pytorch/aten/src/ATen/native/cuda/Loss.cu:104: operator(): block: [11,0,0], thread: [27,0,0] Assertion `input_val >= zero && input_val <= one` failed.
/tmp/coulombc/pytorch_build_2021-11-10_08-09-16/avx2/python3.9/pytorch/aten/src/ATen/native/cuda/Loss.cu:104: operator(): block: [11,0,0], thread: [28,0,0] Assertion `input_val >= zero && input_val <= one` failed.
/tmp/coulombc/pytorch_build_2021-11-10_08-09-16/avx2/python3.9/pytorch/aten/src/ATen/native/cuda/Loss.cu:104: operator(): block: [11,0,0], thread: [29,0,0] Assertion `input_val >= zero && input_val <= one` failed.
/tmp/coulombc/pytorch_build_2021-11-10_08-09-16/avx2/python3.9/pytorch/aten/src/ATen/native/cuda/Loss.cu:104: operator(): block: [11,0,0], thread: [30,0,0] Assertion `input_val >= zero && input_val <= one` failed.
/tmp/coulombc/pytorch_build_2021-11-10_08-09-16/avx2/python3.9/pytorch/aten/src/ATen/native/cuda/Loss.cu:104: operator(): block: [11,0,0], thread: [31,0,0] Assertion `input_val >= zero && input_val <= one` failed.
/tmp/coulombc/pytorch_build_2021-11-10_08-09-16/avx2/python3.9/pytorch/aten/src/ATen/native/cuda/Loss.cu:104: operator(): block: [11,0,0], thread: [32,0,0] Assertion `input_val >= zero && input_val <= one` failed.
/tmp/coulombc/pytorch_build_2021-11-10_08-09-16/avx2/python3.9/pytorch/aten/src/ATen/native/cuda/Loss.cu:104: operator(): block: [11,0,0], thread: [33,0,0] Assertion `input_val >= zero && input_val <= one` failed.
/tmp/coulombc/pytorch_build_2021-11-10_08-09-16/avx2/python3.9/pytorch/aten/src/ATen/native/cuda/Loss.cu:104: operator(): block: [11,0,0], thread: [34,0,0] Assertion `input_val >= zero && input_val <= one` failed.
/tmp/coulombc/pytorch_build_2021-11-10_08-09-16/avx2/python3.9/pytorch/aten/src/ATen/native/cuda/Loss.cu:104: operator(): block: [11,0,0], thread: [35,0,0] Assertion `input_val >= zero && input_val <= one` failed.
/tmp/coulombc/pytorch_build_2021-11-10_08-09-16/avx2/python3.9/pytorch/aten/src/ATen/native/cuda/Loss.cu:104: operator(): block: [11,0,0], thread: [36,0,0] Assertion `input_val >= zero && input_val <= one` failed.
/tmp/coulombc/pytorch_build_2021-11-10_08-09-16/avx2/python3.9/pytorch/aten/src/ATen/native/cuda/Loss.cu:104: operator(): block: [11,0,0], thread: [37,0,0] Assertion `input_val >= zero && input_val <= one` failed.
/tmp/coulombc/pytorch_build_2021-11-10_08-09-16/avx2/python3.9/pytorch/aten/src/ATen/native/cuda/Loss.cu:104: operator(): block: [11,0,0], thread: [38,0,0] Assertion `input_val >= zero && input_val <= one` failed.
/tmp/coulombc/pytorch_build_2021-11-10_08-09-16/avx2/python3.9/pytorch/aten/src/ATen/native/cuda/Loss.cu:104: operator(): block: [11,0,0], thread: [39,0,0] Assertion `input_val >= zero && input_val <= one` failed.
/tmp/coulombc/pytorch_build_2021-11-10_08-09-16/avx2/python3.9/pytorch/aten/src/ATen/native/cuda/Loss.cu:104: operator(): block: [11,0,0], thread: [40,0,0] Assertion `input_val >= zero && input_val <= one` failed.
/tmp/coulombc/pytorch_build_2021-11-10_08-09-16/avx2/python3.9/pytorch/aten/src/ATen/native/cuda/Loss.cu:104: operator(): block: [11,0,0], thread: [41,0,0] Assertion `input_val >= zero && input_val <= one` failed.
/tmp/coulombc/pytorch_build_2021-11-10_08-09-16/avx2/python3.9/pytorch/aten/src/ATen/native/cuda/Loss.cu:104: operator(): block: [11,0,0], thread: [42,0,0] Assertion `input_val >= zero && input_val <= one` failed.
/tmp/coulombc/pytorch_build_2021-11-10_08-09-16/avx2/python3.9/pytorch/aten/src/ATen/native/cuda/Loss.cu:104: operator(): block: [11,0,0], thread: [43,0,0] Assertion `input_val >= zero && input_val <= one` failed.
/tmp/coulombc/pytorch_build_2021-11-10_08-09-16/avx2/python3.9/pytorch/aten/src/ATen/native/cuda/Loss.cu:104: operator(): block: [11,0,0], thread: [44,0,0] Assertion `input_val >= zero && input_val <= one` failed.
/tmp/coulombc/pytorch_build_2021-11-10_08-09-16/avx2/python3.9/pytorch/aten/src/ATen/native/cuda/Loss.cu:104: operator(): block: [11,0,0], thread: [45,0,0] Assertion `input_val >= zero && input_val <= one` failed.
/tmp/coulombc/pytorch_build_2021-11-10_08-09-16/avx2/python3.9/pytorch/aten/src/ATen/native/cuda/Loss.cu:104: operator(): block: [11,0,0], thread: [46,0,0] Assertion `input_val >= zero && input_val <= one` failed.
/tmp/coulombc/pytorch_build_2021-11-10_08-09-16/avx2/python3.9/pytorch/aten/src/ATen/native/cuda/Loss.cu:104: operator(): block: [11,0,0], thread: [47,0,0] Assertion `input_val >= zero && input_val <= one` failed.
/tmp/coulombc/pytorch_build_2021-11-10_08-09-16/avx2/python3.9/pytorch/aten/src/ATen/native/cuda/Loss.cu:104: operator(): block: [11,0,0], thread: [48,0,0] Assertion `input_val >= zero && input_val <= one` failed.
/tmp/coulombc/pytorch_build_2021-11-10_08-09-16/avx2/python3.9/pytorch/aten/src/ATen/native/cuda/Loss.cu:104: operator(): block: [11,0,0], thread: [49,0,0] Assertion `input_val >= zero && input_val <= one` failed.
/tmp/coulombc/pytorch_build_2021-11-10_08-09-16/avx2/python3.9/pytorch/aten/src/ATen/native/cuda/Loss.cu:104: operator(): block: [11,0,0], thread: [50,0,0] Assertion `input_val >= zero && input_val <= one` failed.
/tmp/coulombc/pytorch_build_2021-11-10_08-09-16/avx2/python3.9/pytorch/aten/src/ATen/native/cuda/Loss.cu:104: operator(): block: [11,0,0], thread: [51,0,0] Assertion `input_val >= zero && input_val <= one` failed.
/tmp/coulombc/pytorch_build_2021-11-10_08-09-16/avx2/python3.9/pytorch/aten/src/ATen/native/cuda/Loss.cu:104: operator(): block: [11,0,0], thread: [52,0,0] Assertion `input_val >= zero && input_val <= one` failed.
/tmp/coulombc/pytorch_build_2021-11-10_08-09-16/avx2/python3.9/pytorch/aten/src/ATen/native/cuda/Loss.cu:104: operator(): block: [11,0,0], thread: [53,0,0] Assertion `input_val >= zero && input_val <= one` failed.
/tmp/coulombc/pytorch_build_2021-11-10_08-09-16/avx2/python3.9/pytorch/aten/src/ATen/native/cuda/Loss.cu:104: operator(): block: [11,0,0], thread: [54,0,0] Assertion `input_val >= zero && input_val <= one` failed.
/tmp/coulombc/pytorch_build_2021-11-10_08-09-16/avx2/python3.9/pytorch/aten/src/ATen/native/cuda/Loss.cu:104: operator(): block: [11,0,0], thread: [55,0,0] Assertion `input_val >= zero && input_val <= one` failed.
/tmp/coulombc/pytorch_build_2021-11-10_08-09-16/avx2/python3.9/pytorch/aten/src/ATen/native/cuda/Loss.cu:104: operator(): block: [11,0,0], thread: [56,0,0] Assertion `input_val >= zero && input_val <= one` failed.
/tmp/coulombc/pytorch_build_2021-11-10_08-09-16/avx2/python3.9/pytorch/aten/src/ATen/native/cuda/Loss.cu:104: operator(): block: [11,0,0], thread: [57,0,0] Assertion `input_val >= zero && input_val <= one` failed.
/tmp/coulombc/pytorch_build_2021-11-10_08-09-16/avx2/python3.9/pytorch/aten/src/ATen/native/cuda/Loss.cu:104: operator(): block: [11,0,0], thread: [58,0,0] Assertion `input_val >= zero && input_val <= one` failed.
/tmp/coulombc/pytorch_build_2021-11-10_08-09-16/avx2/python3.9/pytorch/aten/src/ATen/native/cuda/Loss.cu:104: operator(): block: [11,0,0], thread: [59,0,0] Assertion `input_val >= zero && input_val <= one` failed.
/tmp/coulombc/pytorch_build_2021-11-10_08-09-16/avx2/python3.9/pytorch/aten/src/ATen/native/cuda/Loss.cu:104: operator(): block: [11,0,0], thread: [60,0,0] Assertion `input_val >= zero && input_val <= one` failed.
/tmp/coulombc/pytorch_build_2021-11-10_08-09-16/avx2/python3.9/pytorch/aten/src/ATen/native/cuda/Loss.cu:104: operator(): block: [11,0,0], thread: [61,0,0] Assertion `input_val >= zero && input_val <= one` failed.
/tmp/coulombc/pytorch_build_2021-11-10_08-09-16/avx2/python3.9/pytorch/aten/src/ATen/native/cuda/Loss.cu:104: operator(): block: [11,0,0], thread: [62,0,0] Assertion `input_val >= zero && input_val <= one` failed.
/tmp/coulombc/pytorch_build_2021-11-10_08-09-16/avx2/python3.9/pytorch/aten/src/ATen/native/cuda/Loss.cu:104: operator(): block: [11,0,0], thread: [63,0,0] Assertion `input_val >= zero && input_val <= one` failed.
/tmp/coulombc/pytorch_build_2021-11-10_08-09-16/avx2/python3.9/pytorch/aten/src/ATen/native/cuda/Loss.cu:104: operator(): block: [0,0,0], thread: [0,0,0] Assertion `input_val >= zero && input_val <= one` failed.
/tmp/coulombc/pytorch_build_2021-11-10_08-09-16/avx2/python3.9/pytorch/aten/src/ATen/native/cuda/Loss.cu:104: operator(): block: [0,0,0], thread: [1,0,0] Assertion `input_val >= zero && input_val <= one` failed.
/tmp/coulombc/pytorch_build_2021-11-10_08-09-16/avx2/python3.9/pytorch/aten/src/ATen/native/cuda/Loss.cu:104: operator(): block: [0,0,0], thread: [2,0,0] Assertion `input_val >= zero && input_val <= one` failed.
/tmp/coulombc/pytorch_build_2021-11-10_08-09-16/avx2/python3.9/pytorch/aten/src/ATen/native/cuda/Loss.cu:104: operator(): block: [0,0,0], thread: [3,0,0] Assertion `input_val >= zero && input_val <= one` failed.
/tmp/coulombc/pytorch_build_2021-11-10_08-09-16/avx2/python3.9/pytorch/aten/src/ATen/native/cuda/Loss.cu:104: operator(): block: [0,0,0], thread: [4,0,0] Assertion `input_val >= zero && input_val <= one` failed.
/tmp/coulombc/pytorch_build_2021-11-10_08-09-16/avx2/python3.9/pytorch/aten/src/ATen/native/cuda/Loss.cu:104: operator(): block: [0,0,0], thread: [5,0,0] Assertion `input_val >= zero && input_val <= one` failed.
/tmp/coulombc/pytorch_build_2021-11-10_08-09-16/avx2/python3.9/pytorch/aten/src/ATen/native/cuda/Loss.cu:104: operator(): block: [0,0,0], thread: [6,0,0] Assertion `input_val >= zero && input_val <= one` failed.
/tmp/coulombc/pytorch_build_2021-11-10_08-09-16/avx2/python3.9/pytorch/aten/src/ATen/native/cuda/Loss.cu:104: operator(): block: [0,0,0], thread: [7,0,0] Assertion `input_val >= zero && input_val <= one` failed.
/tmp/coulombc/pytorch_build_2021-11-10_08-09-16/avx2/python3.9/pytorch/aten/src/ATen/native/cuda/Loss.cu:104: operator(): block: [0,0,0], thread: [8,0,0] Assertion `input_val >= zero && input_val <= one` failed.
/tmp/coulombc/pytorch_build_2021-11-10_08-09-16/avx2/python3.9/pytorch/aten/src/ATen/native/cuda/Loss.cu:104: operator(): block: [0,0,0], thread: [9,0,0] Assertion `input_val >= zero && input_val <= one` failed.
/tmp/coulombc/pytorch_build_2021-11-10_08-09-16/avx2/python3.9/pytorch/aten/src/ATen/native/cuda/Loss.cu:104: operator(): block: [0,0,0], thread: [10,0,0] Assertion `input_val >= zero && input_val <= one` failed.
/tmp/coulombc/pytorch_build_2021-11-10_08-09-16/avx2/python3.9/pytorch/aten/src/ATen/native/cuda/Loss.cu:104: operator(): block: [0,0,0], thread: [11,0,0] Assertion `input_val >= zero && input_val <= one` failed.
/tmp/coulombc/pytorch_build_2021-11-10_08-09-16/avx2/python3.9/pytorch/aten/src/ATen/native/cuda/Loss.cu:104: operator(): block: [0,0,0], thread: [12,0,0] Assertion `input_val >= zero && input_val <= one` failed.
/tmp/coulombc/pytorch_build_2021-11-10_08-09-16/avx2/python3.9/pytorch/aten/src/ATen/native/cuda/Loss.cu:104: operator(): block: [0,0,0], thread: [13,0,0] Assertion `input_val >= zero && input_val <= one` failed.
/tmp/coulombc/pytorch_build_2021-11-10_08-09-16/avx2/python3.9/pytorch/aten/src/ATen/native/cuda/Loss.cu:104: operator(): block: [0,0,0], thread: [14,0,0] Assertion `input_val >= zero && input_val <= one` failed.
/tmp/coulombc/pytorch_build_2021-11-10_08-09-16/avx2/python3.9/pytorch/aten/src/ATen/native/cuda/Loss.cu:104: operator(): block: [0,0,0], thread: [15,0,0] Assertion `input_val >= zero && input_val <= one` failed.
/tmp/coulombc/pytorch_build_2021-11-10_08-09-16/avx2/python3.9/pytorch/aten/src/ATen/native/cuda/Loss.cu:104: operator(): block: [0,0,0], thread: [16,0,0] Assertion `input_val >= zero && input_val <= one` failed.
/tmp/coulombc/pytorch_build_2021-11-10_08-09-16/avx2/python3.9/pytorch/aten/src/ATen/native/cuda/Loss.cu:104: operator(): block: [0,0,0], thread: [17,0,0] Assertion `input_val >= zero && input_val <= one` failed.
/tmp/coulombc/pytorch_build_2021-11-10_08-09-16/avx2/python3.9/pytorch/aten/src/ATen/native/cuda/Loss.cu:104: operator(): block: [0,0,0], thread: [18,0,0] Assertion `input_val >= zero && input_val <= one` failed.
/tmp/coulombc/pytorch_build_2021-11-10_08-09-16/avx2/python3.9/pytorch/aten/src/ATen/native/cuda/Loss.cu:104: operator(): block: [0,0,0], thread: [19,0,0] Assertion `input_val >= zero && input_val <= one` failed.
/tmp/coulombc/pytorch_build_2021-11-10_08-09-16/avx2/python3.9/pytorch/aten/src/ATen/native/cuda/Loss.cu:104: operator(): block: [0,0,0], thread: [20,0,0] Assertion `input_val >= zero && input_val <= one` failed.
/tmp/coulombc/pytorch_build_2021-11-10_08-09-16/avx2/python3.9/pytorch/aten/src/ATen/native/cuda/Loss.cu:104: operator(): block: [0,0,0], thread: [21,0,0] Assertion `input_val >= zero && input_val <= one` failed.
/tmp/coulombc/pytorch_build_2021-11-10_08-09-16/avx2/python3.9/pytorch/aten/src/ATen/native/cuda/Loss.cu:104: operator(): block: [0,0,0], thread: [22,0,0] Assertion `input_val >= zero && input_val <= one` failed.
/tmp/coulombc/pytorch_build_2021-11-10_08-09-16/avx2/python3.9/pytorch/aten/src/ATen/native/cuda/Loss.cu:104: operator(): block: [0,0,0], thread: [23,0,0] Assertion `input_val >= zero && input_val <= one` failed.
/tmp/coulombc/pytorch_build_2021-11-10_08-09-16/avx2/python3.9/pytorch/aten/src/ATen/native/cuda/Loss.cu:104: operator(): block: [0,0,0], thread: [24,0,0] Assertion `input_val >= zero && input_val <= one` failed.
/tmp/coulombc/pytorch_build_2021-11-10_08-09-16/avx2/python3.9/pytorch/aten/src/ATen/native/cuda/Loss.cu:104: operator(): block: [0,0,0], thread: [25,0,0] Assertion `input_val >= zero && input_val <= one` failed.
/tmp/coulombc/pytorch_build_2021-11-10_08-09-16/avx2/python3.9/pytorch/aten/src/ATen/native/cuda/Loss.cu:104: operator(): block: [0,0,0], thread: [26,0,0] Assertion `input_val >= zero && input_val <= one` failed.
/tmp/coulombc/pytorch_build_2021-11-10_08-09-16/avx2/python3.9/pytorch/aten/src/ATen/native/cuda/Loss.cu:104: operator(): block: [0,0,0], thread: [27,0,0] Assertion `input_val >= zero && input_val <= one` failed.
/tmp/coulombc/pytorch_build_2021-11-10_08-09-16/avx2/python3.9/pytorch/aten/src/ATen/native/cuda/Loss.cu:104: operator(): block: [0,0,0], thread: [28,0,0] Assertion `input_val >= zero && input_val <= one` failed.
/tmp/coulombc/pytorch_build_2021-11-10_08-09-16/avx2/python3.9/pytorch/aten/src/ATen/native/cuda/Loss.cu:104: operator(): block: [0,0,0], thread: [29,0,0] Assertion `input_val >= zero && input_val <= one` failed.
/tmp/coulombc/pytorch_build_2021-11-10_08-09-16/avx2/python3.9/pytorch/aten/src/ATen/native/cuda/Loss.cu:104: operator(): block: [0,0,0], thread: [30,0,0] Assertion `input_val >= zero && input_val <= one` failed.
/tmp/coulombc/pytorch_build_2021-11-10_08-09-16/avx2/python3.9/pytorch/aten/src/ATen/native/cuda/Loss.cu:104: operator(): block: [0,0,0], thread: [31,0,0] Assertion `input_val >= zero && input_val <= one` failed.
/tmp/coulombc/pytorch_build_2021-11-10_08-09-16/avx2/python3.9/pytorch/aten/src/ATen/native/cuda/Loss.cu:104: operator(): block: [0,0,0], thread: [32,0,0] Assertion `input_val >= zero && input_val <= one` failed.
/tmp/coulombc/pytorch_build_2021-11-10_08-09-16/avx2/python3.9/pytorch/aten/src/ATen/native/cuda/Loss.cu:104: operator(): block: [0,0,0], thread: [33,0,0] Assertion `input_val >= zero && input_val <= one` failed.
/tmp/coulombc/pytorch_build_2021-11-10_08-09-16/avx2/python3.9/pytorch/aten/src/ATen/native/cuda/Loss.cu:104: operator(): block: [0,0,0], thread: [34,0,0] Assertion `input_val >= zero && input_val <= one` failed.
/tmp/coulombc/pytorch_build_2021-11-10_08-09-16/avx2/python3.9/pytorch/aten/src/ATen/native/cuda/Loss.cu:104: operator(): block: [0,0,0], thread: [35,0,0] Assertion `input_val >= zero && input_val <= one` failed.
/tmp/coulombc/pytorch_build_2021-11-10_08-09-16/avx2/python3.9/pytorch/aten/src/ATen/native/cuda/Loss.cu:104: operator(): block: [0,0,0], thread: [36,0,0] Assertion `input_val >= zero && input_val <= one` failed.
/tmp/coulombc/pytorch_build_2021-11-10_08-09-16/avx2/python3.9/pytorch/aten/src/ATen/native/cuda/Loss.cu:104: operator(): block: [0,0,0], thread: [37,0,0] Assertion `input_val >= zero && input_val <= one` failed.
/tmp/coulombc/pytorch_build_2021-11-10_08-09-16/avx2/python3.9/pytorch/aten/src/ATen/native/cuda/Loss.cu:104: operator(): block: [0,0,0], thread: [38,0,0] Assertion `input_val >= zero && input_val <= one` failed.
/tmp/coulombc/pytorch_build_2021-11-10_08-09-16/avx2/python3.9/pytorch/aten/src/ATen/native/cuda/Loss.cu:104: operator(): block: [0,0,0], thread: [39,0,0] Assertion `input_val >= zero && input_val <= one` failed.
/tmp/coulombc/pytorch_build_2021-11-10_08-09-16/avx2/python3.9/pytorch/aten/src/ATen/native/cuda/Loss.cu:104: operator(): block: [0,0,0], thread: [40,0,0] Assertion `input_val >= zero && input_val <= one` failed.
/tmp/coulombc/pytorch_build_2021-11-10_08-09-16/avx2/python3.9/pytorch/aten/src/ATen/native/cuda/Loss.cu:104: operator(): block: [0,0,0], thread: [41,0,0] Assertion `input_val >= zero && input_val <= one` failed.
/tmp/coulombc/pytorch_build_2021-11-10_08-09-16/avx2/python3.9/pytorch/aten/src/ATen/native/cuda/Loss.cu:104: operator(): block: [0,0,0], thread: [42,0,0] Assertion `input_val >= zero && input_val <= one` failed.
/tmp/coulombc/pytorch_build_2021-11-10_08-09-16/avx2/python3.9/pytorch/aten/src/ATen/native/cuda/Loss.cu:104: operator(): block: [0,0,0], thread: [43,0,0] Assertion `input_val >= zero && input_val <= one` failed.
/tmp/coulombc/pytorch_build_2021-11-10_08-09-16/avx2/python3.9/pytorch/aten/src/ATen/native/cuda/Loss.cu:104: operator(): block: [0,0,0], thread: [44,0,0] Assertion `input_val >= zero && input_val <= one` failed.
/tmp/coulombc/pytorch_build_2021-11-10_08-09-16/avx2/python3.9/pytorch/aten/src/ATen/native/cuda/Loss.cu:104: operator(): block: [0,0,0], thread: [45,0,0] Assertion `input_val >= zero && input_val <= one` failed.
/tmp/coulombc/pytorch_build_2021-11-10_08-09-16/avx2/python3.9/pytorch/aten/src/ATen/native/cuda/Loss.cu:104: operator(): block: [0,0,0], thread: [46,0,0] Assertion `input_val >= zero && input_val <= one` failed.
/tmp/coulombc/pytorch_build_2021-11-10_08-09-16/avx2/python3.9/pytorch/aten/src/ATen/native/cuda/Loss.cu:104: operator(): block: [0,0,0], thread: [47,0,0] Assertion `input_val >= zero && input_val <= one` failed.
/tmp/coulombc/pytorch_build_2021-11-10_08-09-16/avx2/python3.9/pytorch/aten/src/ATen/native/cuda/Loss.cu:104: operator(): block: [0,0,0], thread: [48,0,0] Assertion `input_val >= zero && input_val <= one` failed.
/tmp/coulombc/pytorch_build_2021-11-10_08-09-16/avx2/python3.9/pytorch/aten/src/ATen/native/cuda/Loss.cu:104: operator(): block: [0,0,0], thread: [49,0,0] Assertion `input_val >= zero && input_val <= one` failed.
/tmp/coulombc/pytorch_build_2021-11-10_08-09-16/avx2/python3.9/pytorch/aten/src/ATen/native/cuda/Loss.cu:104: operator(): block: [0,0,0], thread: [50,0,0] Assertion `input_val >= zero && input_val <= one` failed.
/tmp/coulombc/pytorch_build_2021-11-10_08-09-16/avx2/python3.9/pytorch/aten/src/ATen/native/cuda/Loss.cu:104: operator(): block: [0,0,0], thread: [51,0,0] Assertion `input_val >= zero && input_val <= one` failed.
/tmp/coulombc/pytorch_build_2021-11-10_08-09-16/avx2/python3.9/pytorch/aten/src/ATen/native/cuda/Loss.cu:104: operator(): block: [0,0,0], thread: [52,0,0] Assertion `input_val >= zero && input_val <= one` failed.
/tmp/coulombc/pytorch_build_2021-11-10_08-09-16/avx2/python3.9/pytorch/aten/src/ATen/native/cuda/Loss.cu:104: operator(): block: [0,0,0], thread: [53,0,0] Assertion `input_val >= zero && input_val <= one` failed.
/tmp/coulombc/pytorch_build_2021-11-10_08-09-16/avx2/python3.9/pytorch/aten/src/ATen/native/cuda/Loss.cu:104: operator(): block: [0,0,0], thread: [54,0,0] Assertion `input_val >= zero && input_val <= one` failed.
/tmp/coulombc/pytorch_build_2021-11-10_08-09-16/avx2/python3.9/pytorch/aten/src/ATen/native/cuda/Loss.cu:104: operator(): block: [0,0,0], thread: [55,0,0] Assertion `input_val >= zero && input_val <= one` failed.
/tmp/coulombc/pytorch_build_2021-11-10_08-09-16/avx2/python3.9/pytorch/aten/src/ATen/native/cuda/Loss.cu:104: operator(): block: [0,0,0], thread: [56,0,0] Assertion `input_val >= zero && input_val <= one` failed.
/tmp/coulombc/pytorch_build_2021-11-10_08-09-16/avx2/python3.9/pytorch/aten/src/ATen/native/cuda/Loss.cu:104: operator(): block: [0,0,0], thread: [57,0,0] Assertion `input_val >= zero && input_val <= one` failed.
/tmp/coulombc/pytorch_build_2021-11-10_08-09-16/avx2/python3.9/pytorch/aten/src/ATen/native/cuda/Loss.cu:104: operator(): block: [0,0,0], thread: [58,0,0] Assertion `input_val >= zero && input_val <= one` failed.
/tmp/coulombc/pytorch_build_2021-11-10_08-09-16/avx2/python3.9/pytorch/aten/src/ATen/native/cuda/Loss.cu:104: operator(): block: [0,0,0], thread: [59,0,0] Assertion `input_val >= zero && input_val <= one` failed.
/tmp/coulombc/pytorch_build_2021-11-10_08-09-16/avx2/python3.9/pytorch/aten/src/ATen/native/cuda/Loss.cu:104: operator(): block: [0,0,0], thread: [60,0,0] Assertion `input_val >= zero && input_val <= one` failed.
/tmp/coulombc/pytorch_build_2021-11-10_08-09-16/avx2/python3.9/pytorch/aten/src/ATen/native/cuda/Loss.cu:104: operator(): block: [0,0,0], thread: [61,0,0] Assertion `input_val >= zero && input_val <= one` failed.
/tmp/coulombc/pytorch_build_2021-11-10_08-09-16/avx2/python3.9/pytorch/aten/src/ATen/native/cuda/Loss.cu:104: operator(): block: [0,0,0], thread: [62,0,0] Assertion `input_val >= zero && input_val <= one` failed.
/tmp/coulombc/pytorch_build_2021-11-10_08-09-16/avx2/python3.9/pytorch/aten/src/ATen/native/cuda/Loss.cu:104: operator(): block: [0,0,0], thread: [63,0,0] Assertion `input_val >= zero && input_val <= one` failed.
/tmp/coulombc/pytorch_build_2021-11-10_08-09-16/avx2/python3.9/pytorch/aten/src/ATen/native/cuda/Loss.cu:104: operator(): block: [46,0,0], thread: [0,0,0] Assertion `input_val >= zero && input_val <= one` failed.
/tmp/coulombc/pytorch_build_2021-11-10_08-09-16/avx2/python3.9/pytorch/aten/src/ATen/native/cuda/Loss.cu:104: operator(): block: [46,0,0], thread: [1,0,0] Assertion `input_val >= zero && input_val <= one` failed.
/tmp/coulombc/pytorch_build_2021-11-10_08-09-16/avx2/python3.9/pytorch/aten/src/ATen/native/cuda/Loss.cu:104: operator(): block: [46,0,0], thread: [2,0,0] Assertion `input_val >= zero && input_val <= one` failed.
/tmp/coulombc/pytorch_build_2021-11-10_08-09-16/avx2/python3.9/pytorch/aten/src/ATen/native/cuda/Loss.cu:104: operator(): block: [46,0,0], thread: [3,0,0] Assertion `input_val >= zero && input_val <= one` failed.
/tmp/coulombc/pytorch_build_2021-11-10_08-09-16/avx2/python3.9/pytorch/aten/src/ATen/native/cuda/Loss.cu:104: operator(): block: [46,0,0], thread: [4,0,0] Assertion `input_val >= zero && input_val <= one` failed.
/tmp/coulombc/pytorch_build_2021-11-10_08-09-16/avx2/python3.9/pytorch/aten/src/ATen/native/cuda/Loss.cu:104: operator(): block: [46,0,0], thread: [5,0,0] Assertion `input_val >= zero && input_val <= one` failed.
/tmp/coulombc/pytorch_build_2021-11-10_08-09-16/avx2/python3.9/pytorch/aten/src/ATen/native/cuda/Loss.cu:104: operator(): block: [46,0,0], thread: [6,0,0] Assertion `input_val >= zero && input_val <= one` failed.
/tmp/coulombc/pytorch_build_2021-11-10_08-09-16/avx2/python3.9/pytorch/aten/src/ATen/native/cuda/Loss.cu:104: operator(): block: [46,0,0], thread: [7,0,0] Assertion `input_val >= zero && input_val <= one` failed.
/tmp/coulombc/pytorch_build_2021-11-10_08-09-16/avx2/python3.9/pytorch/aten/src/ATen/native/cuda/Loss.cu:104: operator(): block: [46,0,0], thread: [8,0,0] Assertion `input_val >= zero && input_val <= one` failed.
/tmp/coulombc/pytorch_build_2021-11-10_08-09-16/avx2/python3.9/pytorch/aten/src/ATen/native/cuda/Loss.cu:104: operator(): block: [46,0,0], thread: [9,0,0] Assertion `input_val >= zero && input_val <= one` failed.
/tmp/coulombc/pytorch_build_2021-11-10_08-09-16/avx2/python3.9/pytorch/aten/src/ATen/native/cuda/Loss.cu:104: operator(): block: [46,0,0], thread: [10,0,0] Assertion `input_val >= zero && input_val <= one` failed.
/tmp/coulombc/pytorch_build_2021-11-10_08-09-16/avx2/python3.9/pytorch/aten/src/ATen/native/cuda/Loss.cu:104: operator(): block: [46,0,0], thread: [11,0,0] Assertion `input_val >= zero && input_val <= one` failed.
/tmp/coulombc/pytorch_build_2021-11-10_08-09-16/avx2/python3.9/pytorch/aten/src/ATen/native/cuda/Loss.cu:104: operator(): block: [46,0,0], thread: [12,0,0] Assertion `input_val >= zero && input_val <= one` failed.
/tmp/coulombc/pytorch_build_2021-11-10_08-09-16/avx2/python3.9/pytorch/aten/src/ATen/native/cuda/Loss.cu:104: operator(): block: [46,0,0], thread: [13,0,0] Assertion `input_val >= zero && input_val <= one` failed.
/tmp/coulombc/pytorch_build_2021-11-10_08-09-16/avx2/python3.9/pytorch/aten/src/ATen/native/cuda/Loss.cu:104: operator(): block: [46,0,0], thread: [14,0,0] Assertion `input_val >= zero && input_val <= one` failed.
/tmp/coulombc/pytorch_build_2021-11-10_08-09-16/avx2/python3.9/pytorch/aten/src/ATen/native/cuda/Loss.cu:104: operator(): block: [46,0,0], thread: [15,0,0] Assertion `input_val >= zero && input_val <= one` failed.
/tmp/coulombc/pytorch_build_2021-11-10_08-09-16/avx2/python3.9/pytorch/aten/src/ATen/native/cuda/Loss.cu:104: operator(): block: [46,0,0], thread: [16,0,0] Assertion `input_val >= zero && input_val <= one` failed.
/tmp/coulombc/pytorch_build_2021-11-10_08-09-16/avx2/python3.9/pytorch/aten/src/ATen/native/cuda/Loss.cu:104: operator(): block: [46,0,0], thread: [17,0,0] Assertion `input_val >= zero && input_val <= one` failed.
/tmp/coulombc/pytorch_build_2021-11-10_08-09-16/avx2/python3.9/pytorch/aten/src/ATen/native/cuda/Loss.cu:104: operator(): block: [46,0,0], thread: [18,0,0] Assertion `input_val >= zero && input_val <= one` failed.
/tmp/coulombc/pytorch_build_2021-11-10_08-09-16/avx2/python3.9/pytorch/aten/src/ATen/native/cuda/Loss.cu:104: operator(): block: [46,0,0], thread: [19,0,0] Assertion `input_val >= zero && input_val <= one` failed.
/tmp/coulombc/pytorch_build_2021-11-10_08-09-16/avx2/python3.9/pytorch/aten/src/ATen/native/cuda/Loss.cu:104: operator(): block: [46,0,0], thread: [20,0,0] Assertion `input_val >= zero && input_val <= one` failed.
/tmp/coulombc/pytorch_build_2021-11-10_08-09-16/avx2/python3.9/pytorch/aten/src/ATen/native/cuda/Loss.cu:104: operator(): block: [46,0,0], thread: [21,0,0] Assertion `input_val >= zero && input_val <= one` failed.
/tmp/coulombc/pytorch_build_2021-11-10_08-09-16/avx2/python3.9/pytorch/aten/src/ATen/native/cuda/Loss.cu:104: operator(): block: [46,0,0], thread: [22,0,0] Assertion `input_val >= zero && input_val <= one` failed.
/tmp/coulombc/pytorch_build_2021-11-10_08-09-16/avx2/python3.9/pytorch/aten/src/ATen/native/cuda/Loss.cu:104: operator(): block: [46,0,0], thread: [23,0,0] Assertion `input_val >= zero && input_val <= one` failed.
/tmp/coulombc/pytorch_build_2021-11-10_08-09-16/avx2/python3.9/pytorch/aten/src/ATen/native/cuda/Loss.cu:104: operator(): block: [46,0,0], thread: [24,0,0] Assertion `input_val >= zero && input_val <= one` failed.
/tmp/coulombc/pytorch_build_2021-11-10_08-09-16/avx2/python3.9/pytorch/aten/src/ATen/native/cuda/Loss.cu:104: operator(): block: [46,0,0], thread: [25,0,0] Assertion `input_val >= zero && input_val <= one` failed.
/tmp/coulombc/pytorch_build_2021-11-10_08-09-16/avx2/python3.9/pytorch/aten/src/ATen/native/cuda/Loss.cu:104: operator(): block: [46,0,0], thread: [26,0,0] Assertion `input_val >= zero && input_val <= one` failed.
/tmp/coulombc/pytorch_build_2021-11-10_08-09-16/avx2/python3.9/pytorch/aten/src/ATen/native/cuda/Loss.cu:104: operator(): block: [46,0,0], thread: [27,0,0] Assertion `input_val >= zero && input_val <= one` failed.
/tmp/coulombc/pytorch_build_2021-11-10_08-09-16/avx2/python3.9/pytorch/aten/src/ATen/native/cuda/Loss.cu:104: operator(): block: [46,0,0], thread: [28,0,0] Assertion `input_val >= zero && input_val <= one` failed.
/tmp/coulombc/pytorch_build_2021-11-10_08-09-16/avx2/python3.9/pytorch/aten/src/ATen/native/cuda/Loss.cu:104: operator(): block: [46,0,0], thread: [29,0,0] Assertion `input_val >= zero && input_val <= one` failed.
/tmp/coulombc/pytorch_build_2021-11-10_08-09-16/avx2/python3.9/pytorch/aten/src/ATen/native/cuda/Loss.cu:104: operator(): block: [46,0,0], thread: [30,0,0] Assertion `input_val >= zero && input_val <= one` failed.
/tmp/coulombc/pytorch_build_2021-11-10_08-09-16/avx2/python3.9/pytorch/aten/src/ATen/native/cuda/Loss.cu:104: operator(): block: [46,0,0], thread: [31,0,0] Assertion `input_val >= zero && input_val <= one` failed.
/tmp/coulombc/pytorch_build_2021-11-10_08-09-16/avx2/python3.9/pytorch/aten/src/ATen/native/cuda/Loss.cu:104: operator(): block: [51,0,0], thread: [0,0,0] Assertion `input_val >= zero && input_val <= one` failed.
/tmp/coulombc/pytorch_build_2021-11-10_08-09-16/avx2/python3.9/pytorch/aten/src/ATen/native/cuda/Loss.cu:104: operator(): block: [51,0,0], thread: [1,0,0] Assertion `input_val >= zero && input_val <= one` failed.
/tmp/coulombc/pytorch_build_2021-11-10_08-09-16/avx2/python3.9/pytorch/aten/src/ATen/native/cuda/Loss.cu:104: operator(): block: [51,0,0], thread: [2,0,0] Assertion `input_val >= zero && input_val <= one` failed.
/tmp/coulombc/pytorch_build_2021-11-10_08-09-16/avx2/python3.9/pytorch/aten/src/ATen/native/cuda/Loss.cu:104: operator(): block: [51,0,0], thread: [3,0,0] Assertion `input_val >= zero && input_val <= one` failed.
/tmp/coulombc/pytorch_build_2021-11-10_08-09-16/avx2/python3.9/pytorch/aten/src/ATen/native/cuda/Loss.cu:104: operator(): block: [51,0,0], thread: [4,0,0] Assertion `input_val >= zero && input_val <= one` failed.
/tmp/coulombc/pytorch_build_2021-11-10_08-09-16/avx2/python3.9/pytorch/aten/src/ATen/native/cuda/Loss.cu:104: operator(): block: [51,0,0], thread: [5,0,0] Assertion `input_val >= zero && input_val <= one` failed.
/tmp/coulombc/pytorch_build_2021-11-10_08-09-16/avx2/python3.9/pytorch/aten/src/ATen/native/cuda/Loss.cu:104: operator(): block: [51,0,0], thread: [6,0,0] Assertion `input_val >= zero && input_val <= one` failed.
/tmp/coulombc/pytorch_build_2021-11-10_08-09-16/avx2/python3.9/pytorch/aten/src/ATen/native/cuda/Loss.cu:104: operator(): block: [51,0,0], thread: [7,0,0] Assertion `input_val >= zero && input_val <= one` failed.
/tmp/coulombc/pytorch_build_2021-11-10_08-09-16/avx2/python3.9/pytorch/aten/src/ATen/native/cuda/Loss.cu:104: operator(): block: [51,0,0], thread: [8,0,0] Assertion `input_val >= zero && input_val <= one` failed.
/tmp/coulombc/pytorch_build_2021-11-10_08-09-16/avx2/python3.9/pytorch/aten/src/ATen/native/cuda/Loss.cu:104: operator(): block: [51,0,0], thread: [9,0,0] Assertion `input_val >= zero && input_val <= one` failed.
/tmp/coulombc/pytorch_build_2021-11-10_08-09-16/avx2/python3.9/pytorch/aten/src/ATen/native/cuda/Loss.cu:104: operator(): block: [51,0,0], thread: [10,0,0] Assertion `input_val >= zero && input_val <= one` failed.
/tmp/coulombc/pytorch_build_2021-11-10_08-09-16/avx2/python3.9/pytorch/aten/src/ATen/native/cuda/Loss.cu:104: operator(): block: [51,0,0], thread: [11,0,0] Assertion `input_val >= zero && input_val <= one` failed.
/tmp/coulombc/pytorch_build_2021-11-10_08-09-16/avx2/python3.9/pytorch/aten/src/ATen/native/cuda/Loss.cu:104: operator(): block: [51,0,0], thread: [12,0,0] Assertion `input_val >= zero && input_val <= one` failed.
/tmp/coulombc/pytorch_build_2021-11-10_08-09-16/avx2/python3.9/pytorch/aten/src/ATen/native/cuda/Loss.cu:104: operator(): block: [51,0,0], thread: [13,0,0] Assertion `input_val >= zero && input_val <= one` failed.
/tmp/coulombc/pytorch_build_2021-11-10_08-09-16/avx2/python3.9/pytorch/aten/src/ATen/native/cuda/Loss.cu:104: operator(): block: [51,0,0], thread: [14,0,0] Assertion `input_val >= zero && input_val <= one` failed.
/tmp/coulombc/pytorch_build_2021-11-10_08-09-16/avx2/python3.9/pytorch/aten/src/ATen/native/cuda/Loss.cu:104: operator(): block: [51,0,0], thread: [15,0,0] Assertion `input_val >= zero && input_val <= one` failed.
/tmp/coulombc/pytorch_build_2021-11-10_08-09-16/avx2/python3.9/pytorch/aten/src/ATen/native/cuda/Loss.cu:104: operator(): block: [51,0,0], thread: [16,0,0] Assertion `input_val >= zero && input_val <= one` failed.
/tmp/coulombc/pytorch_build_2021-11-10_08-09-16/avx2/python3.9/pytorch/aten/src/ATen/native/cuda/Loss.cu:104: operator(): block: [51,0,0], thread: [17,0,0] Assertion `input_val >= zero && input_val <= one` failed.
/tmp/coulombc/pytorch_build_2021-11-10_08-09-16/avx2/python3.9/pytorch/aten/src/ATen/native/cuda/Loss.cu:104: operator(): block: [51,0,0], thread: [18,0,0] Assertion `input_val >= zero && input_val <= one` failed.
/tmp/coulombc/pytorch_build_2021-11-10_08-09-16/avx2/python3.9/pytorch/aten/src/ATen/native/cuda/Loss.cu:104: operator(): block: [51,0,0], thread: [19,0,0] Assertion `input_val >= zero && input_val <= one` failed.
/tmp/coulombc/pytorch_build_2021-11-10_08-09-16/avx2/python3.9/pytorch/aten/src/ATen/native/cuda/Loss.cu:104: operator(): block: [51,0,0], thread: [20,0,0] Assertion `input_val >= zero && input_val <= one` failed.
/tmp/coulombc/pytorch_build_2021-11-10_08-09-16/avx2/python3.9/pytorch/aten/src/ATen/native/cuda/Loss.cu:104: operator(): block: [51,0,0], thread: [21,0,0] Assertion `input_val >= zero && input_val <= one` failed.
/tmp/coulombc/pytorch_build_2021-11-10_08-09-16/avx2/python3.9/pytorch/aten/src/ATen/native/cuda/Loss.cu:104: operator(): block: [51,0,0], thread: [22,0,0] Assertion `input_val >= zero && input_val <= one` failed.
/tmp/coulombc/pytorch_build_2021-11-10_08-09-16/avx2/python3.9/pytorch/aten/src/ATen/native/cuda/Loss.cu:104: operator(): block: [51,0,0], thread: [23,0,0] Assertion `input_val >= zero && input_val <= one` failed.
/tmp/coulombc/pytorch_build_2021-11-10_08-09-16/avx2/python3.9/pytorch/aten/src/ATen/native/cuda/Loss.cu:104: operator(): block: [51,0,0], thread: [24,0,0] Assertion `input_val >= zero && input_val <= one` failed.
/tmp/coulombc/pytorch_build_2021-11-10_08-09-16/avx2/python3.9/pytorch/aten/src/ATen/native/cuda/Loss.cu:104: operator(): block: [51,0,0], thread: [25,0,0] Assertion `input_val >= zero && input_val <= one` failed.
/tmp/coulombc/pytorch_build_2021-11-10_08-09-16/avx2/python3.9/pytorch/aten/src/ATen/native/cuda/Loss.cu:104: operator(): block: [51,0,0], thread: [26,0,0] Assertion `input_val >= zero && input_val <= one` failed.
/tmp/coulombc/pytorch_build_2021-11-10_08-09-16/avx2/python3.9/pytorch/aten/src/ATen/native/cuda/Loss.cu:104: operator(): block: [51,0,0], thread: [27,0,0] Assertion `input_val >= zero && input_val <= one` failed.
/tmp/coulombc/pytorch_build_2021-11-10_08-09-16/avx2/python3.9/pytorch/aten/src/ATen/native/cuda/Loss.cu:104: operator(): block: [51,0,0], thread: [28,0,0] Assertion `input_val >= zero && input_val <= one` failed.
/tmp/coulombc/pytorch_build_2021-11-10_08-09-16/avx2/python3.9/pytorch/aten/src/ATen/native/cuda/Loss.cu:104: operator(): block: [51,0,0], thread: [29,0,0] Assertion `input_val >= zero && input_val <= one` failed.
/tmp/coulombc/pytorch_build_2021-11-10_08-09-16/avx2/python3.9/pytorch/aten/src/ATen/native/cuda/Loss.cu:104: operator(): block: [51,0,0], thread: [30,0,0] Assertion `input_val >= zero && input_val <= one` failed.
/tmp/coulombc/pytorch_build_2021-11-10_08-09-16/avx2/python3.9/pytorch/aten/src/ATen/native/cuda/Loss.cu:104: operator(): block: [51,0,0], thread: [31,0,0] Assertion `input_val >= zero && input_val <= one` failed.
/tmp/coulombc/pytorch_build_2021-11-10_08-09-16/avx2/python3.9/pytorch/aten/src/ATen/native/cuda/Loss.cu:104: operator(): block: [51,0,0], thread: [32,0,0] Assertion `input_val >= zero && input_val <= one` failed.
/tmp/coulombc/pytorch_build_2021-11-10_08-09-16/avx2/python3.9/pytorch/aten/src/ATen/native/cuda/Loss.cu:104: operator(): block: [51,0,0], thread: [33,0,0] Assertion `input_val >= zero && input_val <= one` failed.
/tmp/coulombc/pytorch_build_2021-11-10_08-09-16/avx2/python3.9/pytorch/aten/src/ATen/native/cuda/Loss.cu:104: operator(): block: [51,0,0], thread: [34,0,0] Assertion `input_val >= zero && input_val <= one` failed.
/tmp/coulombc/pytorch_build_2021-11-10_08-09-16/avx2/python3.9/pytorch/aten/src/ATen/native/cuda/Loss.cu:104: operator(): block: [51,0,0], thread: [35,0,0] Assertion `input_val >= zero && input_val <= one` failed.
/tmp/coulombc/pytorch_build_2021-11-10_08-09-16/avx2/python3.9/pytorch/aten/src/ATen/native/cuda/Loss.cu:104: operator(): block: [51,0,0], thread: [36,0,0] Assertion `input_val >= zero && input_val <= one` failed.
/tmp/coulombc/pytorch_build_2021-11-10_08-09-16/avx2/python3.9/pytorch/aten/src/ATen/native/cuda/Loss.cu:104: operator(): block: [51,0,0], thread: [37,0,0] Assertion `input_val >= zero && input_val <= one` failed.
/tmp/coulombc/pytorch_build_2021-11-10_08-09-16/avx2/python3.9/pytorch/aten/src/ATen/native/cuda/Loss.cu:104: operator(): block: [51,0,0], thread: [38,0,0] Assertion `input_val >= zero && input_val <= one` failed.
/tmp/coulombc/pytorch_build_2021-11-10_08-09-16/avx2/python3.9/pytorch/aten/src/ATen/native/cuda/Loss.cu:104: operator(): block: [51,0,0], thread: [39,0,0] Assertion `input_val >= zero && input_val <= one` failed.
/tmp/coulombc/pytorch_build_2021-11-10_08-09-16/avx2/python3.9/pytorch/aten/src/ATen/native/cuda/Loss.cu:104: operator(): block: [51,0,0], thread: [40,0,0] Assertion `input_val >= zero && input_val <= one` failed.
/tmp/coulombc/pytorch_build_2021-11-10_08-09-16/avx2/python3.9/pytorch/aten/src/ATen/native/cuda/Loss.cu:104: operator(): block: [51,0,0], thread: [41,0,0] Assertion `input_val >= zero && input_val <= one` failed.
/tmp/coulombc/pytorch_build_2021-11-10_08-09-16/avx2/python3.9/pytorch/aten/src/ATen/native/cuda/Loss.cu:104: operator(): block: [51,0,0], thread: [42,0,0] Assertion `input_val >= zero && input_val <= one` failed.
/tmp/coulombc/pytorch_build_2021-11-10_08-09-16/avx2/python3.9/pytorch/aten/src/ATen/native/cuda/Loss.cu:104: operator(): block: [51,0,0], thread: [43,0,0] Assertion `input_val >= zero && input_val <= one` failed.
/tmp/coulombc/pytorch_build_2021-11-10_08-09-16/avx2/python3.9/pytorch/aten/src/ATen/native/cuda/Loss.cu:104: operator(): block: [51,0,0], thread: [44,0,0] Assertion `input_val >= zero && input_val <= one` failed.
/tmp/coulombc/pytorch_build_2021-11-10_08-09-16/avx2/python3.9/pytorch/aten/src/ATen/native/cuda/Loss.cu:104: operator(): block: [51,0,0], thread: [45,0,0] Assertion `input_val >= zero && input_val <= one` failed.
/tmp/coulombc/pytorch_build_2021-11-10_08-09-16/avx2/python3.9/pytorch/aten/src/ATen/native/cuda/Loss.cu:104: operator(): block: [51,0,0], thread: [46,0,0] Assertion `input_val >= zero && input_val <= one` failed.
/tmp/coulombc/pytorch_build_2021-11-10_08-09-16/avx2/python3.9/pytorch/aten/src/ATen/native/cuda/Loss.cu:104: operator(): block: [51,0,0], thread: [47,0,0] Assertion `input_val >= zero && input_val <= one` failed.
/tmp/coulombc/pytorch_build_2021-11-10_08-09-16/avx2/python3.9/pytorch/aten/src/ATen/native/cuda/Loss.cu:104: operator(): block: [51,0,0], thread: [48,0,0] Assertion `input_val >= zero && input_val <= one` failed.
/tmp/coulombc/pytorch_build_2021-11-10_08-09-16/avx2/python3.9/pytorch/aten/src/ATen/native/cuda/Loss.cu:104: operator(): block: [51,0,0], thread: [49,0,0] Assertion `input_val >= zero && input_val <= one` failed.
/tmp/coulombc/pytorch_build_2021-11-10_08-09-16/avx2/python3.9/pytorch/aten/src/ATen/native/cuda/Loss.cu:104: operator(): block: [51,0,0], thread: [50,0,0] Assertion `input_val >= zero && input_val <= one` failed.
/tmp/coulombc/pytorch_build_2021-11-10_08-09-16/avx2/python3.9/pytorch/aten/src/ATen/native/cuda/Loss.cu:104: operator(): block: [51,0,0], thread: [51,0,0] Assertion `input_val >= zero && input_val <= one` failed.
/tmp/coulombc/pytorch_build_2021-11-10_08-09-16/avx2/python3.9/pytorch/aten/src/ATen/native/cuda/Loss.cu:104: operator(): block: [51,0,0], thread: [52,0,0] Assertion `input_val >= zero && input_val <= one` failed.
/tmp/coulombc/pytorch_build_2021-11-10_08-09-16/avx2/python3.9/pytorch/aten/src/ATen/native/cuda/Loss.cu:104: operator(): block: [51,0,0], thread: [53,0,0] Assertion `input_val >= zero && input_val <= one` failed.
/tmp/coulombc/pytorch_build_2021-11-10_08-09-16/avx2/python3.9/pytorch/aten/src/ATen/native/cuda/Loss.cu:104: operator(): block: [51,0,0], thread: [54,0,0] Assertion `input_val >= zero && input_val <= one` failed.
/tmp/coulombc/pytorch_build_2021-11-10_08-09-16/avx2/python3.9/pytorch/aten/src/ATen/native/cuda/Loss.cu:104: operator(): block: [51,0,0], thread: [55,0,0] Assertion `input_val >= zero && input_val <= one` failed.
/tmp/coulombc/pytorch_build_2021-11-10_08-09-16/avx2/python3.9/pytorch/aten/src/ATen/native/cuda/Loss.cu:104: operator(): block: [51,0,0], thread: [56,0,0] Assertion `input_val >= zero && input_val <= one` failed.
/tmp/coulombc/pytorch_build_2021-11-10_08-09-16/avx2/python3.9/pytorch/aten/src/ATen/native/cuda/Loss.cu:104: operator(): block: [51,0,0], thread: [57,0,0] Assertion `input_val >= zero && input_val <= one` failed.
/tmp/coulombc/pytorch_build_2021-11-10_08-09-16/avx2/python3.9/pytorch/aten/src/ATen/native/cuda/Loss.cu:104: operator(): block: [51,0,0], thread: [58,0,0] Assertion `input_val >= zero && input_val <= one` failed.
/tmp/coulombc/pytorch_build_2021-11-10_08-09-16/avx2/python3.9/pytorch/aten/src/ATen/native/cuda/Loss.cu:104: operator(): block: [51,0,0], thread: [59,0,0] Assertion `input_val >= zero && input_val <= one` failed.
/tmp/coulombc/pytorch_build_2021-11-10_08-09-16/avx2/python3.9/pytorch/aten/src/ATen/native/cuda/Loss.cu:104: operator(): block: [51,0,0], thread: [60,0,0] Assertion `input_val >= zero && input_val <= one` failed.
/tmp/coulombc/pytorch_build_2021-11-10_08-09-16/avx2/python3.9/pytorch/aten/src/ATen/native/cuda/Loss.cu:104: operator(): block: [51,0,0], thread: [61,0,0] Assertion `input_val >= zero && input_val <= one` failed.
/tmp/coulombc/pytorch_build_2021-11-10_08-09-16/avx2/python3.9/pytorch/aten/src/ATen/native/cuda/Loss.cu:104: operator(): block: [51,0,0], thread: [62,0,0] Assertion `input_val >= zero && input_val <= one` failed.
/tmp/coulombc/pytorch_build_2021-11-10_08-09-16/avx2/python3.9/pytorch/aten/src/ATen/native/cuda/Loss.cu:104: operator(): block: [51,0,0], thread: [63,0,0] Assertion `input_val >= zero && input_val <= one` failed.
/tmp/coulombc/pytorch_build_2021-11-10_08-09-16/avx2/python3.9/pytorch/aten/src/ATen/native/cuda/Loss.cu:104: operator(): block: [46,0,0], thread: [32,0,0] Assertion `input_val >= zero && input_val <= one` failed.
/tmp/coulombc/pytorch_build_2021-11-10_08-09-16/avx2/python3.9/pytorch/aten/src/ATen/native/cuda/Loss.cu:104: operator(): block: [46,0,0], thread: [33,0,0] Assertion `input_val >= zero && input_val <= one` failed.
/tmp/coulombc/pytorch_build_2021-11-10_08-09-16/avx2/python3.9/pytorch/aten/src/ATen/native/cuda/Loss.cu:104: operator(): block: [46,0,0], thread: [34,0,0] Assertion `input_val >= zero && input_val <= one` failed.
/tmp/coulombc/pytorch_build_2021-11-10_08-09-16/avx2/python3.9/pytorch/aten/src/ATen/native/cuda/Loss.cu:104: operator(): block: [46,0,0], thread: [35,0,0] Assertion `input_val >= zero && input_val <= one` failed.
/tmp/coulombc/pytorch_build_2021-11-10_08-09-16/avx2/python3.9/pytorch/aten/src/ATen/native/cuda/Loss.cu:104: operator(): block: [46,0,0], thread: [36,0,0] Assertion `input_val >= zero && input_val <= one` failed.
/tmp/coulombc/pytorch_build_2021-11-10_08-09-16/avx2/python3.9/pytorch/aten/src/ATen/native/cuda/Loss.cu:104: operator(): block: [46,0,0], thread: [37,0,0] Assertion `input_val >= zero && input_val <= one` failed.
/tmp/coulombc/pytorch_build_2021-11-10_08-09-16/avx2/python3.9/pytorch/aten/src/ATen/native/cuda/Loss.cu:104: operator(): block: [46,0,0], thread: [38,0,0] Assertion `input_val >= zero && input_val <= one` failed.
/tmp/coulombc/pytorch_build_2021-11-10_08-09-16/avx2/python3.9/pytorch/aten/src/ATen/native/cuda/Loss.cu:104: operator(): block: [46,0,0], thread: [39,0,0] Assertion `input_val >= zero && input_val <= one` failed.
/tmp/coulombc/pytorch_build_2021-11-10_08-09-16/avx2/python3.9/pytorch/aten/src/ATen/native/cuda/Loss.cu:104: operator(): block: [46,0,0], thread: [40,0,0] Assertion `input_val >= zero && input_val <= one` failed.
/tmp/coulombc/pytorch_build_2021-11-10_08-09-16/avx2/python3.9/pytorch/aten/src/ATen/native/cuda/Loss.cu:104: operator(): block: [46,0,0], thread: [41,0,0] Assertion `input_val >= zero && input_val <= one` failed.
/tmp/coulombc/pytorch_build_2021-11-10_08-09-16/avx2/python3.9/pytorch/aten/src/ATen/native/cuda/Loss.cu:104: operator(): block: [46,0,0], thread: [42,0,0] Assertion `input_val >= zero && input_val <= one` failed.
/tmp/coulombc/pytorch_build_2021-11-10_08-09-16/avx2/python3.9/pytorch/aten/src/ATen/native/cuda/Loss.cu:104: operator(): block: [46,0,0], thread: [43,0,0] Assertion `input_val >= zero && input_val <= one` failed.
/tmp/coulombc/pytorch_build_2021-11-10_08-09-16/avx2/python3.9/pytorch/aten/src/ATen/native/cuda/Loss.cu:104: operator(): block: [46,0,0], thread: [44,0,0] Assertion `input_val >= zero && input_val <= one` failed.
/tmp/coulombc/pytorch_build_2021-11-10_08-09-16/avx2/python3.9/pytorch/aten/src/ATen/native/cuda/Loss.cu:104: operator(): block: [46,0,0], thread: [45,0,0] Assertion `input_val >= zero && input_val <= one` failed.
/tmp/coulombc/pytorch_build_2021-11-10_08-09-16/avx2/python3.9/pytorch/aten/src/ATen/native/cuda/Loss.cu:104: operator(): block: [46,0,0], thread: [46,0,0] Assertion `input_val >= zero && input_val <= one` failed.
/tmp/coulombc/pytorch_build_2021-11-10_08-09-16/avx2/python3.9/pytorch/aten/src/ATen/native/cuda/Loss.cu:104: operator(): block: [46,0,0], thread: [47,0,0] Assertion `input_val >= zero && input_val <= one` failed.
/tmp/coulombc/pytorch_build_2021-11-10_08-09-16/avx2/python3.9/pytorch/aten/src/ATen/native/cuda/Loss.cu:104: operator(): block: [46,0,0], thread: [48,0,0] Assertion `input_val >= zero && input_val <= one` failed.
/tmp/coulombc/pytorch_build_2021-11-10_08-09-16/avx2/python3.9/pytorch/aten/src/ATen/native/cuda/Loss.cu:104: operator(): block: [46,0,0], thread: [49,0,0] Assertion `input_val >= zero && input_val <= one` failed.
/tmp/coulombc/pytorch_build_2021-11-10_08-09-16/avx2/python3.9/pytorch/aten/src/ATen/native/cuda/Loss.cu:104: operator(): block: [46,0,0], thread: [50,0,0] Assertion `input_val >= zero && input_val <= one` failed.
/tmp/coulombc/pytorch_build_2021-11-10_08-09-16/avx2/python3.9/pytorch/aten/src/ATen/native/cuda/Loss.cu:104: operator(): block: [46,0,0], thread: [51,0,0] Assertion `input_val >= zero && input_val <= one` failed.
/tmp/coulombc/pytorch_build_2021-11-10_08-09-16/avx2/python3.9/pytorch/aten/src/ATen/native/cuda/Loss.cu:104: operator(): block: [46,0,0], thread: [52,0,0] Assertion `input_val >= zero && input_val <= one` failed.
/tmp/coulombc/pytorch_build_2021-11-10_08-09-16/avx2/python3.9/pytorch/aten/src/ATen/native/cuda/Loss.cu:104: operator(): block: [46,0,0], thread: [53,0,0] Assertion `input_val >= zero && input_val <= one` failed.
/tmp/coulombc/pytorch_build_2021-11-10_08-09-16/avx2/python3.9/pytorch/aten/src/ATen/native/cuda/Loss.cu:104: operator(): block: [46,0,0], thread: [54,0,0] Assertion `input_val >= zero && input_val <= one` failed.
/tmp/coulombc/pytorch_build_2021-11-10_08-09-16/avx2/python3.9/pytorch/aten/src/ATen/native/cuda/Loss.cu:104: operator(): block: [46,0,0], thread: [55,0,0] Assertion `input_val >= zero && input_val <= one` failed.
/tmp/coulombc/pytorch_build_2021-11-10_08-09-16/avx2/python3.9/pytorch/aten/src/ATen/native/cuda/Loss.cu:104: operator(): block: [46,0,0], thread: [56,0,0] Assertion `input_val >= zero && input_val <= one` failed.
/tmp/coulombc/pytorch_build_2021-11-10_08-09-16/avx2/python3.9/pytorch/aten/src/ATen/native/cuda/Loss.cu:104: operator(): block: [46,0,0], thread: [57,0,0] Assertion `input_val >= zero && input_val <= one` failed.
/tmp/coulombc/pytorch_build_2021-11-10_08-09-16/avx2/python3.9/pytorch/aten/src/ATen/native/cuda/Loss.cu:104: operator(): block: [46,0,0], thread: [58,0,0] Assertion `input_val >= zero && input_val <= one` failed.
/tmp/coulombc/pytorch_build_2021-11-10_08-09-16/avx2/python3.9/pytorch/aten/src/ATen/native/cuda/Loss.cu:104: operator(): block: [46,0,0], thread: [59,0,0] Assertion `input_val >= zero && input_val <= one` failed.
/tmp/coulombc/pytorch_build_2021-11-10_08-09-16/avx2/python3.9/pytorch/aten/src/ATen/native/cuda/Loss.cu:104: operator(): block: [46,0,0], thread: [60,0,0] Assertion `input_val >= zero && input_val <= one` failed.
/tmp/coulombc/pytorch_build_2021-11-10_08-09-16/avx2/python3.9/pytorch/aten/src/ATen/native/cuda/Loss.cu:104: operator(): block: [46,0,0], thread: [61,0,0] Assertion `input_val >= zero && input_val <= one` failed.
/tmp/coulombc/pytorch_build_2021-11-10_08-09-16/avx2/python3.9/pytorch/aten/src/ATen/native/cuda/Loss.cu:104: operator(): block: [46,0,0], thread: [62,0,0] Assertion `input_val >= zero && input_val <= one` failed.
/tmp/coulombc/pytorch_build_2021-11-10_08-09-16/avx2/python3.9/pytorch/aten/src/ATen/native/cuda/Loss.cu:104: operator(): block: [46,0,0], thread: [63,0,0] Assertion `input_val >= zero && input_val <= one` failed.
/tmp/coulombc/pytorch_build_2021-11-10_08-09-16/avx2/python3.9/pytorch/aten/src/ATen/native/cuda/Loss.cu:104: operator(): block: [40,0,0], thread: [0,0,0] Assertion `input_val >= zero && input_val <= one` failed.
/tmp/coulombc/pytorch_build_2021-11-10_08-09-16/avx2/python3.9/pytorch/aten/src/ATen/native/cuda/Loss.cu:104: operator(): block: [40,0,0], thread: [1,0,0] Assertion `input_val >= zero && input_val <= one` failed.
/tmp/coulombc/pytorch_build_2021-11-10_08-09-16/avx2/python3.9/pytorch/aten/src/ATen/native/cuda/Loss.cu:104: operator(): block: [40,0,0], thread: [2,0,0] Assertion `input_val >= zero && input_val <= one` failed.
/tmp/coulombc/pytorch_build_2021-11-10_08-09-16/avx2/python3.9/pytorch/aten/src/ATen/native/cuda/Loss.cu:104: operator(): block: [40,0,0], thread: [3,0,0] Assertion `input_val >= zero && input_val <= one` failed.
/tmp/coulombc/pytorch_build_2021-11-10_08-09-16/avx2/python3.9/pytorch/aten/src/ATen/native/cuda/Loss.cu:104: operator(): block: [40,0,0], thread: [4,0,0] Assertion `input_val >= zero && input_val <= one` failed.
/tmp/coulombc/pytorch_build_2021-11-10_08-09-16/avx2/python3.9/pytorch/aten/src/ATen/native/cuda/Loss.cu:104: operator(): block: [40,0,0], thread: [5,0,0] Assertion `input_val >= zero && input_val <= one` failed.
/tmp/coulombc/pytorch_build_2021-11-10_08-09-16/avx2/python3.9/pytorch/aten/src/ATen/native/cuda/Loss.cu:104: operator(): block: [40,0,0], thread: [6,0,0] Assertion `input_val >= zero && input_val <= one` failed.
/tmp/coulombc/pytorch_build_2021-11-10_08-09-16/avx2/python3.9/pytorch/aten/src/ATen/native/cuda/Loss.cu:104: operator(): block: [40,0,0], thread: [7,0,0] Assertion `input_val >= zero && input_val <= one` failed.
/tmp/coulombc/pytorch_build_2021-11-10_08-09-16/avx2/python3.9/pytorch/aten/src/ATen/native/cuda/Loss.cu:104: operator(): block: [40,0,0], thread: [8,0,0] Assertion `input_val >= zero && input_val <= one` failed.
/tmp/coulombc/pytorch_build_2021-11-10_08-09-16/avx2/python3.9/pytorch/aten/src/ATen/native/cuda/Loss.cu:104: operator(): block: [40,0,0], thread: [9,0,0] Assertion `input_val >= zero && input_val <= one` failed.
/tmp/coulombc/pytorch_build_2021-11-10_08-09-16/avx2/python3.9/pytorch/aten/src/ATen/native/cuda/Loss.cu:104: operator(): block: [40,0,0], thread: [10,0,0] Assertion `input_val >= zero && input_val <= one` failed.
/tmp/coulombc/pytorch_build_2021-11-10_08-09-16/avx2/python3.9/pytorch/aten/src/ATen/native/cuda/Loss.cu:104: operator(): block: [40,0,0], thread: [11,0,0] Assertion `input_val >= zero && input_val <= one` failed.
/tmp/coulombc/pytorch_build_2021-11-10_08-09-16/avx2/python3.9/pytorch/aten/src/ATen/native/cuda/Loss.cu:104: operator(): block: [40,0,0], thread: [12,0,0] Assertion `input_val >= zero && input_val <= one` failed.
/tmp/coulombc/pytorch_build_2021-11-10_08-09-16/avx2/python3.9/pytorch/aten/src/ATen/native/cuda/Loss.cu:104: operator(): block: [40,0,0], thread: [13,0,0] Assertion `input_val >= zero && input_val <= one` failed.
/tmp/coulombc/pytorch_build_2021-11-10_08-09-16/avx2/python3.9/pytorch/aten/src/ATen/native/cuda/Loss.cu:104: operator(): block: [40,0,0], thread: [14,0,0] Assertion `input_val >= zero && input_val <= one` failed.
/tmp/coulombc/pytorch_build_2021-11-10_08-09-16/avx2/python3.9/pytorch/aten/src/ATen/native/cuda/Loss.cu:104: operator(): block: [40,0,0], thread: [15,0,0] Assertion `input_val >= zero && input_val <= one` failed.
/tmp/coulombc/pytorch_build_2021-11-10_08-09-16/avx2/python3.9/pytorch/aten/src/ATen/native/cuda/Loss.cu:104: operator(): block: [40,0,0], thread: [16,0,0] Assertion `input_val >= zero && input_val <= one` failed.
/tmp/coulombc/pytorch_build_2021-11-10_08-09-16/avx2/python3.9/pytorch/aten/src/ATen/native/cuda/Loss.cu:104: operator(): block: [40,0,0], thread: [17,0,0] Assertion `input_val >= zero && input_val <= one` failed.
/tmp/coulombc/pytorch_build_2021-11-10_08-09-16/avx2/python3.9/pytorch/aten/src/ATen/native/cuda/Loss.cu:104: operator(): block: [40,0,0], thread: [18,0,0] Assertion `input_val >= zero && input_val <= one` failed.
/tmp/coulombc/pytorch_build_2021-11-10_08-09-16/avx2/python3.9/pytorch/aten/src/ATen/native/cuda/Loss.cu:104: operator(): block: [40,0,0], thread: [19,0,0] Assertion `input_val >= zero && input_val <= one` failed.
/tmp/coulombc/pytorch_build_2021-11-10_08-09-16/avx2/python3.9/pytorch/aten/src/ATen/native/cuda/Loss.cu:104: operator(): block: [40,0,0], thread: [20,0,0] Assertion `input_val >= zero && input_val <= one` failed.
/tmp/coulombc/pytorch_build_2021-11-10_08-09-16/avx2/python3.9/pytorch/aten/src/ATen/native/cuda/Loss.cu:104: operator(): block: [40,0,0], thread: [21,0,0] Assertion `input_val >= zero && input_val <= one` failed.
/tmp/coulombc/pytorch_build_2021-11-10_08-09-16/avx2/python3.9/pytorch/aten/src/ATen/native/cuda/Loss.cu:104: operator(): block: [40,0,0], thread: [22,0,0] Assertion `input_val >= zero && input_val <= one` failed.
/tmp/coulombc/pytorch_build_2021-11-10_08-09-16/avx2/python3.9/pytorch/aten/src/ATen/native/cuda/Loss.cu:104: operator(): block: [40,0,0], thread: [23,0,0] Assertion `input_val >= zero && input_val <= one` failed.
/tmp/coulombc/pytorch_build_2021-11-10_08-09-16/avx2/python3.9/pytorch/aten/src/ATen/native/cuda/Loss.cu:104: operator(): block: [40,0,0], thread: [24,0,0] Assertion `input_val >= zero && input_val <= one` failed.
/tmp/coulombc/pytorch_build_2021-11-10_08-09-16/avx2/python3.9/pytorch/aten/src/ATen/native/cuda/Loss.cu:104: operator(): block: [40,0,0], thread: [25,0,0] Assertion `input_val >= zero && input_val <= one` failed.
/tmp/coulombc/pytorch_build_2021-11-10_08-09-16/avx2/python3.9/pytorch/aten/src/ATen/native/cuda/Loss.cu:104: operator(): block: [40,0,0], thread: [26,0,0] Assertion `input_val >= zero && input_val <= one` failed.
/tmp/coulombc/pytorch_build_2021-11-10_08-09-16/avx2/python3.9/pytorch/aten/src/ATen/native/cuda/Loss.cu:104: operator(): block: [40,0,0], thread: [27,0,0] Assertion `input_val >= zero && input_val <= one` failed.
/tmp/coulombc/pytorch_build_2021-11-10_08-09-16/avx2/python3.9/pytorch/aten/src/ATen/native/cuda/Loss.cu:104: operator(): block: [40,0,0], thread: [28,0,0] Assertion `input_val >= zero && input_val <= one` failed.
/tmp/coulombc/pytorch_build_2021-11-10_08-09-16/avx2/python3.9/pytorch/aten/src/ATen/native/cuda/Loss.cu:104: operator(): block: [40,0,0], thread: [29,0,0] Assertion `input_val >= zero && input_val <= one` failed.
/tmp/coulombc/pytorch_build_2021-11-10_08-09-16/avx2/python3.9/pytorch/aten/src/ATen/native/cuda/Loss.cu:104: operator(): block: [40,0,0], thread: [30,0,0] Assertion `input_val >= zero && input_val <= one` failed.
/tmp/coulombc/pytorch_build_2021-11-10_08-09-16/avx2/python3.9/pytorch/aten/src/ATen/native/cuda/Loss.cu:104: operator(): block: [40,0,0], thread: [31,0,0] Assertion `input_val >= zero && input_val <= one` failed.
/tmp/coulombc/pytorch_build_2021-11-10_08-09-16/avx2/python3.9/pytorch/aten/src/ATen/native/cuda/Loss.cu:104: operator(): block: [40,0,0], thread: [32,0,0] Assertion `input_val >= zero && input_val <= one` failed.
/tmp/coulombc/pytorch_build_2021-11-10_08-09-16/avx2/python3.9/pytorch/aten/src/ATen/native/cuda/Loss.cu:104: operator(): block: [40,0,0], thread: [33,0,0] Assertion `input_val >= zero && input_val <= one` failed.
/tmp/coulombc/pytorch_build_2021-11-10_08-09-16/avx2/python3.9/pytorch/aten/src/ATen/native/cuda/Loss.cu:104: operator(): block: [40,0,0], thread: [34,0,0] Assertion `input_val >= zero && input_val <= one` failed.
/tmp/coulombc/pytorch_build_2021-11-10_08-09-16/avx2/python3.9/pytorch/aten/src/ATen/native/cuda/Loss.cu:104: operator(): block: [40,0,0], thread: [35,0,0] Assertion `input_val >= zero && input_val <= one` failed.
/tmp/coulombc/pytorch_build_2021-11-10_08-09-16/avx2/python3.9/pytorch/aten/src/ATen/native/cuda/Loss.cu:104: operator(): block: [40,0,0], thread: [36,0,0] Assertion `input_val >= zero && input_val <= one` failed.
/tmp/coulombc/pytorch_build_2021-11-10_08-09-16/avx2/python3.9/pytorch/aten/src/ATen/native/cuda/Loss.cu:104: operator(): block: [40,0,0], thread: [37,0,0] Assertion `input_val >= zero && input_val <= one` failed.
/tmp/coulombc/pytorch_build_2021-11-10_08-09-16/avx2/python3.9/pytorch/aten/src/ATen/native/cuda/Loss.cu:104: operator(): block: [40,0,0], thread: [38,0,0] Assertion `input_val >= zero && input_val <= one` failed.
/tmp/coulombc/pytorch_build_2021-11-10_08-09-16/avx2/python3.9/pytorch/aten/src/ATen/native/cuda/Loss.cu:104: operator(): block: [40,0,0], thread: [39,0,0] Assertion `input_val >= zero && input_val <= one` failed.
/tmp/coulombc/pytorch_build_2021-11-10_08-09-16/avx2/python3.9/pytorch/aten/src/ATen/native/cuda/Loss.cu:104: operator(): block: [40,0,0], thread: [40,0,0] Assertion `input_val >= zero && input_val <= one` failed.
/tmp/coulombc/pytorch_build_2021-11-10_08-09-16/avx2/python3.9/pytorch/aten/src/ATen/native/cuda/Loss.cu:104: operator(): block: [40,0,0], thread: [41,0,0] Assertion `input_val >= zero && input_val <= one` failed.
/tmp/coulombc/pytorch_build_2021-11-10_08-09-16/avx2/python3.9/pytorch/aten/src/ATen/native/cuda/Loss.cu:104: operator(): block: [40,0,0], thread: [42,0,0] Assertion `input_val >= zero && input_val <= one` failed.
/tmp/coulombc/pytorch_build_2021-11-10_08-09-16/avx2/python3.9/pytorch/aten/src/ATen/native/cuda/Loss.cu:104: operator(): block: [40,0,0], thread: [43,0,0] Assertion `input_val >= zero && input_val <= one` failed.
/tmp/coulombc/pytorch_build_2021-11-10_08-09-16/avx2/python3.9/pytorch/aten/src/ATen/native/cuda/Loss.cu:104: operator(): block: [40,0,0], thread: [44,0,0] Assertion `input_val >= zero && input_val <= one` failed.
/tmp/coulombc/pytorch_build_2021-11-10_08-09-16/avx2/python3.9/pytorch/aten/src/ATen/native/cuda/Loss.cu:104: operator(): block: [40,0,0], thread: [45,0,0] Assertion `input_val >= zero && input_val <= one` failed.
/tmp/coulombc/pytorch_build_2021-11-10_08-09-16/avx2/python3.9/pytorch/aten/src/ATen/native/cuda/Loss.cu:104: operator(): block: [40,0,0], thread: [46,0,0] Assertion `input_val >= zero && input_val <= one` failed.
/tmp/coulombc/pytorch_build_2021-11-10_08-09-16/avx2/python3.9/pytorch/aten/src/ATen/native/cuda/Loss.cu:104: operator(): block: [40,0,0], thread: [47,0,0] Assertion `input_val >= zero && input_val <= one` failed.
/tmp/coulombc/pytorch_build_2021-11-10_08-09-16/avx2/python3.9/pytorch/aten/src/ATen/native/cuda/Loss.cu:104: operator(): block: [40,0,0], thread: [48,0,0] Assertion `input_val >= zero && input_val <= one` failed.
/tmp/coulombc/pytorch_build_2021-11-10_08-09-16/avx2/python3.9/pytorch/aten/src/ATen/native/cuda/Loss.cu:104: operator(): block: [40,0,0], thread: [49,0,0] Assertion `input_val >= zero && input_val <= one` failed.
/tmp/coulombc/pytorch_build_2021-11-10_08-09-16/avx2/python3.9/pytorch/aten/src/ATen/native/cuda/Loss.cu:104: operator(): block: [40,0,0], thread: [50,0,0] Assertion `input_val >= zero && input_val <= one` failed.
/tmp/coulombc/pytorch_build_2021-11-10_08-09-16/avx2/python3.9/pytorch/aten/src/ATen/native/cuda/Loss.cu:104: operator(): block: [40,0,0], thread: [51,0,0] Assertion `input_val >= zero && input_val <= one` failed.
/tmp/coulombc/pytorch_build_2021-11-10_08-09-16/avx2/python3.9/pytorch/aten/src/ATen/native/cuda/Loss.cu:104: operator(): block: [40,0,0], thread: [52,0,0] Assertion `input_val >= zero && input_val <= one` failed.
/tmp/coulombc/pytorch_build_2021-11-10_08-09-16/avx2/python3.9/pytorch/aten/src/ATen/native/cuda/Loss.cu:104: operator(): block: [40,0,0], thread: [53,0,0] Assertion `input_val >= zero && input_val <= one` failed.
/tmp/coulombc/pytorch_build_2021-11-10_08-09-16/avx2/python3.9/pytorch/aten/src/ATen/native/cuda/Loss.cu:104: operator(): block: [40,0,0], thread: [54,0,0] Assertion `input_val >= zero && input_val <= one` failed.
/tmp/coulombc/pytorch_build_2021-11-10_08-09-16/avx2/python3.9/pytorch/aten/src/ATen/native/cuda/Loss.cu:104: operator(): block: [40,0,0], thread: [55,0,0] Assertion `input_val >= zero && input_val <= one` failed.
/tmp/coulombc/pytorch_build_2021-11-10_08-09-16/avx2/python3.9/pytorch/aten/src/ATen/native/cuda/Loss.cu:104: operator(): block: [40,0,0], thread: [56,0,0] Assertion `input_val >= zero && input_val <= one` failed.
/tmp/coulombc/pytorch_build_2021-11-10_08-09-16/avx2/python3.9/pytorch/aten/src/ATen/native/cuda/Loss.cu:104: operator(): block: [40,0,0], thread: [57,0,0] Assertion `input_val >= zero && input_val <= one` failed.
/tmp/coulombc/pytorch_build_2021-11-10_08-09-16/avx2/python3.9/pytorch/aten/src/ATen/native/cuda/Loss.cu:104: operator(): block: [40,0,0], thread: [58,0,0] Assertion `input_val >= zero && input_val <= one` failed.
/tmp/coulombc/pytorch_build_2021-11-10_08-09-16/avx2/python3.9/pytorch/aten/src/ATen/native/cuda/Loss.cu:104: operator(): block: [40,0,0], thread: [59,0,0] Assertion `input_val >= zero && input_val <= one` failed.
/tmp/coulombc/pytorch_build_2021-11-10_08-09-16/avx2/python3.9/pytorch/aten/src/ATen/native/cuda/Loss.cu:104: operator(): block: [40,0,0], thread: [60,0,0] Assertion `input_val >= zero && input_val <= one` failed.
/tmp/coulombc/pytorch_build_2021-11-10_08-09-16/avx2/python3.9/pytorch/aten/src/ATen/native/cuda/Loss.cu:104: operator(): block: [40,0,0], thread: [61,0,0] Assertion `input_val >= zero && input_val <= one` failed.
/tmp/coulombc/pytorch_build_2021-11-10_08-09-16/avx2/python3.9/pytorch/aten/src/ATen/native/cuda/Loss.cu:104: operator(): block: [40,0,0], thread: [62,0,0] Assertion `input_val >= zero && input_val <= one` failed.
/tmp/coulombc/pytorch_build_2021-11-10_08-09-16/avx2/python3.9/pytorch/aten/src/ATen/native/cuda/Loss.cu:104: operator(): block: [40,0,0], thread: [63,0,0] Assertion `input_val >= zero && input_val <= one` failed.
terminate called after throwing an instance of 'c10::CUDAError'
  what():  CUDA error: an illegal memory access was encountered
CUDA kernel errors might be asynchronously reported at some other API call,so the stacktrace below might be incorrect.
For debugging consider passing CUDA_LAUNCH_BLOCKING=1.
Exception raised from memcpy_and_sync at /tmp/coulombc/pytorch_build_2021-11-10_08-09-16/avx2/python3.9/pytorch/c10/cuda/CUDAFunctions.h:75 (most recent call first):
frame #0: c10::Error::Error(c10::SourceLocation, std::__cxx11::basic_string<char, std::char_traits<char>, std::allocator<char> >) + 0x55 (0x14d4e8d57905 in /scratch/beum/motorVAE/env/lib/python3.9/site-packages/torch/lib/libc10.so)
frame #1: <unknown function> + 0x132fed5 (0x14d4aa9fded5 in /scratch/beum/motorVAE/env/lib/python3.9/site-packages/torch/lib/libtorch_cuda.so)
frame #2: at::native::_local_scalar_dense_cuda(at::Tensor const&) + 0x30 (0x14d4aa9fe5e0 in /scratch/beum/motorVAE/env/lib/python3.9/site-packages/torch/lib/libtorch_cuda.so)
frame #3: <unknown function> + 0x315e7cd (0x14d4ac82c7cd in /scratch/beum/motorVAE/env/lib/python3.9/site-packages/torch/lib/libtorch_cuda.so)
frame #4: <unknown function> + 0x315e82d (0x14d4ac82c82d in /scratch/beum/motorVAE/env/lib/python3.9/site-packages/torch/lib/libtorch_cuda.so)
frame #5: at::_ops::_local_scalar_dense::redispatch(c10::DispatchKeySet, at::Tensor const&) + 0xa5 (0x14d4c7553615 in /scratch/beum/motorVAE/env/lib/python3.9/site-packages/torch/lib/libtorch_cpu.so)

/localscratch/spool/slurmd/job60184885/slurm_script: line 23: 902060 Aborted                 (core dumped) python motorVAE.py
